appid,name,developer,publisher,positive,negative,price,initialprice,discount,ccu,owners_estimate,total_reviews,positive_pct
730,Counter-Strike: Global Offensive,Valve,Valve,7642084,1173003,0.0,0.0,0,1013936,150000000.0,8815087,86.69
1172470,Apex Legends,Respawn,Electronic Arts,668053,326926,0.0,0.0,0,124262,150000000.0,994979,67.14
578080,PUBG: BATTLEGROUNDS,PUBG Corporation,"KRAFTON, Inc.",1520457,1037487,0.0,0.0,0,314682,150000000.0,2557944,59.44
1623730,Palworld,Pocketpair,Pocketpair,358266,22443,29.99,29.99,0,18028,75000000.0,380709,94.1
440,Team Fortress 2,Valve,Valve,1044264,117208,0.0,0.0,0,43819,75000000.0,1161472,89.91
1938090,Call of Duty: Modern Warfare II,"Treyarch, Raven Software, Beenox, High Moon Studios, Activision Shanghai, Sledgehammer Games, Infinity Ward, Demonware, Toys for Bob",Activision,419594,294520,38.49,69.99,45,67419,75000000.0,714114,58.76
1063730,New World: Aeternum,Amazon Games,Amazon Games,196798,90080,59.99,59.99,0,5583,75000000.0,286878,68.6
2358720,Black Myth: Wukong,Game Science,Game Science,1111720,38378,59.99,59.99,0,15004,75000000.0,1150098,96.66
271590,Grand Theft Auto V Legacy,Rockstar North,Rockstar Games,1739980,250576,0.0,0.0,0,67851,75000000.0,1990556,87.41
550,Left 4 Dead 2,Valve,Valve,940221,23762,9.99,9.99,0,25122,75000000.0,963983,97.54
304930,Unturned,Smartly Dressed Games,Smartly Dressed Games,506516,48852,0.0,0.0,0,10408,75000000.0,555368,91.2
1599340,Lost Ark,Smilegate RPG,Amazon Games,143481,58540,0.0,0.0,0,17355,75000000.0,202021,71.02
236390,War Thunder,Gaijin Entertainment,Gaijin Network Ltd,484469,272617,0.0,0.0,0,50478,35000000.0,757086,63.99
2246340,Monster Hunter Wilds,"CAPCOM Co., Ltd.","CAPCOM Co., Ltd.",127273,91142,29.99,39.99,25,12494,35000000.0,218415,58.27
553850,HELLDIVERS 2,Arrowhead Game Studios,PlayStation Publishing LLC,775883,241752,39.99,39.99,0,53399,35000000.0,1017635,76.24
230410,Warframe,Digital Extremes,Digital Extremes,545393,81110,0.0,0.0,0,36195,35000000.0,626503,87.05
1245620,ELDEN RING,"FromSoftware, Inc.","FromSoftware, Inc., Bandai Namco Entertainment",981540,75137,59.99,59.99,0,29529,35000000.0,1056677,92.89
105600,Terraria,Re-Logic,Re-Logic,1373979,35494,9.99,9.99,0,24580,35000000.0,1409473,97.48
2694490,Path of Exile 2,Grinding Gear Games,Grinding Gear Games,118511,50510,29.99,29.99,0,16727,35000000.0,169021,70.12
431960,Wallpaper Engine,Wallpaper Engine Team,Wallpaper Engine Team,876898,17560,4.99,4.99,0,91184,35000000.0,894458,98.04
1086940,Baldur's Gate 3,Larian Studios,Larian Studios,736688,23974,44.99,59.99,25,54771,35000000.0,760662,96.85
291550,Brawlhalla,Blue Mammoth Games,Ubisoft,314809,71647,0.0,0.0,0,14169,35000000.0,386456,81.46
4000,Garry's Mod,Facepunch Studios,Valve,1122546,37161,4.99,9.99,50,18400,35000000.0,1159707,96.8
1085660,Destiny 2,Bungie,Bungie,497891,127725,0.0,0.0,0,24619,35000000.0,625616,79.58
359550,Tom Clancy's Rainbow Six Siege,Ubisoft Montreal,Ubisoft,1172854,225730,19.99,19.99,0,51847,35000000.0,1398584,83.86
252490,Rust,Facepunch Studios,Facepunch Studios,1071135,156649,19.99,39.99,50,143870,35000000.0,1227784,87.24
552990,World of Warships,Wargaming Group Limited,Wargaming Group Limited,112887,33665,0.0,0.0,0,8518,35000000.0,146552,77.03
346110,ARK: Survival Evolved,"Studio Wildcard, Instinct Games, Efecto Studios, Virtual Basement LLC","Studio Wildcard, Snail Games USA",612177,117993,14.99,14.99,0,22170,35000000.0,730170,83.84
413150,Stardew Valley,ConcernedApe,ConcernedApe,872384,13811,14.99,14.99,0,50662,35000000.0,886195,98.44
242760,The Forest,Endnight Games Ltd,Endnight Games Ltd,599805,27986,19.99,19.99,0,2892,35000000.0,627791,95.54
1491000,War Robots: Frontiers,MY.GAMES,MY.GAMES,1977,1105,0.0,0.0,0,256,35000000.0,3082,64.15
238960,Path of Exile,Grinding Gear Games,Grinding Gear Games,209822,25269,0.0,0.0,0,4694,35000000.0,235091,89.25
218620,PAYDAY 2,OVERKILL - a Starbreeze Studio.,Starbreeze Entertainment,594327,68755,9.99,9.99,0,27254,35000000.0,663082,89.63
291480,Warface: Clutch,MY.GAMES,MY.GAMES,54554,27643,0.0,0.0,0,270,35000000.0,82197,66.37
901583,Grand Theft Auto IV: Complete Edition,"Rockstar North, Rockstar Toronto",Rockstar Games,144570,30702,0.0,0.0,0,0,35000000.0,175272,82.48
899770,Last Epoch,Eleventh Hour Games,"Eleventh Hour Games, KRAFTON, Inc",88027,22596,34.99,34.99,0,5831,35000000.0,110623,79.57
340,Half-Life 2: Lost Coast,Valve,Valve,12215,1471,19.99,19.99,0,2,35000000.0,13686,89.25
1091500,Cyberpunk 2077,CD PROJEKT RED,CD PROJEKT RED,713071,131850,59.99,59.99,0,22265,35000000.0,844921,84.39
381210,Dead by Daylight,Behaviour Interactive Inc.,Behaviour Interactive Inc.,630223,166993,19.99,19.99,0,44886,35000000.0,797216,79.05
990080,Hogwarts Legacy,Avalanche Software,Warner Bros. Games,289966,31429,59.99,59.99,0,5716,35000000.0,321395,90.22
438100,VRChat,VRChat Inc.,VRChat Inc.,181623,58732,0.0,0.0,0,34699,35000000.0,240355,75.56
292030,The Witcher 3: Wild Hunt - Complete Edition,CD PROJEKT RED,CD PROJEKT RED,802993,32356,49.99,49.99,0,15893,35000000.0,835349,96.13
945360,Among Us,Innersloth,Innersloth,643681,57104,4.99,4.99,0,3832,35000000.0,700785,91.85
1097150,Fall Guys: Ultimate Knockout,Mediatonic,Ravenscourt,385154,88589,0.0,0.0,0,664,35000000.0,473743,81.3
49520,Borderlands 2,"Gearbox Software, Aspyr (Mac), Aspyr (Linux)","2K, Aspyr (Mac), Aspyr (Linux)",272900,22318,4.99,19.99,75,8551,15000000.0,295218,92.44
227300,Euro Truck Simulator 2,SCS Software,SCS Software,844480,22924,19.99,19.99,0,17281,15000000.0,867404,97.36
892970,Valheim,Iron Gate AB,Coffee Stain Publishing,471451,28377,29.99,29.99,0,14439,15000000.0,499828,94.32
739630,Phasmophobia,Kinetic Games,Kinetic Games,736611,32168,19.99,19.99,0,9978,15000000.0,768779,95.82
444090,Paladins,Evil Mojo Games,Hi-Rez Studios,294373,52031,0.0,0.0,0,1028,15000000.0,346404,84.98
1203220,NARAKA: BLADEPOINT,24 Entertainment,NetEase Games Global,225960,98967,0.0,0.0,0,66954,15000000.0,324927,69.54
320,Half-Life 2: Deathmatch,Valve,Valve,12962,1334,19.99,19.99,0,159,15000000.0,14296,90.67
70,Half-Life,Valve,Valve,143086,5135,9.99,9.99,0,634,15000000.0,148221,96.54
582010,Monster Hunter: World,"CAPCOM Co., Ltd.","CAPCOM Co., Ltd.",434239,59151,7.79,29.99,74,11923,15000000.0,493390,88.01
227940,Heroes & Generals,TLM Partners,TLM Partners,96499,46264,0.0,0.0,0,0,15000000.0,142763,67.59
252950,Rocket League,Psyonix LLC,Psyonix LLC,509445,73775,0.0,0.0,0,21106,15000000.0,583220,87.35
108600,Project Zomboid,The Indie Stone,The Indie Stone,355171,21892,24.99,24.99,0,22864,15000000.0,377063,94.19
1966720,Lethal Company,Zeekerss,Zeekerss,473422,13738,9.99,9.99,0,6199,15000000.0,487160,97.18
1174180,Red Dead Redemption 2,Rockstar Games,Rockstar Games,676667,56875,59.99,59.99,0,29885,15000000.0,733542,92.25
1517290,Battlefield 2042,DICE,Electronic Arts,139186,158588,59.99,59.99,0,2774,15000000.0,297774,46.74
1240440,Halo Infinite,343 Industries,Xbox Game Studios,123333,53708,0.0,0.0,0,2275,15000000.0,177041,69.66
648800,Raft,Redbeet Interactive,Axolot Games,323198,23161,19.99,19.99,0,4701,15000000.0,346359,93.31
386360,SMITE,Titan Forge Games,Hi-Rez Studios,94368,25428,0.0,0.0,0,1853,15000000.0,119796,78.77
444200,World of Tanks Blitz,Wargaming Group Limited,Wargaming Group Limited,116407,31754,0.0,0.0,0,5707,15000000.0,148161,78.57
10,Counter-Strike,Valve,Valve,243818,6427,9.99,9.99,0,7323,15000000.0,250245,97.43
240,Counter-Strike: Source,Valve,Valve,175426,6808,9.99,9.99,0,6187,15000000.0,182234,96.26
3164500,Schedule I,TVGS,TVGS,200803,3238,19.99,19.99,0,22757,15000000.0,204041,98.41
755790,Ring of Elysium,Aurora Studio,TCH Scarlet Limited,74345,25492,0.0,0.0,0,0,15000000.0,99837,74.47
400,Portal,Valve,Valve,175024,2717,9.99,9.99,0,638,15000000.0,177741,98.47
1222670,The Sims 4,Maxis,Electronic Arts,149064,21663,0.0,0.0,0,25276,15000000.0,170727,87.31
550650,Black Squad,"VALOFE, NS STUDIO",VALOFE,62042,19672,0.0,0.0,0,212,15000000.0,81714,75.93
322330,Don't Starve Together,Klei Entertainment,Klei Entertainment,475393,23668,14.99,14.99,0,30542,15000000.0,499061,95.26
239140,Dying Light,Techland,Techland,435687,21945,4.99,24.99,80,4953,15000000.0,457632,95.2
477160,Human Fall Flat,No Brakes Games,Curve Games,202253,11387,5.99,19.99,70,950,15000000.0,213640,94.67
251570,7 Days to Die,The Fun Pimps,The Fun Pimps Entertainment LLC,327889,42157,44.99,44.99,0,17045,15000000.0,370046,88.61
100,Counter-Strike: Condition Zero,Valve,Valve,13442,1535,9.99,9.99,0,83,15000000.0,14977,89.75
1665460,eFootball,KONAMI,KONAMI,44067,48266,0.0,0.0,0,13404,15000000.0,92333,47.73
417910,Street Warriors Online,Crazy Rocks Studios,Crazy Rocks Studios,941,693,1.99,1.99,0,1,15000000.0,1634,57.59
433850,Z1 Battle Royale,Daybreak Game Company,Daybreak Game Company,113729,90284,0.0,0.0,0,1010,15000000.0,204013,55.75
594650,Hunt: Showdown 1896,Crytek,Crytek,181110,67110,11.99,29.99,60,6300,15000000.0,248220,72.96
814380,Sekiro: Shadows Die Twice - GOTY Edition,"FromSoftware, Inc.","Activision (Excluding Japan and Asia), FromSoftware, Inc. (Japan), 方块游戏 (Asia)",307041,15193,59.99,59.99,0,6767,15000000.0,322234,95.29
1116170,CyberCorp,Megame LLC,Megame LLC,266,56,14.99,14.99,0,3,15000000.0,322,82.61
220,Half-Life 2,Valve,Valve,239721,5906,9.99,9.99,0,1555,15000000.0,245627,97.6
107410,Arma 3,Bohemia Interactive,Bohemia Interactive,256128,27136,7.49,29.99,75,7181,15000000.0,283264,90.42
1326470,Sons Of The Forest,Endnight Games Ltd,Newnight ,222495,31051,29.99,29.99,0,4450,15000000.0,253546,87.75
219990,Grim Dawn,Crate Entertainment,Crate Entertainment,93489,6241,24.99,24.99,0,2376,15000000.0,99730,93.74
255710,Cities: Skylines,Colossal Order,Paradox Interactive,256362,19408,29.99,29.99,0,8842,15000000.0,275770,92.96
261550,Mount & Blade II: Bannerlord,TaleWorlds Entertainment,TaleWorlds Entertainment,232360,32031,49.99,49.99,0,14477,15000000.0,264391,87.88
8930,Sid Meier's Civilization V,"Firaxis Games, Aspyr (Mac), Aspyr (Linux)","2K, Aspyr (Mac), Aspyr (Linux)",195724,8541,7.49,29.99,75,12206,15000000.0,204265,95.82
304050,Trove,gamigo US Inc.,gamigo US Inc.,74103,18267,0.0,0.0,0,758,15000000.0,92370,80.22
289070,Sid Meier’s Civilization VI,"Firaxis Games, Aspyr (Mac), Aspyr (Linux)","2K, Aspyr (Mac), Aspyr (Linux)",304053,45867,5.99,59.99,90,25420,15000000.0,349920,86.89
377160,Fallout 4,Bethesda Game Studios,Bethesda Softworks,326054,66233,19.99,19.99,0,11179,15000000.0,392287,83.12
532210,Life is Strange 2,"DONTNOD Entertainment, Feral Interactive (Mac), Feral Interactive (Linux)","Square Enix, Feral Interactive (Mac), Feral Interactive (Linux)",31616,5018,31.96,31.96,0,153,15000000.0,36634,86.3
2186680,"Warhammer 40,000: Rogue Trader",Owlcat Games,Owlcat Games,26360,4445,49.99,49.99,0,3582,15000000.0,30805,85.57
1238810,Battlefield V,DICE,Electronic Arts,177352,72936,4.99,49.99,90,6327,15000000.0,250288,70.86
3241660,R.E.P.O.,semiwork,semiwork,179154,6488,6.49,9.99,35,32349,15000000.0,185642,96.51
221100,DayZ,Bohemia Interactive,Bohemia Interactive,330349,99903,49.99,49.99,0,37066,15000000.0,430252,76.78
526870,Satisfactory,Coffee Stain Studios,Coffee Stain Publishing,225479,6585,39.99,39.99,0,12596,15000000.0,232064,97.16
1089350,NBA 2K20,Visual Concepts,2K,30260,30413,0.0,0.0,0,221,7500000.0,60673,49.87
632360,Risk of Rain 2,Hopoo Games,"Gearbox Publishing, 2K",293127,20450,24.99,24.99,0,7902,7500000.0,313577,93.48
1811260,EA SPORTS FIFA 23,EA Canada &amp; EA Romania,Electronic Arts,86192,65227,0.0,0.0,0,1280,7500000.0,151419,56.92
204360,Castle Crashers,The Behemoth,The Behemoth,120733,4865,1.49,14.99,90,443,7500000.0,125598,96.13
218230,PlanetSide 2,Rogue Planet Games,Daybreak Game Company,59598,14096,0.0,0.0,0,496,7500000.0,73694,80.87
72850,The Elder Scrolls V: Skyrim,Bethesda Game Studios,Bethesda Softworks,300915,16364,19.99,19.99,0,1463,7500000.0,317279,94.84
394360,Hearts of Iron IV,Paradox Development Studio,Paradox Interactive,305168,36982,49.99,49.99,0,32112,7500000.0,342150,89.19
489830,The Elder Scrolls V: Skyrim Special Edition,Bethesda Game Studios,Bethesda Softworks,310162,26896,39.99,39.99,0,25085,7500000.0,337058,92.02
322170,Geometry Dash,RobTop Games,RobTop Games,401026,28895,4.99,4.99,0,27850,7500000.0,429921,93.28
1446780,MONSTER HUNTER RISE,"CAPCOM Co., Ltd.","CAPCOM Co., Ltd.",92564,20108,7.99,39.99,80,3658,7500000.0,112672,82.15
224260,No More Room in Hell,No More Room in Hell Team,Lever Games,66753,7500,0.0,0.0,0,473,7500000.0,74253,89.9
203160,Tomb Raider Game of the Year,"Crystal Dynamics, Eidos-Montréal, Feral Interactive (Mac), Nixxes","Crystal Dynamics, Feral Interactive (Mac)",238239,9691,19.99,19.99,0,556,7500000.0,247930,96.09
275850,No Man's Sky,Hello Games,Hello Games,293332,59526,59.99,59.99,0,12291,7500000.0,352858,83.13
367520,Hollow Knight,Team Cherry,Team Cherry,403641,12305,14.99,14.99,0,4912,7500000.0,415946,97.04
301520,Robocraft,Freejam,Freejam,86240,31815,0.0,0.0,0,3,7500000.0,118055,73.05
767560,War Robots,MY.GAMES,MY.GAMES,15951,10624,0.0,0.0,0,1280,7500000.0,26575,60.02
2050650,Resident Evil 4,"CAPCOM Co., Ltd.","CAPCOM Co., Ltd.",177539,4169,9.99,39.99,75,3748,7500000.0,181708,97.71
466240,Deceit,World Makers,World Makers,73606,19421,0.0,0.0,0,155,7500000.0,93027,79.12
284160,BeamNG.drive,BeamNG,BeamNG,313873,8405,24.99,24.99,0,15863,7500000.0,322278,97.39
278360,A Story About My Uncle,Gone North Games,Coffee Stain Publishing,26479,2437,14.99,14.99,0,8,7500000.0,28916,91.57
264710,Subnautica,Unknown Worlds Entertainment,Unknown Worlds Entertainment,304449,9258,29.99,29.99,0,2719,7500000.0,313707,97.05
80,Counter-Strike: Condition Zero,Valve,Valve,24271,2287,9.99,9.99,0,276,7500000.0,26558,91.39
370910,Kathy Rain,Clifftop Games,Raw Fury,3478,300,9.99,9.99,0,10,7500000.0,3778,92.06
40,Deathmatch Classic,Valve,Valve,2618,545,4.99,4.99,0,7,7500000.0,3163,82.77
275390,Guacamelee! Super Turbo Championship Edition,Drinkbox Studios,"Drinkbox Studios, Kepler Ghost",6234,499,3.74,14.99,75,5,7500000.0,6733,92.59
2881650,Content Warning,"Zorro, Wilnyl, Philip, thePetHen, Skog",Evil Landfall?,137483,7608,7.99,7.99,0,722,7500000.0,145091,94.76
311210,Call of Duty: Black Ops III,"Treyarch, Aspyr (Mac)","Activision, Aspyr (Mac)",181306,33720,14.99,59.99,75,5414,7500000.0,215026,84.32
333930,Dirty Bomb,Splash Damage,Warchest Ltd.,46464,10703,0.0,0.0,0,40,7500000.0,57167,81.28
1172620,Sea of Thieves: 2026 Edition,Rare Ltd,Xbox Game Studios,317074,38164,39.99,39.99,0,5437,7500000.0,355238,89.26
22380,Fallout: New Vegas,Obsidian Entertainment,Bethesda Softworks,218763,8937,9.99,9.99,0,3892,7500000.0,227700,96.08
250900,The Binding of Isaac: Rebirth,"Nicalis, Inc., Edmund McMillen","Nicalis, Inc.",334165,9255,14.99,14.99,0,14904,7500000.0,343420,97.31
700330,SCP: Secret Laboratory,Northwood Studios,Northwood Studios,195923,18386,0.0,0.0,0,4696,7500000.0,214309,91.42
10180,Call of Duty: Modern Warfare 2 (2009),Infinity Ward,Activision,54145,3973,14.99,19.99,25,399,7500000.0,58118,93.16
582660,Black Desert,Pearl Abyss,Pearl Abyss,64416,22503,9.99,9.99,0,14345,7500000.0,86919,74.11
1229490,ULTRAKILL,"Arsi ""Hakita"" Patala",New Blood Interactive,165867,3884,29.99,29.99,0,3122,7500000.0,169751,97.71
1046930,Dota Underlords,Valve,Valve,74753,16141,0.0,0.0,0,1008,7500000.0,90894,82.24
1426210,It Takes Two,Hazelight Studios,Electronic Arts,208042,10341,11.99,39.99,70,5018,7500000.0,218383,95.26
2195250,EA SPORTS FC 24,"EA Canada, EA Romania",Electronic Arts,63281,46293,69.99,69.99,0,5110,7500000.0,109574,57.75
2183900,"Warhammer 40,000: Space Marine 2",Saber Interactive,Focus Entertainment,134739,27846,59.99,59.99,0,6851,7500000.0,162585,82.87
883710,Resident Evil 2,"CAPCOM Co., Ltd.","CAPCOM Co., Ltd.",167647,5210,7.99,39.99,80,1123,7500000.0,172857,96.99
219640,Chivalry: Medieval Warfare,Torn Banner Studios,Torn Banner Studios,54016,11428,24.99,24.99,0,32,7500000.0,65444,82.54
306130,The Elder Scrolls Online,ZeniMax Online Studios,Bethesda Softworks,125497,28616,19.99,19.99,0,15987,7500000.0,154113,81.43
244210,Assetto Corsa,Kunos Simulazioni,505 Games,140238,11153,4.99,19.99,75,8961,7500000.0,151391,92.63
268500,XCOM 2,"Firaxis Games, Feral Interactive (Mac), Feral Interactive (Linux)","2K, Feral Interactive (Mac), Feral Interactive (Linux)",86187,15514,19.99,19.99,0,3123,7500000.0,101701,84.75
1794680,Vampire Survivors,poncle,poncle,246479,3855,4.99,4.99,0,2966,7500000.0,250334,98.46
1818750,MultiVersus,Player First Games,Warner Bros. Games,90318,27894,0.0,0.0,0,55,7500000.0,118212,76.4
242050,Assassin’s Creed IV Black Flag,Ubisoft Montreal,Ubisoft,62942,8129,39.99,39.99,0,923,7500000.0,71071,88.56
30,Day of Defeat,Valve,Valve,6414,688,4.99,4.99,0,87,7500000.0,7102,90.31
236850,Europa Universalis IV,"Paradox Development Studio, Paradox Tinto",Paradox Interactive,116432,18004,49.99,49.99,0,12445,7500000.0,134436,86.61
363970,Clicker Heroes,Playsaurus,Playsaurus,54989,6315,0.0,0.0,0,2019,7500000.0,61304,89.7
253710,theHunter Classic,"Expansive Worlds, Avalanche Studios","Expansive Worlds, Avalanche Studios",24959,17994,0.0,0.0,0,417,7500000.0,42953,58.11
379720,DOOM,id Software,Bethesda Softworks,198001,9278,19.99,19.99,0,1590,7500000.0,207279,95.52
273350,Evolve Stage 2,Turtle Rock Studios,2K,33844,14518,0.0,0.0,0,9,7500000.0,48362,69.98
1782210,Crab Game,Dani,Dani,139538,12895,0.0,0.0,0,2921,7500000.0,152433,91.54
844870,KurtzPel,KOG,KOG,20936,13480,0.0,0.0,0,30,7500000.0,34416,60.83
601150,Devil May Cry 5,"CAPCOM Co., Ltd.","CAPCOM Co., Ltd.",140260,5873,29.99,29.99,0,2248,7500000.0,146133,95.98
1286830,STAR WARS: The Old Republic,Broadsword,Electronic Arts,60864,7088,0.0,0.0,0,6625,7500000.0,67952,89.57
365670,Blender,Blender Foundation,Blender Foundation,70186,2695,0.0,0.0,0,9640,7500000.0,72881,96.3
319630,Life is Strange - Episode 1,"DONTNOD Entertainment, Feral Interactive (Mac), Feral Interactive (Linux)","Square Enix, Feral interactive (Mac), Feral Interactive (Linux)",162769,6432,0.0,0.0,0,294,7500000.0,169201,96.2
1293830,Forza Horizon 4,Playground Games,Xbox Game Studios,263942,26975,0.0,0.0,0,4864,7500000.0,290917,90.73
1145360,Hades,Supergiant Games,Supergiant Games,274829,4912,24.99,24.99,0,2253,7500000.0,279741,98.24
671860,BattleBit Remastered,"SgtOkiDoki, Vilaskis, TheLiquidHorse",SgtOkiDoki,120458,22666,14.99,14.99,0,568,7500000.0,143124,84.16
427520,Factorio,Wube Software LTD.,Wube Software LTD.,208770,6439,35.0,35.0,0,16426,7500000.0,215209,97.01
221380,Age of Empires II (Retired),"Skybox Labs, Hidden Path Entertainment, Ensemble Studios, Forgotten Empires",Xbox Game Studios,97083,4268,19.99,19.99,0,2278,7500000.0,101351,95.79
231430,Company of Heroes 2,"Relic Entertainment, Feral Interactive (Mac), Feral Interactive (Linux)","Relic Entertainment, Feral Interactive (Mac), Feral Interactive (Linux)",86713,23112,19.99,19.99,0,2330,7500000.0,109825,78.96
813820,Realm Royale,Heroic Leap Games,Hi-Rez Studios,43223,13520,0.0,0.0,0,2,7500000.0,56743,76.17
594570,Total War: WARHAMMER II,"CREATIVE ASSEMBLY, Feral Interactive (Mac), Feral Interactive (Linux)","SEGA, Feral Interactive (Mac), Feral Interactive (Linux)",114776,9476,59.99,59.99,0,1464,7500000.0,124252,92.37
391540,Undertale,tobyfox,tobyfox,264082,8850,2.49,9.99,75,3331,7500000.0,272932,96.76
976730,Halo: The Master Chief Collection,"343 Industries, Splash Damage, Ruffian Games, Bungie, Saber Interactive",Xbox Game Studios,223635,18432,39.99,39.99,0,3362,7500000.0,242067,92.39
646570,Slay the Spire,Mega Crit,Mega Crit,178250,4027,6.24,24.99,75,15038,7500000.0,182277,97.79
588650,Dead Cells,Motion Twin,Motion Twin,163549,4915,12.49,24.99,50,2559,7500000.0,168464,97.08
268910,Cuphead,Studio MDHR Entertainment Inc.,Studio MDHR Entertainment Inc.,179894,6941,19.99,19.99,0,2080,7500000.0,186835,96.28
439700,Z1 Battle Royale: Test Server,Daybreak Game Company,Daybreak Game Company,1341,1224,0.0,0.0,0,1,7500000.0,2565,52.28
500,Left 4 Dead,Valve,Valve,59622,2272,9.99,9.99,0,774,7500000.0,61894,96.33
1118200,People Playground,mestiez,Studio Minus,277746,4017,9.99,9.99,0,4505,7500000.0,281763,98.57
620,Portal 2,Valve,Valve,427835,5675,9.99,9.99,0,1959,7500000.0,433510,98.69
1551360,Forza Horizon 5,Playground Games,Xbox Game Studios,199950,25679,59.99,59.99,0,10009,7500000.0,225629,88.62
1049590,Eternal Return,Nimble Neuron,"Nimble Neuron, SapStaR Games",51694,13352,0.0,0.0,0,12341,7500000.0,65046,79.47
380,Half-Life 2: Episode One,Valve,Valve,30478,1344,19.99,19.99,0,18,7500000.0,31822,95.78
360,Half-Life Deathmatch: Source,Valve,Valve,3657,1242,9.99,9.99,0,43,7500000.0,4899,74.65
779340,Total War: THREE KINGDOMS,"CREATIVE ASSEMBLY, Feral Interactive (Mac), Feral Interactive (Linux)","SEGA, Feral Interactive (Mac), Feral Interactive (Linux)",74951,28794,39.99,39.99,0,4507,7500000.0,103745,72.25
233450,Prison Architect,"Introversion Software, Double Eleven",Paradox Interactive,64439,7891,29.99,29.99,0,781,7500000.0,72330,89.09
782330,DOOM Eternal,id Software,Bethesda Softworks,187807,18219,29.99,29.99,0,2262,7500000.0,206026,91.16
223710,Cry of Fear,Team Psykskallar,Team Psykskallar,65852,8556,0.0,0.0,0,405,7500000.0,74408,88.5
513710,SCUM,Gamepires,Gamepires,83704,28411,44.99,44.99,0,8535,7500000.0,112115,74.66
677620,Splitgate: Arena Warfare,1047 Games,1047 Games,102336,9404,0.0,0.0,0,185,7500000.0,111740,91.58
1677740,Stumble Guys,Scopely,Scopely,108841,19170,0.0,0.0,0,2928,7500000.0,128011,85.02
109600,Neverwinter,Cryptic Studios,Arc Games,29947,8638,0.0,0.0,0,665,7500000.0,38585,77.61
420,Half-Life 2: Episode Two,Valve,Valve,40556,1226,19.99,19.99,0,20,7500000.0,41782,97.07
397900,Business Tour - Board Game with Online Multiplayer,8Floor,8Floor,46567,30205,0.0,0.0,0,809,7500000.0,76772,60.66
698780,Doki Doki Literature Club!,Team Salvato,Team Salvato,203247,7470,0.0,0.0,0,427,7500000.0,210717,96.45
435150,Divinity: Original Sin 2 - Definitive Edition,Larian Studios,Larian Studios,182166,7958,44.99,44.99,0,3510,7500000.0,190124,95.81
1100600,Football Manager 2020,Sports Interactive,SEGA,28341,3401,0.0,0.0,0,1012,7500000.0,31742,89.29
1604030,V Rising,Stunlock Studios,Stunlock Studios,106197,13243,34.99,34.99,0,10961,7500000.0,119440,88.91
534380,Dying Light 2 Stay Human: Reloaded Edition,Techland,Techland,154122,40708,59.99,59.99,0,4223,7500000.0,194830,79.11
766570,Russian Fishing 4,FishSoft LLC,FishSoft LLC,39598,33887,0.0,0.0,0,14950,7500000.0,73485,53.89
548430,Deep Rock Galactic,Ghost Ship Games,Coffee Stain Publishing,333587,9413,8.99,29.99,70,5216,7500000.0,343000,97.26
294100,RimWorld,Ludeon Studios,Ludeon Studios,206216,4301,27.99,34.99,20,19211,7500000.0,210517,97.96
273110,Counter-Strike Nexon: Studio,"Valve, NEXON",NEXON,28373,14329,0.0,0.0,0,369,7500000.0,42702,66.44
868270,The Cycle: Frontier,YAGER,YAGER,28893,16529,0.0,0.0,0,2,7500000.0,45422,63.61
863550,HITMAN 2,IO Interactive A/S,IO Interactive A/S,68165,6778,0.0,0.0,0,187,7500000.0,74943,90.96
1237970,Titanfall 2,Respawn Entertainment,Electronic Arts,244524,11664,4.49,29.99,85,1173,7500000.0,256188,95.45
555570,Infestation: The New Z,Fredaikis AB,OP Productions LLC,18200,15615,0.0,0.0,0,70,7500000.0,33815,53.82
10190,Call of Duty: Modern Warfare 2 (2009),Infinity Ward,Activision,31945,2927,14.99,19.99,25,190,7500000.0,34872,91.61
424840,Little Nightmares,Tarsier Studios,BANDAI NAMCO Entertainment,104472,5724,19.99,19.99,0,222,7500000.0,110196,94.81
2669320,EA SPORTS FC 25,"EA Canada, EA Romania",Electronic Arts,37253,37543,69.99,69.99,0,42032,7500000.0,74796,49.81
518790,theHunter: Call of the Wild,Expansive Worlds,Avalanche Studios,157641,19969,2.99,19.99,85,2207,7500000.0,177610,88.76
365590,Tom Clancy’s The Division,Massive Entertainment,Ubisoft,65652,27546,29.99,29.99,0,774,7500000.0,93198,70.44
223470,POSTAL 2,Running With Scissors,Running With Scissors,112414,3644,9.99,9.99,0,320,7500000.0,116058,96.86
241930,Middle-earth: Shadow of Mordor,Monolith Productions,"Warner Bros. Interactive Entertainment, Warner Bros. Games",83849,6866,19.99,19.99,0,441,7500000.0,90715,92.43
346900,AdVenture Capitalist,Hyper Hippo Games,Hyper Hippo Games,51968,7198,0.0,0.0,0,1109,7500000.0,59166,87.83
3240220,Grand Theft Auto V Enhanced,Rockstar North,Rockstar Games,38595,17286,14.99,29.99,50,39502,7500000.0,55881,69.07
440900,Conan Exiles Enhanced,"Funcom, Inflexion Games",Funcom,84575,22890,39.99,39.99,0,5677,7500000.0,107465,78.7
374320,DARK SOULS III,"FromSoftware, Inc.","FromSoftware, Inc., Bandai Namco Entertainment",390326,23449,59.99,59.99,0,4381,7500000.0,413775,94.33
1868140,DAVE THE DIVER,MINTROCKET,MINTROCKET,125422,3909,19.99,19.99,0,3367,7500000.0,129331,96.98
304390,FOR HONOR,"Ubisoft Montreal, Ubisoft Quebec, Ubisoft Toronto, Blue Byte",Ubisoft,104468,45788,29.99,29.99,0,2146,7500000.0,150256,69.53
208090,Loadout,Edge of Reality,Edge of Reality,34218,5094,0.0,0.0,0,1,7500000.0,39312,87.04
48700,Mount & Blade: Warband,TaleWorlds Entertainment,TaleWorlds Entertainment,162632,3773,19.99,19.99,0,3055,7500000.0,166405,97.73
2630,Call of Duty 2,Infinity Ward,Activision,9804,670,9.99,19.99,50,162,7500000.0,10474,93.6
12210,Grand Theft Auto IV: The Complete Edition,"Rockstar North, Rockstar Toronto",Rockstar Games,144493,30691,19.99,19.99,0,2122,7500000.0,175184,82.48
1144200,Ready or Not,VOID Interactive,VOID Interactive,210654,25542,24.99,49.99,50,4296,7500000.0,236196,89.19
113400,APB Reloaded,Little Orbit,Little Orbit,23693,13599,0.0,0.0,0,111,7500000.0,37292,63.53
1332010,Stray,BlueTwelve Studio,Annapurna Interactive,152312,4295,29.99,29.99,0,498,7500000.0,156607,97.26
206420,Saints Row IV: Re-Elected,Deep Silver Volition,Deep Silver,67768,9376,19.99,19.99,0,117,7500000.0,77144,87.85
380600,Fishing Planet,Fishing Planet LLC,Fishing Planet LLC,57004,8695,0.0,0.0,0,2781,7500000.0,65699,86.77
225540,Just Cause 3,Avalanche Studios,Square Enix,102532,19629,19.99,19.99,0,639,7500000.0,122161,83.93
285800,Braveland,Tortuga Team,Tortuga Team,2555,577,9.99,9.99,0,1,7500000.0,3132,81.58
286690,Metro 2033 Redux,4A Games,Deep Silver,101543,9424,19.99,19.99,0,1208,7500000.0,110967,91.51
223750,DCS World Steam Edition,Eagle Dynamics SA,Eagle Dynamics SA,31661,5528,0.0,0.0,0,636,7500000.0,37189,85.14
1593500,God of War,"Santa Monica Studio, Jetpack Interactive",PlayStation Publishing LLC,151706,6311,49.99,49.99,0,1380,7500000.0,158017,96.01
386180,Crossout,Targem Games,Gaijin Network Ltd,48219,15920,0.0,0.0,0,2231,7500000.0,64139,75.18
1238840,Battlefield 1,DICE,Electronic Arts,166775,26046,3.99,39.99,90,6308,7500000.0,192821,86.49
812140,Assassin's Creed Odyssey,"Ubisoft Quebec, Ubisoft Montreal, Ubisoft Bucharest, Ubisoft Singapore, Ubisoft Montpellier, Ubisoft Kiev, Ubisoft Shanghai",Ubisoft,153091,19102,59.99,59.99,0,2629,7500000.0,172193,88.91
1721470,Poppy Playtime,Mob Entertainment,Mob Entertainment,84113,14801,0.0,0.0,0,588,7500000.0,98914,85.04
960090,Bloons TD 6,Ninja Kiwi,Ninja Kiwi,344269,9691,13.99,13.99,0,7489,3500000.0,353960,97.26
55230,Saints Row: The Third,Volition,Deep Silver,65644,2956,9.99,9.99,0,163,3500000.0,68600,95.69
262060,Darkest Dungeon,Red Hook Studios,Red Hook Studios,137026,12430,24.99,24.99,0,3848,3500000.0,149456,91.68
761890,Albion Online,Sandbox Interactive GmbH,Sandbox Interactive GmbH,65583,17491,0.0,0.0,0,8184,3500000.0,83074,78.95
2001120,Split Fiction,Hazelight Studios,Electronic Arts,79546,2012,32.49,49.99,35,5476,3500000.0,81558,97.53
281990,Stellaris,Paradox Development Studio,Paradox Interactive,159527,25906,49.99,49.99,0,13727,3500000.0,185433,86.03
252130,Divide By Sheep,"Victor Solodilov, Denis Novikov",tinyBuild,2376,246,4.99,4.99,0,0,3500000.0,2622,90.62
211820,Starbound,Chucklefish,Chucklefish,152150,12756,14.99,14.99,0,894,3500000.0,164906,92.26
8190,Just Cause 2,Avalanche Studios,Square Enix,46001,4738,14.99,14.99,0,90,3500000.0,50739,90.66
6060,"STAR WARS Battlefront II (Classic, 2005)",Pandemic Studios,"Lucasfilm, LucasArts, Disney",50396,2891,3.99,9.99,60,323,3500000.0,53287,94.57
508440,Totally Accurate Battle Simulator,Landfall,Landfall,132974,2969,19.99,19.99,0,1299,3500000.0,135943,97.82
115300,Call of Duty: Modern Warfare 3 (2011),"Infinity Ward, Sledgehammer Games",Activision,33647,4306,15.99,39.99,60,0,3500000.0,37953,88.65
42910,Magicka,Arrowhead Game Studios,Paradox Interactive,26997,4365,9.99,9.99,0,18,3500000.0,31362,86.08
39210,FINAL FANTASY XIV Online,Square Enix,Square Enix,70254,9782,19.99,19.99,0,19824,3500000.0,80036,87.78
1222680,Need for Speed Heat,Ghost Games,Electronic Arts,111482,21373,6.99,69.99,90,1385,3500000.0,132855,83.91
351940,The Descendant,Gaming Corps AB,"Microids Indie, Microids",6312,811,14.99,14.99,0,15,3500000.0,7123,88.61
1250,Killing Floor,Tripwire Interactive,Tripwire Interactive,64024,3448,19.99,19.99,0,224,3500000.0,67472,94.89
2623190,The Elder Scrolls IV: Oblivion Remastered,"Bethesda Game Studios, Virtuos",Bethesda Softworks,42316,10242,49.99,49.99,0,14420,3500000.0,52558,80.51
323190,Frostpunk,11 bit studios,11 bit studios,114315,9231,29.99,29.99,0,1699,3500000.0,123546,92.53
1716740,Starfield,Bethesda Game Studios,Bethesda Softworks,93942,71585,49.99,49.99,0,3725,3500000.0,165527,56.75
813780,Age of Empires II: Definitive Edition,"World's Edge, Forgotten Empires, CaptureAge, Tantalus Media, Wicked Witch, Feral Interactive",Xbox Game Studios,154061,8401,34.99,34.99,0,13465,3500000.0,162462,94.83
630,Alien Swarm,Valve,Valve,20179,1095,0.0,0.0,0,23,3500000.0,21274,94.85
57300,Amnesia: The Dark Descent,Frictional Games,Frictional Games,32258,1850,19.99,19.99,0,60,3500000.0,34108,94.58
395170,DISTRAINT: Deluxe Edition,Jesse Makkonen,Jesse Makkonen,11408,834,4.99,4.99,0,3,3500000.0,12242,93.19
20920,The Witcher 2: Assassins of Kings Enhanced Edition,CD PROJEKT RED,"CD PROJEKT RED, 1C-SoftClub",77950,9114,19.99,19.99,0,479,3500000.0,87064,89.53
212680,FTL: Faster Than Light,Subset Games,Subset Games,71561,3491,1.99,9.99,80,1566,3500000.0,75052,95.35
504370,Battlerite,Stunlock Studios,Stunlock Studios,50196,9152,0.0,0.0,0,103,3500000.0,59348,84.58
286160,Tabletop Simulator,Berserk Games,Berserk Games,66735,3925,19.99,19.99,0,5021,3500000.0,70660,94.45
311690,Enter the Gungeon,Dodge Roll,Devolver Digital,81669,3893,14.99,14.99,0,1165,3500000.0,85562,95.45
355840,Survarium,Vostok Games,Vostok Games,13832,11623,0.0,0.0,0,0,3500000.0,25455,54.34
1145350,Hades II,Supergiant Games,Supergiant Games,60844,3288,29.99,29.99,0,1838,3500000.0,64132,94.87
1366800,Crosshair X,CenterPoint Gaming,CenterPoint Gaming,29275,2077,9.99,9.99,0,41428,3500000.0,31352,93.38
1196590,Resident Evil Village,"CAPCOM Co., Ltd.","CAPCOM Co., Ltd.",114131,5219,9.99,39.99,75,1284,3500000.0,119350,95.63
613100,House Flipper,Empyrean,"Frozen District, PlayWay S.A.",89596,5548,2.49,24.99,90,1311,3500000.0,95144,94.17
1172380,STAR WARS Jedi: Fallen Order,Respawn Entertainment,Electronic Arts,140485,18094,39.99,39.99,0,1354,3500000.0,158579,88.59
202970,Call of Duty: Black Ops II,Treyarch,Activision,40563,6454,19.99,39.99,50,238,3500000.0,47017,86.27
304430,INSIDE,Playdead,Playdead,65954,2092,24.99,24.99,0,129,3500000.0,68046,96.93
3590,Plants vs. Zombies GOTY Edition,"PopCap Games, Inc.","PopCap Games, Inc., Electronic Arts",136574,3351,4.99,4.99,0,2656,3500000.0,139925,97.61
1260320,Party Animals,Recreate Games,Source Technology,50198,13834,19.99,19.99,0,3070,3500000.0,64032,78.4
33930,Arma 2: Operation Arrowhead,Bohemia Interactive,Bohemia Interactive,20414,1676,19.99,19.99,0,113,3500000.0,22090,92.41
212500,The Lord of the Rings Online,Standing Stone Games,Daybreak Game Company LLC,17099,3896,0.0,0.0,0,793,3500000.0,20995,81.44
457140,Oxygen Not Included,Klei Entertainment,Klei Entertainment,124220,4170,24.99,24.99,0,7545,3500000.0,128390,96.75
620980,Beat Saber,Beat Games,Beat Games,71341,3271,19.99,19.99,0,423,3500000.0,74612,95.62
1222140,Detroit: Become Human,Quantic Dream,Quantic Dream,162047,7152,39.99,39.99,0,2344,3500000.0,169199,95.77
1817070,Marvel’s Spider-Man Remastered,"Insomniac Games, Nixxes Software",PlayStation Publishing LLC,107786,4606,59.99,59.99,0,1190,3500000.0,112392,95.9
205100,Dishonored,Arkane Studios,Bethesda Softworks,80427,1943,9.99,9.99,0,288,3500000.0,82370,97.64
24240,PAYDAY The Heist,OVERKILL - a Starbreeze Studio.,Starbreeze Entertainment,37570,2653,9.99,9.99,0,38,3500000.0,40223,93.4
1506830,FIFA 22,EA Canada &amp; EA Romania,Electronic Arts,97293,23578,0.0,0.0,0,1319,3500000.0,120871,80.49
871720,Ultimate Custom Night,Scott Cawthon,Scott Cawthon,55394,2879,0.0,0.0,0,200,3500000.0,58273,95.06
962130,Grounded,Obsidian Entertainment,Xbox Game Studios,75482,9035,39.99,39.99,0,2394,3500000.0,84517,89.31
356190,Middle-earth: Shadow of War,Monolith Productions,WB Games,95053,12165,49.99,49.99,0,1405,3500000.0,107218,88.65
274190,Broforce,Free Lives,Devolver Digital,57080,1800,14.99,14.99,0,283,3500000.0,58880,96.94
234140,Mad Max,Avalanche Studios,"Warner Bros. Games, Warner Bros. Interactive Entertainment",76230,6430,19.99,19.99,0,563,3500000.0,82660,92.22
8500,EVE Online,CCP,CCP,26813,9575,0.0,0.0,0,3705,3500000.0,36388,73.69
552520,Far Cry 5,"Ubisoft Montreal, Red Storm, Ubisoft Shanghai, Ubisoft Toronto, Ubisoft Kiev",Ubisoft,140377,33100,59.99,59.99,0,1297,3500000.0,173477,80.92
7670,BioShock,"2K Boston, 2K Australia",2K,29127,1804,19.99,19.99,0,44,3500000.0,30931,94.17
760160,Vampire: The Masquerade - Bloodhunt,Sharkmob AB,Sharkmob AB,43433,13651,0.0,0.0,0,362,3500000.0,57084,76.09
270880,American Truck Simulator,SCS Software,SCS Software,169735,5552,19.99,19.99,0,6742,3500000.0,175287,96.83
1203620,Enshrouded,Keen Games GmbH,Keen Games GmbH,67486,10594,39.99,39.99,0,10654,3500000.0,78080,86.43
601510,Yu-Gi-Oh! Duel Links,KONAMI,KONAMI,36345,7285,0.0,0.0,0,1856,3500000.0,43630,83.3
397540,Borderlands 3,Gearbox Software,2K,125248,23817,5.99,59.99,90,3164,3500000.0,149065,84.02
12120,Grand Theft Auto: San Andreas,Rockstar Games,Rockstar Games,76056,6573,0.0,0.0,0,363,3500000.0,82629,92.05
236870,HITMAN,"IO Interactive A/S, Feral Interactive (Linux), Feral Interactive (Mac)","IO Interactive A/S, Feral Interactive (Linux), Feral Interactive (Mac)",30973,6227,0.0,0.0,0,46,3500000.0,37200,83.26
674940,Stick Fight: The Game,Landfall West,Landfall,114720,7938,4.99,4.99,0,265,3500000.0,122658,93.53
884660,CRSED: F.O.A.D.,"Darkflow Software, Matter Team",Gaijin Network Ltd,30411,8179,0.0,0.0,0,96,3500000.0,38590,78.81
701160,Kingdom Two Crowns,"Fury Studios, Coatsink",Raw Fury,6244,819,19.99,19.99,0,1305,3500000.0,7063,88.4
1832640,Mirror 2: Project X,KAGAMI Ⅱ WORKs,NIJICO,28726,87986,1.99,1.99,0,11,3500000.0,116712,24.61
208650,Batman: Arkham Knight,Rocksteady Studios,WB Games,124147,15901,19.99,19.99,0,1587,3500000.0,140048,88.65
48000,LIMBO,Playdead,Playdead,53043,4241,12.49,12.49,0,82,3500000.0,57284,92.6
2379780,Balatro,LocalThunk,Playstack,150524,3042,14.99,14.99,0,17123,3500000.0,153566,98.02
298110,Far Cry 4,"Ubisoft Montreal, Red Storm, Shanghai, Toronto, Kiev",Ubisoft,51618,9649,29.99,29.99,0,558,3500000.0,61267,84.25
42710,Call of Duty: Black Ops,Treyarch,Activision,15124,2010,19.99,39.99,50,213,3500000.0,17134,88.27
200710,Torchlight II,Runic Games,XD,41131,3210,19.99,19.99,0,268,3500000.0,44341,92.76
203770,Crusader Kings II,Paradox Development Studio,Paradox Interactive,66359,7450,0.0,0.0,0,1373,3500000.0,73809,89.91
1903340,Clair Obscur: Expedition 33,Sandfall Interactive,Kepler Interactive,106216,4816,39.99,49.99,20,27880,3500000.0,111032,95.66
244850,Space Engineers,Keen Software House,Keen Software House,117204,15143,19.99,19.99,0,4201,3500000.0,132347,88.56
1366540,Dyson Sphere Program,Youthcat Studio,Gamirror Games,83095,1993,19.99,19.99,0,2703,3500000.0,85088,97.66
2709570,Supermarket Together,DeadDevsTellNoLies,DeadDevsTellNoLies,63994,3441,0.0,0.0,0,4704,3500000.0,67435,94.9
201270,Total War: SHOGUN 2,"CREATIVE ASSEMBLY, Feral Interactive (Mac), Feral Interactive (Linux)","SEGA, Feral Interactive (Mac), Feral Interactive (Linux)",58839,5437,29.99,29.99,0,0,3500000.0,64276,91.54
389730,TEKKEN 7,BANDAI NAMCO Studios Inc.,BANDAI NAMCO Entertainment,77227,15580,5.99,39.99,85,599,3500000.0,92807,83.21
10090,Call of Duty: World at War,Treyarch,Activision,46665,3884,14.99,19.99,25,433,3500000.0,50549,92.32
1259420,Days Gone,Bend Studio,PlayStation Publishing LLC,95697,7446,39.99,39.99,0,1600,3500000.0,103143,92.78
261640,Borderlands: The Pre-Sequel,"2K Australia, Gearbox Software, Aspyr (Linux)","2K, Aspyr (Linux)",33577,8802,39.99,39.99,0,437,3500000.0,42379,79.23
220200,Kerbal Space Program,Squad,Private Division,121084,6078,39.99,39.99,0,1844,3500000.0,127162,95.22
1142710,Total War: WARHAMMER III,"CREATIVE ASSEMBLY, Feral Interactive","SEGA, Feral Interactive",87141,32717,59.99,59.99,0,16842,3500000.0,119858,72.7
265630,Fistful of Frags,Fistful of Frags Team,Fistful of Frags Team,33130,3132,0.0,0.0,0,53,3500000.0,36262,91.36
219150,Hotline Miami,Dennaton Games,Devolver Digital,103599,3058,9.99,9.99,0,404,3500000.0,106657,97.13
312990,The Expendabros,Free Lives,Devolver Digital,17661,513,0.0,0.0,0,20,3500000.0,18174,97.18
418460,Rising Storm 2: Vietnam,"Antimatter Games, Tripwire Interactive",Tripwire Interactive,49952,7611,2.49,24.99,90,449,3500000.0,57563,86.78
211500,RaceRoom Racing Experience,KW Studios,"KW Studios, RaceRoom Entertainment AG",17812,5806,0.0,0.0,0,431,3500000.0,23618,75.42
506540,Last Man Standing,"Free Reign Entertainment, Free Reign Entertainment",Free Reign Entertainment,10776,6811,0.0,0.0,0,0,3500000.0,17587,61.27
20900,The Witcher: Enhanced Edition Director's Cut,CD PROJEKT RED,"CD PROJEKT RED, 1C-SoftClub",73569,9135,9.99,9.99,0,616,3500000.0,82704,88.95
552500,Warhammer: Vermintide 2,Fatshark,Fatshark,113489,20234,29.99,29.99,0,2124,3500000.0,133723,84.87
1057090,Ori and the Will of the Wisps,Moon Studios GmbH,Xbox Game Studios,131989,4701,29.99,29.99,0,697,3500000.0,136690,96.56
359320,Elite Dangerous,Frontier Developments,Frontier Developments,77388,22636,19.99,19.99,0,4845,3500000.0,100024,77.37
214950,Total War: ROME II - Emperor Edition,"CREATIVE ASSEMBLY, Feral Interactive","SEGA, Feral Interactive",73559,14614,29.99,29.99,0,3901,3500000.0,88173,83.43
9480,Saints Row 2,Volition,Deep Silver,15420,5046,9.99,9.99,0,95,3500000.0,20466,75.34
245170,Skullgirls 2nd Encore,Hidden Variable Studios,Autumn Games,29623,11230,24.99,24.99,0,112,3500000.0,40853,72.51
207610,The Walking Dead,Telltale Games,Skybound Games,71633,1995,14.99,14.99,0,614,3500000.0,73628,97.29
35450,Red Orchestra 2: Heroes of Stalingrad with Rising Storm,Tripwire Interactive,Tripwire Interactive,34765,2863,19.99,19.99,0,92,3500000.0,37628,92.39
285900,Gang Beasts,"Boneloaf, Rocket Science",Boneloaf,51267,9003,19.99,19.99,0,376,3500000.0,60270,85.06
232090,Killing Floor 2,Tripwire Interactive,Tripwire Interactive,111325,15541,29.99,29.99,0,4508,3500000.0,126866,87.75
42680,Call of Duty: Modern Warfare 3 (2011),"Infinity Ward, Sledgehammer Games",Activision,21320,3686,15.99,39.99,60,357,3500000.0,25006,85.26
918570,Century: Age of Ashes,Playwing LTD,Playwing LTD,13226,4514,0.0,0.0,0,54,3500000.0,17740,74.55
1771300,Kingdom Come: Deliverance II,Warhorse Studios,Deep Silver,96279,6058,59.99,59.99,0,7073,3500000.0,102337,94.08
447040,Watch_Dogs 2,Ubisoft,Ubisoft,68213,14166,49.99,49.99,0,863,3500000.0,82379,82.8
200510,XCOM: Enemy Unknown,"Firaxis Games, Feral Interactive (Linux)","2K, Feral Interactive (Linux)",52717,3697,14.99,14.99,0,590,3500000.0,56414,93.45
361420,ASTRONEER,System Era Softworks,System Era Softworks,118817,10139,29.99,29.99,0,988,3500000.0,128956,92.14
33900,Arma 2,Bohemia Interactive,Bohemia Interactive,1769,348,12.99,12.99,0,0,3500000.0,2117,83.56
209080,Guns of Icarus Online,Muse Games,Muse Games,13172,1473,4.99,4.99,0,16,3500000.0,14645,89.94
307780,Mortal Kombat X,"NetherRealm Studios, QLOC","Warner Bros. Games, Warner Bros. Interactive Entertainment",48077,8175,19.99,19.99,0,426,3500000.0,56252,85.47
335240,Transformice,Atelier 801,Atelier 801,24320,3341,0.0,0.0,0,1284,3500000.0,27661,87.92
403640,Dishonored 2,Arkane Studios,Bethesda Softworks,56155,6627,29.99,29.99,0,308,3500000.0,62782,89.44
99900,Spiral Knights,Grey Havens,Grey Havens,19869,3789,0.0,0.0,0,132,3500000.0,23658,83.98
1289310,Helltaker,vanripper,vanripper,122115,2803,0.0,0.0,0,75,3500000.0,124918,97.76
287700,METAL GEAR SOLID V: THE PHANTOM PAIN,KONAMI,KONAMI,91675,8247,19.99,19.99,0,1333,3500000.0,99922,91.75
460930,Tom Clancy's Ghost Recon Wildlands,"Ubisoft Paris, Ubisoft Annecy, Ubisoft Bucharest, Ubisoft Montpellier, Ubisoft Milan, Reflections, Ubisoft Belgrade",Ubisoft,77138,19439,49.99,49.99,0,1441,3500000.0,96577,79.87
219740,Don't Starve,Klei Entertainment,Klei Entertainment,106118,3698,9.99,9.99,0,1472,3500000.0,109816,96.63
96000,The Tiny Bang Story,Colibri Games,Colibri Games,5630,821,4.99,4.99,0,10,3500000.0,6451,87.27
35720,Trine 2: Complete Story,Frozenbyte,Frozenbyte,20682,997,3.99,19.99,80,18,3500000.0,21679,95.4
880940,Pummel Party,Rebuilt Games,Rebuilt Games,47800,6014,14.99,14.99,0,1096,3500000.0,53814,88.82
387990,Scrap Mechanic,Axolot Games,Axolot Games,104512,8771,28.99,28.99,0,909,3500000.0,113283,92.26
686810,Hell Let Loose,Expression Games,Team17,113447,24230,49.99,49.99,0,3380,3500000.0,137677,82.4
409710,BioShock Remastered,"2K Boston, 2K Australia, Blind Squirrel, Feral Interactive (Mac)","2K, Feral Interactive (Mac)",47962,10301,19.99,19.99,0,364,3500000.0,58263,82.32
418370,Resident Evil 7 Biohazard,"CAPCOM Co., Ltd.","CAPCOM Co., Ltd.",93214,4632,7.99,19.99,60,792,3500000.0,97846,95.27
50130,Mafia II (Classic),2K Czech,2K,51876,3121,29.99,29.99,0,207,3500000.0,54997,94.33
1454400,Cookie Clicker,"Orteil, DashNet",Playsaurus,77218,2674,4.99,4.99,0,9583,3500000.0,79892,96.65
379430,Kingdom Come: Deliverance,Warhorse Studios,"Warhorse Studios, Deep Silver",136446,25760,29.99,29.99,0,2520,3500000.0,162206,84.12
274170,Hotline Miami 2: Wrong Number,Dennaton Games,Devolver Digital,62741,3893,14.99,14.99,0,437,3500000.0,66634,94.16
232770,POSTAL,Running With Scissors,Running With Scissors,10023,1000,67.95,67.95,0,41,3500000.0,11023,90.93
1363080,Manor Lords,Slavic Magic,Hooded Horse,62224,9896,39.99,39.99,0,1977,3500000.0,72120,86.28
585690,Minimalism,PixelMouse,PixelMouse,1276,465,0.99,0.99,0,49,3500000.0,1741,73.29
289650,Assassin's Creed Unity,Ubisoft,Ubisoft,58065,16229,29.99,29.99,0,373,3500000.0,74294,78.16
17410,Mirror's Edge,DICE,Electronic Arts,32983,4669,19.99,19.99,0,43,3500000.0,37652,87.6
4560,Company of Heroes - Legacy Edition,Relic Entertainment,SEGA,6540,457,36.99,36.99,0,65,3500000.0,6997,93.47
2479810,Gray Zone Warfare,"MADFINGER Games, a.s.","MADFINGER Games, a.s.",40235,19083,39.99,39.99,0,7543,3500000.0,59318,67.83
233130,Shadow Warrior,Flying Wild Hog,Devolver Digital,24071,2080,29.99,29.99,0,20,3500000.0,26151,92.05
1056960,Wolfenstein: Youngblood,"MachineGames, Arkane Studios",Bethesda Softworks,6360,8083,19.99,19.99,0,38,3500000.0,14443,44.04
976310,Mortal Kombat 11,"NetherRealm Studios, QLOC, Shiver","Warner Bros. Games, Warner Bros. Interactive Entertainment",93635,12646,4.99,49.99,90,1026,3500000.0,106281,88.1
202990,Call of Duty: Black Ops II,Treyarch,Activision,27100,4790,19.99,39.99,50,167,3500000.0,31890,84.98
355180,Codename CURE,Raptor Byte,Raptor Byte,13960,2518,0.0,0.0,0,12,3500000.0,16478,84.72
678950,DRAGON BALL FighterZ,Arc System Works,Bandai Namco Entertainment,65978,6998,14.39,89.99,84,511,3500000.0,72976,90.41
1151340,Fallout 76,Bethesda Game Studios,Bethesda Softworks,89334,33215,39.99,39.99,0,8796,3500000.0,122549,72.9
299360,Block N Load,"Toadman Interactive, Artplant",Toadman Interactive,11944,3237,0.0,0.0,0,4,3500000.0,15181,78.68
213670,South Park: The Stick of Truth,Obsidian Entertainment,Ubisoft,66636,1669,29.99,29.99,0,274,3500000.0,68305,97.56
262410,World of Guns: Gun Disassembly,Noble Empire Corp.,Noble Empire Corp.,16184,3058,0.0,0.0,0,103,3500000.0,19242,84.11
224600,Defiance,Trion Worlds,Trion Worlds,9676,2964,0.0,0.0,0,2,3500000.0,12640,76.55
368230,Kingdom: Classic,"Noio, Licorice",Raw Fury,20023,2065,0.0,0.0,0,40,3500000.0,22088,90.65
3097560,Liar's Bar,Curve Animation,Curve Animation,44341,4209,6.99,6.99,0,605,3500000.0,48550,91.33
335300,DARK SOULS II: Scholar of the First Sin,"FromSoftware, Inc.","Bandai Namco Entertainment, FromSoftware, Inc.",98052,18658,39.99,39.99,0,1612,3500000.0,116710,84.01
233860,Kenshi,Lo-Fi Games,Lo-Fi Games,93712,4423,29.99,29.99,0,5412,3500000.0,98135,95.49
240720,Getting Over It with Bennett Foddy,Bennett Foddy,Bennett Foddy,63479,13524,7.99,7.99,0,192,3500000.0,77003,82.44
391720,Layers of Fear (2016),Bloober Team SA,Bloober Team SA,23576,3040,19.99,19.99,0,17,3500000.0,26616,88.58
838350,The Scroll of Taiwu : Beyond The Dome,ConchShip Games,ConchShip Games,42350,18287,29.99,29.99,0,989,3500000.0,60637,69.84
238320,Outlast,Red Barrels,Red Barrels,121220,4458,14.99,14.99,0,215,3500000.0,125678,96.45
282070,This War of Mine,11 bit studios,11 bit studios,94484,7256,4.99,19.99,75,756,3500000.0,101740,92.87
412020,Metro Exodus,4A Games,Deep Silver,108945,12370,29.99,29.99,0,702,3500000.0,121315,89.8
1158310,Crusader Kings III,Paradox Development Studio,Paradox Interactive,114259,12650,49.99,49.99,0,14302,3500000.0,126909,90.03
2567870,Chained Together,"Anegar Games, Lab42",Secret Mode,48180,4958,4.99,4.99,0,1154,3500000.0,53138,90.67
265930,Goat Simulator,Coffee Stain Studios,Coffee Stain Publishing,62249,6331,9.99,9.99,0,71,3500000.0,68580,90.77
214490,Alien: Isolation,"Creative Assembly, Feral Interactive (Mac), Feral Interactive (Linux)","SEGA, Feral Interactive (Mac), Feral Interactive (Linux)",56716,4115,39.99,39.99,0,211,3500000.0,60831,93.24
362890,Black Mesa,Crowbar Collective,Crowbar Collective,121562,6131,19.99,19.99,0,907,3500000.0,127693,95.2
438740,Friday the 13th: The Game,IllFonic,Gun Media,62069,15444,0.0,0.0,0,19,3500000.0,77513,80.08
617290,Remnant: From the Ashes,Gunfire Games,"Arc Games, THQ Nordic",44761,8081,39.99,39.99,0,429,3500000.0,52842,84.71
588430,Fallout Shelter,Bethesda Game Studios,Bethesda Softworks,65847,8601,0.0,0.0,0,1001,3500000.0,74448,88.45
1943950,Escape the Backrooms,"Fancy Games, Blackbird Interactive",Secret Mode,93330,9199,7.99,9.99,20,1756,3500000.0,102529,91.03
203140,Hitman: Absolution,Io-Interactive A/S,Io-Interactive A/S,51769,3932,19.99,19.99,0,618,3500000.0,55701,92.94
12100,Grand Theft Auto III,Rockstar Games,Rockstar Games,12654,1946,0.0,0.0,0,42,3500000.0,14600,86.67
905370,Conqueror's Blade,Booming Tech,Poros Interactive,22576,7558,0.0,0.0,0,2,3500000.0,30134,74.92
1056640,Phantasy Star Online 2,SEGA,SEGA,16848,7196,0.0,0.0,0,1400,3500000.0,24044,70.07
1942280,Brotato,Blobfish,Blobfish,94525,3276,2.99,4.99,40,6389,3500000.0,97801,96.65
238460,BattleBlock Theater,The Behemoth,The Behemoth,69617,1997,4.49,14.99,70,78,3500000.0,71614,97.21
38400,Fallout: A Post Nuclear Role Playing Game,Interplay Inc.,Bethesda Softworks,20902,1296,9.99,9.99,0,89,3500000.0,22198,94.16
881020,Granblue Fantasy: Relink,"Cygames, Inc.","Cygames, Inc.",43116,4883,39.99,39.99,0,996,3500000.0,47999,89.83
65800,Dungeon Defenders,Chromatic Games,Chromatic Games,16818,1242,14.99,14.99,0,284,3500000.0,18060,93.12
204880,Sins of a Solar Empire: Rebellion,"Ironclad Games Corporation, Stardock Entertainment",Stardock Entertainment,14919,1096,5.99,19.99,70,280,3500000.0,16015,93.16
235460,METAL GEAR RISING: REVENGEANCE,PlatinumGames,KONAMI,79993,3300,29.99,29.99,0,242,3500000.0,83293,96.04
581320,Insurgency: Sandstorm,New World Interactive,Focus Entertainment,107857,19061,5.99,29.99,80,1826,3500000.0,126918,84.98
34330,Total War: SHOGUN 2,"CREATIVE ASSEMBLY, Feral Interactive (Mac), Feral Interactive (Linux)","SEGA, Feral Interactive (Mac), Feral Interactive (Linux)",22620,2332,5.99,29.99,80,1807,3500000.0,24952,90.65
387290,Ori and the Blind Forest: Definitive Edition,Moon Studios GmbH,Xbox Game Studios,63788,3191,19.99,19.99,0,196,3500000.0,66979,95.24
728880,Overcooked! 2,"Ghost Town Games Ltd., Team17",Team17,65992,6809,24.99,24.99,0,2107,3500000.0,72801,90.65
391220,Rise of the Tomb Raider,"Crystal Dynamics, Eidos-Montréal, Feral Interactive (Mac), Feral Interactive (Linux), Nixxes","Crystal Dynamics, Feral Interactive (Mac), Feral Interactive (Linux)",128080,8100,29.99,29.99,0,777,3500000.0,136180,94.05
8870,BioShock Infinite,"Irrational Games, Virtual Programming (Linux)",2K,131970,8712,29.99,29.99,0,301,3500000.0,140682,93.81
372000,Tree of Savior (English Ver.),"IMCGAMES Co.,Ltd.","IMCGAMES Co.,Ltd.",13046,7265,0.0,0.0,0,163,3500000.0,20311,64.23
239030,"Papers, Please",Lucas Pope,3909,72168,2019,9.99,9.99,0,416,3500000.0,74187,97.28
629760,MORDHAU,Triternion,Triternion,90102,22098,5.99,29.99,80,764,3500000.0,112200,80.3
646910,The Crew 2,Ivory Tower,Ubisoft,72724,21141,29.99,29.99,0,873,3500000.0,93865,77.48
367500,Dragon's Dogma: Dark Arisen,Capcom,Capcom,41310,5376,4.79,29.99,84,329,3500000.0,46686,88.48
13520,Far Cry,Crytek Studios,Ubisoft,8406,1853,9.99,9.99,0,50,3500000.0,10259,81.94
967050,Pacify,Shawn Hitchcock,Hitchcock Games,36071,5620,4.99,4.99,0,77,3500000.0,41691,86.52
2399830,ARK: Survival Ascended,"Studio Wildcard, Grove Street Games, Instinct Games","Studio Wildcard, Snail Games USA",44880,31115,44.99,44.99,0,12007,3500000.0,75995,59.06
648350,Jurassic World Evolution,Frontier Developments,Frontier Developments,47081,6875,44.99,44.99,0,260,3500000.0,53956,87.26
471710,Rec Room,Rec Room,Rec Room,63756,7467,0.0,0.0,0,1510,3500000.0,71223,89.52
1372880,The Day Before,FNTASTIC,Mytona Fntastic,3686,19751,0.0,0.0,0,0,3500000.0,23437,15.73
524220,NieR:Automata,"Square Enix, PlatinumGames Inc.",Square Enix,122027,18142,39.99,39.99,0,690,3500000.0,140169,87.06
305620,The Long Dark,Hinterland Studio Inc.,Hinterland Studio Inc.,101846,10729,19.99,19.99,0,2575,3500000.0,112575,90.47
475150,Titan Quest Anniversary Edition,"Iron Lore Entertainment, THQ Nordic",THQ Nordic,32295,3226,19.99,19.99,0,599,3500000.0,35521,90.92
47870,Need For Speed: Hot Pursuit,Criterion Games,Electronic Arts,16490,3487,0.0,0.0,0,19,3500000.0,19977,82.54
629520,Soundpad,Leppsoft,Leppsoft,84918,3466,4.99,4.99,0,15279,3500000.0,88384,96.08
282440,Quake Live,id Software,Bethesda Softworks,13303,2074,9.99,9.99,0,297,3500000.0,15377,86.51
436150,Governor of Poker 3,Playtika Ltd.,Playtika Ltd.,10541,4800,0.0,0.0,0,1053,3500000.0,15341,68.71
1304930,The Outlast Trials,Red Barrels,Red Barrels,62533,4423,39.99,39.99,0,3743,3500000.0,66956,93.39
550900,Metin2,WEBZEN Inc.,Gameforge 4D GmbH,10212,4355,0.0,0.0,0,0,3500000.0,14567,70.1
33230,Assassin's Creed 2,Ubisoft Montreal,Ubisoft,48815,5831,19.99,19.99,0,188,3500000.0,54646,89.33
427730,Who's Your Daddy?!,Evil Tortilla Games,Evil Tortilla Games,24318,6091,9.99,9.99,0,75,3500000.0,30409,79.97
221040,Resident Evil 6,Capcom,Capcom,42993,11727,4.99,19.99,75,515,3500000.0,54720,78.57
1274570,DEVOUR,Straight Back Games,Straight Back Games,75057,7457,6.99,9.99,30,447,3500000.0,82514,90.96
1222700,A Way Out,Hazelight Studios,Electronic Arts,72313,10149,8.99,29.99,70,262,3500000.0,82462,87.69
1468810,鬼谷八荒 Tale of Immortal,鬼谷工作室,"鬼谷工作室, Lightning Games",121020,106084,12.99,19.99,35,4116,3500000.0,227104,53.29
287390,Metro: Last Light Redux,4A Games,Deep Silver,63534,6562,19.99,19.99,0,320,3500000.0,70096,90.64
570940,DARK SOULS: REMASTERED,"QLOC, FromSoftware, Inc.","FromSoftware, Inc., Bandai Namco Entertainment",119152,10147,39.99,39.99,0,2879,3500000.0,129299,92.15
1272080,PAYDAY 3,Starbreeze Studios,Starbreeze Entertainment,25497,33195,29.99,29.99,0,644,3500000.0,58692,43.44
316010,Magic Duels,Stainless Games Ltd.,Wizards of the Coast LLC,16916,6928,0.0,0.0,0,37,3500000.0,23844,70.94
105450,Age of Empires III (2007),Ensemble Studios,Xbox Game Studios,29126,2913,0.0,0.0,0,309,3500000.0,32039,90.91
1167630,Teardown,Tuxedo Labs,Tuxedo Labs,104653,4809,29.99,29.99,0,1984,3500000.0,109462,95.61
11020,TrackMania Nations Forever,Nadeo,Ubisoft,21244,2359,0.0,0.0,0,181,3500000.0,23603,90.01
12200,Bully: Scholarship Edition,Rockstar New England,Rockstar Games,30730,5604,5.24,14.99,65,221,3500000.0,36334,84.58
881100,Noita,Nolla Games,Nolla Games,74759,3718,19.99,19.99,0,2019,3500000.0,78477,95.26
1313140,Cult of the Lamb,Massive Monster,Devolver Digital,98711,4517,24.99,24.99,0,1535,3500000.0,103228,95.62
261570,Ori and the Blind Forest,Moon Studios GmbH,Xbox Game Studios,54150,3262,0.0,0.0,0,172,3500000.0,57412,94.32
1361210,"Warhammer 40,000: Darktide",Fatshark,Fatshark,80268,32692,39.99,39.99,0,7267,3500000.0,112960,71.06
221910,The Stanley Parable,Galactic Cafe,"Galactic Cafe, Klei Publishing",41582,3400,14.99,14.99,0,21,3500000.0,44982,92.44
238090,Sniper Elite 3,Rebellion,Rebellion,22323,4794,3.89,29.99,87,82,3500000.0,27117,82.32
242720,GunZ 2: The Second Duel,Masangsoft,Masangsoft,7055,3622,0.0,0.0,0,3,3500000.0,10677,66.08
1250410,Microsoft Flight Simulator (2020) 40th Anniversary Edition,Asobo Studio,Xbox Game Studios,51794,13872,59.99,59.99,0,3245,3500000.0,65666,78.87
644930,They Are Billions,Numantian Games,Numantian Games,41508,7257,29.99,29.99,0,2751,3500000.0,48765,85.12
641990,The Escapists 2,"Team17, Mouldy Toof Studios",Team17,28948,3000,19.99,19.99,0,214,3500000.0,31948,90.61
1254120,Bless Unleashed,VALOFE,VALOFE,16259,14611,0.0,0.0,0,291,3500000.0,30870,52.67
222880,Insurgency,New World Interactive,New World Interactive,114570,10301,14.99,14.99,0,154,3500000.0,124871,91.75
201790,Orcs Must Die! 2,Robot Entertainment,Robot Entertainment,17917,1371,14.99,14.99,0,34,3500000.0,19288,92.89
1569040,Football Manager 2022,Sports Interactive,SEGA,19861,1599,0.0,0.0,0,1742,3500000.0,21460,92.55
203290,America's Army: Proving Grounds,U.S. Army,U.S. Army,8637,2315,0.0,0.0,0,132,3500000.0,10952,78.86
2670630,Supermarket Simulator,Nokta Games,Nokta Games,64104,4237,19.99,19.99,0,2464,3500000.0,68341,93.8
286570,F1 2015,"Codemasters, Feral Interactive (Linux)","Codemasters, Feral Interactive (Linux)",4720,3172,0.0,0.0,0,22,3500000.0,7892,59.81
787860,Farming Simulator 19,GIANTS Software,GIANTS Software,70448,4172,17.99,17.99,0,983,3500000.0,74620,94.41
466560,Northgard: Definitive Edition,Shiro Games,Shiro Games,55844,8851,9.79,34.99,72,1164,3500000.0,64695,86.32
207140,SpeedRunners,DoubleDutch Games,tinyBuild,34525,2215,14.99,14.99,0,195,3500000.0,36740,93.97
1092790,Inscryption,Daniel Mullins Games,Devolver Digital,127792,4098,19.99,19.99,0,1301,3500000.0,131890,96.89
431240,Golf With Your Friends,"Blacklight Interactive, Team17",Team17,59105,7975,14.99,14.99,0,979,3500000.0,67080,88.11
248570,Toribash,Nabi Studios,"Nicalis, Inc.",14775,1928,0.0,0.0,0,85,3500000.0,16703,88.46
107100,Bastion,Supergiant Games,Supergiant Games,35661,1731,14.99,14.99,0,15,3500000.0,37392,95.37
209000,Batman: Arkham Origins,"WB Games Montreal, Splash Damage",Warner Bros. Interactive Entertainment,51192,6071,19.99,19.99,0,616,3500000.0,57263,89.4
24960,Battlefield: Bad Company 2,DICE,Electronic Arts,31749,5438,0.0,0.0,0,22,3500000.0,37187,85.38
848450,Subnautica: Below Zero,Unknown Worlds Entertainment,Unknown Worlds Entertainment,87607,9053,29.99,29.99,0,698,3500000.0,96660,90.63
286940,S.K.I.L.L. - Special Force 2 (Shooter),"Dragonfly GF Co., LTD",Space Budgie,8049,3267,0.0,0.0,0,0,3500000.0,11316,71.13
740130,Tales of ARISE,Bandai Namco Studios Inc.,Bandai Namco Entertainment,30379,4403,19.99,49.99,60,182,3500000.0,34782,87.34
17390,SPORE,Maxis™,Electronic Arts,61124,4996,19.99,19.99,0,599,3500000.0,66120,92.44
530700,Argo,Bohemia Interactive,Bohemia Interactive,5610,5315,0.0,0.0,0,1,3500000.0,10925,51.35
2622380,ELDEN RING NIGHTREIGN,"FromSoftware, Inc.","FromSoftware, Inc., Bandai Namco Entertainment",48901,16771,39.99,39.99,0,163599,3500000.0,65672,74.46
220240,Far Cry 3,"Ubisoft Montreal, Massive Entertainment, and Ubisoft Shanghai",Ubisoft,101914,12105,19.99,19.99,0,488,3500000.0,114019,89.38
1217060,Gunfire Reborn,Gunfire Reborn Studio,Duoyi Games,92655,6517,13.99,19.99,30,1428,3500000.0,99172,93.43
1248130,Farming Simulator 22,GIANTS Software,GIANTS Software,78110,6402,19.99,19.99,0,5419,3500000.0,84512,92.42
437900,Party Jousting,vikingfabian,vikingfabian,662,61,0.0,0.0,0,1,3500000.0,723,91.56
635260,CarX Drift Racing Online,"CarX Technologies, LLC","CarX Technologies, LLC",79504,3912,3.39,16.99,80,1658,3500000.0,83416,95.31
259080,Just Cause 2: Multiplayer Mod,Avalanche Studios,Square Enix,13558,1246,0.0,0.0,0,7,3500000.0,14804,91.58
414340,Hellblade: Senua's Sacrifice,Ninja Theory,"Ninja Theory, Xbox Game Studios",66212,7260,29.99,29.99,0,73,3500000.0,73472,90.12
42700,Call of Duty: Black Ops,Treyarch,Activision,36530,3695,19.99,39.99,50,527,3500000.0,40225,90.81
108710,Alan Wake,Remedy Entertainment,Remedy Entertainment,44449,4714,14.99,14.99,0,165,3500000.0,49163,90.41
55100,Homefront,"Kaos Studios, Digital Extremes",Deep Silver,7787,4980,19.99,19.99,0,12,3500000.0,12767,60.99
1520470,封灵档案,（Hong Kong）GKD,（Hong Kong）GKD,21945,4737,0.0,0.0,0,656,3500000.0,26682,82.25
644560,Mirror,KAGAMI WORKS,Paradise Project,80419,2554,1.99,1.99,0,106,3500000.0,82973,96.92
1263850,Football Manager 2021,Sports Interactive,SEGA,22342,1558,0.0,0.0,0,1122,3500000.0,23900,93.48
407530,ARK: Survival Of The Fittest,"Studio Wildcard, Instinct Games, Efecto Studios, Virtual Basement LLC",Studio Wildcard,7766,3926,4.49,14.99,70,43,3500000.0,11692,66.42
774171,Muse Dash,peropero,hasuhasu,107491,11938,2.99,2.99,0,672,3500000.0,119429,90.0
279720,The I of the Dragon,Primal,TopWare Interactive,676,321,3.19,7.99,60,1,3500000.0,997,67.8
201810,Wolfenstein: The New Order,MachineGames,Bethesda Softworks,51691,4778,19.99,19.99,0,417,3500000.0,56469,91.54
319510,Five Nights at Freddy's,Scott Cawthon,Scott Cawthon,48831,3406,4.99,4.99,0,118,3500000.0,52237,93.48
1888160,ARMORED CORE VI FIRES OF RUBICON,"FromSoftware, Inc.","FromSoftware, Inc., Bandai Namco Entertainment Inc.",70425,6617,59.99,59.99,0,1011,3500000.0,77042,91.41
674020,World War 3,Wishlist Games,Wishlist Games,29495,25034,0.0,0.0,0,59,3500000.0,54529,54.09
310950,Street Fighter V,"CAPCOM Co., Ltd.","CAPCOM Co., Ltd.",29529,14122,19.99,19.99,0,170,3500000.0,43651,67.65
952060,Resident Evil 3,"CAPCOM Co., Ltd.","CAPCOM Co., Ltd.",74536,16699,7.99,39.99,80,362,3500000.0,91235,81.7
949230,Cities: Skylines II,"Iceflake Studios, Colossal Order",Paradox Interactive,38697,34827,49.99,49.99,0,5392,3500000.0,73524,52.63
1466860,Age of Empires IV: Anniversary Edition,"World's Edge, Relic Entertainment, Forgotten Empires, Climax Studios",Xbox Game Studios,69559,11311,39.99,39.99,0,7084,3500000.0,80870,86.01
1904540,Football Manager 2023,Sports Interactive,SEGA,17645,2012,0.0,0.0,0,4178,3500000.0,19657,89.76
388410,Darksiders II Deathinitive Edition,"Gunfire Games, Vigil Games, THQ Nordic",THQ Nordic,14223,3887,29.99,29.99,0,78,3500000.0,18110,78.54
544810,KARDS - The WWII Card Game,1939 Games,1939 Games,28543,10136,0.0,0.0,0,4796,3500000.0,38679,73.79
611500,Quake Champions,id Software,Bethesda Softworks,28297,10068,0.0,0.0,0,203,3500000.0,38365,73.76
50,Half-Life: Opposing Force,Gearbox Software,Valve,24363,1198,4.99,4.99,0,74,3500000.0,25561,95.31
1408720,Krunker,FRVR,FRVR,21147,5599,0.0,0.0,0,32,3500000.0,26746,79.07
310560,DiRT Rally,"Codemasters, Feral Interactive (Linux), Feral Interactive (Mac)","Codemasters, Feral Interactive (Linux), Feral Interactive (Mac), Electronic Arts",34981,4810,0.0,0.0,0,84,3500000.0,39791,87.91
1845910,Dragon Age: The Veilguard,BioWare,Electronic Arts,28118,12361,59.99,59.99,0,804,3500000.0,40479,69.46
254700,Resident Evil 4 (2005),Capcom,Capcom,77003,5431,4.99,19.99,75,673,3500000.0,82434,93.41
1029690,Sniper Elite 5,Rebellion,Rebellion,18453,3750,4.99,49.99,90,1538,3500000.0,22203,83.11
12220,Grand Theft Auto: Episodes from Liberty City,Rockstar North / Toronto,Rockstar Games,7524,2647,0.0,0.0,0,0,3500000.0,10171,73.98
815370,Green Hell,Creepy Jar,Creepy Jar,69304,11300,2.49,24.99,90,1656,3500000.0,80604,85.98
308040,Back to Bed,Bedtime Digital Games,Bedtime Digital Games,2296,537,5.99,5.99,0,1,3500000.0,2833,81.04
470220,UNO,Ubisoft Entertainment,Ubisoft Entertainment,37173,14345,9.99,9.99,0,291,3500000.0,51518,72.16
302830,BLOCKADE 3D,Novalink,Novalink,14974,10584,0.0,0.0,0,4,3500000.0,25558,58.59
242920,Banished,Shining Rock Software LLC,Shining Rock Software LLC,38173,4073,19.99,19.99,0,477,3500000.0,42246,90.36
236110,Dungeon Defenders II,Chromatic Games,Chromatic Games,16882,4941,0.0,0.0,0,351,3500000.0,21823,77.36
383870,Firewatch,Campo Santo,"Panic, Campo Santo",81777,8661,19.99,19.99,0,81,3500000.0,90438,90.42
1237950,STAR WARS Battlefront II,DICE,Electronic Arts,62342,8866,39.99,39.99,0,9213,3500000.0,71208,87.55
1399780,Spellbreak,"Proletariat, Inc.","Proletariat, Inc.",12119,1887,0.0,0.0,0,1,3500000.0,14006,86.53
312660,Sniper Elite 4,Rebellion,Rebellion,53923,5232,5.99,59.99,90,541,3500000.0,59155,91.16
502500,ACE COMBAT 7: SKIES UNKNOWN,Bandai Namco Studios Inc.,Bandai Namco Entertainment,42202,5990,59.99,59.99,0,340,3500000.0,48192,87.57
632470,Disco Elysium - The Final Cut,ZA/UM,ZA/UM,104010,7702,39.99,39.99,0,918,3500000.0,111712,93.11
200260,Batman: Arkham City - Game of the Year Edition,Rocksteady Studios,WB Games,65947,2689,19.99,19.99,0,655,3500000.0,68636,96.08
393380,Squad,Offworld,Offworld,175088,35463,39.99,39.99,0,9116,3500000.0,210551,83.16
40800,Super Meat Boy,Team Meat,,33571,1923,14.99,14.99,0,72,3500000.0,35494,94.58
303390,Dead Bits,Microblast Games,SA Industry,5141,3408,4.99,4.99,0,2,3500000.0,8549,60.14
280,Half-Life: Source,Valve,Valve,11068,4988,9.99,9.99,0,27,3500000.0,16056,68.93
783770,Ironsight,"WipleGames Inc.,","WipleGames Inc.,",16204,6206,0.0,0.0,0,64,3500000.0,22410,72.31
212070,Star Conflict,Star Gem Inc.,Gaijin Network Ltd,10879,3974,0.0,0.0,0,95,3500000.0,14853,73.24
110800,L.A. Noire,"Team Bondi, Rockstar Leeds",Rockstar Games,29214,4812,5.99,19.99,70,150,3500000.0,34026,85.86
41070,Serious Sam 3: BFE,Croteam,Devolver Digital,24491,3224,29.99,29.99,0,105,3500000.0,27715,88.37
50300,Spec Ops: The Line,YAGER,"2K, Missing Link Games",51267,3642,0.0,0.0,0,31,3500000.0,54909,93.37
1284210,Guild Wars 2,ArenaNet®,ArenaNet®,19151,2392,0.0,0.0,0,3277,3500000.0,21543,88.9
485510,Nioh: Complete Edition,"KOEI TECMO GAMES CO., LTD.","KOEI TECMO GAMES CO., LTD.",27867,7025,7.49,49.99,85,291,3500000.0,34892,79.87
35700,Trine Enchanted Edition,Frozenbyte,Frozenbyte,14696,649,2.99,14.99,80,16,3500000.0,15345,95.77
210770,Sanctum 2,Coffee Stain Studios,Coffee Stain Publishing,12856,1435,14.99,14.99,0,15,3500000.0,14291,89.96
282140,SOMA,Frictional Games,Frictional Games,43530,1835,29.99,29.99,0,57,3500000.0,45365,95.96
495420,State of Decay 2: Juggernaut Edition,Undead Labs,Xbox Game Studios,52001,10715,29.99,29.99,0,1281,3500000.0,62716,82.92
323580,Jotun: Valhalla Edition,Thunder Lotus,Thunder Lotus,6536,1905,14.99,14.99,0,3,3500000.0,8441,77.43
225260,Brutal Legend,Double Fine Productions,Double Fine Productions,17657,1314,14.99,14.99,0,36,3500000.0,18971,93.07
2835570,Buckshot Roulette,Mike Klubnika,CRITICAL REFLEX,91745,3796,2.99,2.99,0,793,3500000.0,95541,96.03
464920,Surviving Mars,"Haemimont Games, Abstraction",Paradox Interactive,22472,4098,29.99,29.99,0,507,3500000.0,26570,84.58
9900,Star Trek Online,Cryptic Studios,Arc Games,15939,4206,0.0,0.0,0,1057,3500000.0,20145,79.12
7940,Call of Duty 4: Modern Warfare (2007),Infinity Ward,Activision,23438,1632,9.99,19.99,50,377,3500000.0,25070,93.49
493340,Planet Coaster,"Frontier Developments, Aspyr (Mac)","Frontier Developments, Aspyr (Mac)",64131,6147,44.99,44.99,0,687,3500000.0,70278,91.25
343710,Kholat,IMGN.PRO,IMGN.PRO,4485,2238,4.59,19.99,77,1,3500000.0,6723,66.71
504230,Celeste,"Maddy Makes Games Inc., Extremely OK Games, Ltd.",Maddy Makes Games Inc.,117545,3057,19.99,19.99,0,1174,3500000.0,120602,97.47
265590,The Red Solstice,Ironward,Ironward,1772,729,0.99,9.99,90,5,3500000.0,2501,70.85
394510,HELLDIVERS Dive Harder Edition,Arrowhead Game Studios,PlayStation Publishing LLC,28441,3078,19.99,19.99,0,209,3500000.0,31519,90.23
1128810,RISK: Global Domination,SMG Studio,SMG Studio,31060,7783,0.0,0.0,0,2153,3500000.0,38843,79.96
325610,Total War: ATTILA,"CREATIVE ASSEMBLY, Feral Interactive","SEGA, Feral Interactive",28785,6287,19.99,19.99,0,1422,3500000.0,35072,82.07
1643320,S.T.A.L.K.E.R. 2: Heart of Chornobyl,GSC Game World,"GSC Game World (worldwide), SEGA (Japan), 4Divinity (China and South East Asia)",91274,22072,59.99,59.99,0,2403,3500000.0,113346,80.53
204450,Call of Juarez: Gunslinger,Techland,Techland Publishing,38679,2027,2.99,14.99,80,91,3500000.0,40706,95.02
63380,Sniper Elite V2,Rebellion,Rebellion,22263,2958,0.0,0.0,0,34,3500000.0,25221,88.27
268420,Aura Kingdom,X-Legend,Aeria Games,6676,1884,0.0,0.0,0,1,3500000.0,8560,77.99
482730,Football Manager 2017,Sports Interactive,SEGA,6576,4465,0.0,0.0,0,388,3500000.0,11041,59.56
360970,Heaven Forest NIGHTS,Fabio Ferrara,Chubby Pixel,227,112,0.49,0.99,51,0,3500000.0,339,66.96
22370,Fallout 3: Game of the Year Edition,Bethesda Game Studios,Bethesda Softworks,41078,9515,19.99,19.99,0,318,3500000.0,50593,81.19
349040,NARUTO SHIPPUDEN: Ultimate Ninja STORM 4,CyberConnect2 Co. Ltd.,BANDAI NAMCO Entertainment,80515,7987,14.99,19.99,25,384,3500000.0,88502,90.98
823130,Totally Accurate Battlegrounds,Landfall,Landfall,76919,10093,0.0,0.0,0,121,3500000.0,87012,88.4
204100,Max Payne 3,Rockstar Studios,Rockstar Games,49420,7656,19.99,19.99,0,197,3500000.0,57076,86.59
1184370,Pathfinder: Wrath of the Righteous - Enhanced Edition,Owlcat Games,"META Publishing, Owlcat Games",32303,6193,9.99,49.99,80,1874,3500000.0,38496,83.91
640820,Pathfinder: Kingmaker — Enhanced Plus Edition,Owlcat Games,Knights Peak,26001,7420,19.99,19.99,0,590,3500000.0,33421,77.8
47890,The Sims 3,"The Sims Studio, Maxis",Electronic Arts,28544,4366,19.99,19.99,0,1264,3500000.0,32910,86.73
637650,FINAL FANTASY XV WINDOWS EDITION,Square Enix,Square Enix,44632,9056,34.99,34.99,0,339,3500000.0,53688,83.13
703080,Planet Zoo,Frontier Developments,Frontier Developments,80029,7820,44.99,44.99,0,2497,3500000.0,87849,91.1
35140,Batman: Arkham Asylum Game of the Year Edition,Rocksteady Studios,WB Games,70940,2711,19.99,19.99,0,601,3500000.0,73651,96.32
460950,Katana ZERO,Askiisoft,Devolver Digital,69672,1397,14.99,14.99,0,82,3500000.0,71069,98.03
50620,Darksiders,Vigil Games,THQ Nordic,11074,1328,19.99,19.99,0,9,3500000.0,12402,89.29
337000,Deus Ex: Mankind Divided,"Eidos Montreal, Feral Interactive (Linux/Mac)","Eidos Interactive Corp., Feral Interactive (Linux/Mac)",31037,9813,29.99,29.99,0,205,3500000.0,40850,75.98
433340,Slime Rancher,Monomi Park,Monomi Park,135271,2826,4.99,19.99,75,858,3500000.0,138097,97.95
238010,Deus Ex: Human Revolution - Director's Cut,Eidos Montreal,Eidos Interactive Corp.,25909,2216,19.99,19.99,0,193,3500000.0,28125,92.12
527230,For The King,IronOak Games,Curve Games,36581,4906,19.99,19.99,0,428,3500000.0,41487,88.17
39120,RIFT,gamigo US Inc.,gamigo US Inc.,8347,2896,0.0,0.0,0,139,3500000.0,11243,74.24
307690,Sleeping Dogs: Definitive Edition,"United Front Games, Feral Interactive (Mac)","Square Enix, Feral Interactive (Mac)",64644,4385,19.99,19.99,0,524,3500000.0,69029,93.65
266840,Age of Mythology: Extended Edition,"SkyBox Labs, Ensemble Studios, Forgotten Empires",Xbox Game Studios,32895,2413,29.99,29.99,0,804,3500000.0,35308,93.17
2054970,Dragon's Dogma 2,"CAPCOM Co., Ltd.","CAPCOM Co., Ltd.",65154,41785,39.99,39.99,0,768,3500000.0,106939,60.93
645630,Car Mechanic Simulator 2018,Red Dot Games,PlayWay S.A.,47065,4456,19.99,19.99,0,202,3500000.0,51521,91.35
300,Day of Defeat: Source,Valve,Valve,20798,1891,9.99,9.99,0,238,3500000.0,22689,91.67
1790600,DRAGON BALL: Sparking! ZERO,"Spike Chunsoft Co., Ltd.",Bandai Namco Entertainment,58221,6959,49.99,49.99,0,949,3500000.0,65180,89.32
368260,Marvel's Midnight Suns,Firaxis Games,2K,17871,4003,8.99,59.99,85,436,3500000.0,21874,81.7
389570,Mitos.is: The Game,Freakinware Studios,Freakinware Studios,9560,2271,0.0,0.0,0,43,3500000.0,11831,80.8
736590,Operation: Harsh Doorstop,Drakeling Labs,"Funbox Media Ltd, ZOOM Platform Media",14167,4253,0.0,0.0,0,119,3500000.0,18420,76.91
1637320,Dome Keeper,Bippinbits,Raw Fury,14952,1260,17.99,17.99,0,402,3500000.0,16212,92.23
409720,BioShock 2 Remastered,"2K Marin, 2K China, Digital Extremes, 2K Australia, Blind Squirrel, Feral Interactive (Mac)","2K, Feral Interactive (Mac)",18860,7762,19.99,19.99,0,198,3500000.0,26622,70.84
975370,Dwarf Fortress,Bay 12 Games,Kitfox Games,27134,1445,29.99,29.99,0,915,3500000.0,28579,94.94
15620,"Warhammer 40,000: Dawn of War II - Anniversary Edition (Classic)","Relic Entertainment, Feral Interactive (Mac/Linux)","Relic Entertainment, Feral Interactive (Mac/Linux)",11298,1476,9.99,49.99,80,152,3500000.0,12774,88.45
1371980,No Rest for the Wicked,Moon Studios GmbH,Moon Studios GmbH,39563,10970,39.99,39.99,0,947,3500000.0,50533,78.29
993090,Lossless Scaling,THS,THS,22235,2653,6.99,6.99,0,5667,3500000.0,24888,89.34
476480,Heaven Forest - VR MMO,Fabio Ferrara,Chubby Pixel,331,156,0.49,0.99,51,1,3500000.0,487,67.97
65930,The Bureau: XCOM Declassified,2K Marin,2K,8277,3509,3.99,19.99,80,15,3500000.0,11786,70.23
3132990,Black Myth: Wukong Benchmark Tool,Game Science,Game Science,4485,368,0.0,0.0,0,59,3500000.0,4853,92.42
1277400,Monster Hunter Stories 2: Wings of Ruin,"CAPCOM Co., Ltd.","CAPCOM Co., Ltd.",13186,2801,14.79,39.99,63,118,3500000.0,15987,82.48
2215430,Ghost of Tsushima DIRECTOR'S CUT,"Sucker Punch Productions, Nixxes Software",PlayStation Publishing LLC,61086,4029,59.99,59.99,0,2025,3500000.0,65115,93.81
602960,Barotrauma,"FakeFish, Undertow Games",Daedalic Entertainment,70694,4640,17.49,34.99,50,2371,3500000.0,75334,93.84
606150,Moonlighter,Digital Sun,11 bit studios,16395,3518,19.99,19.99,0,127,3500000.0,19913,82.33
342200,MechWarrior Online Solaris 7,Piranha Games Inc.,Piranha Games Inc.,9790,2430,0.0,0.0,0,392,3500000.0,12220,80.11
1824220,Chivalry 2,Torn Banner Studios,Tripwire Presents,37673,9288,7.99,39.99,80,1565,3500000.0,46961,80.22
55150,"Warhammer 40,000: Space Marine - Anniversary Edition",Relic Entertainment,Relic Entertainment,27915,2501,9.99,39.99,75,95,3500000.0,30416,91.78
8980,Borderlands Game of the Year,Gearbox Software,2K,28944,3579,29.99,29.99,0,142,3500000.0,32523,89.0
900883,The Elder Scrolls IV: Oblivion Game of the Year Edition Deluxe (2009),Bethesda Game Studios®,Bethesda Softworks,48307,2354,19.99,19.99,0,0,3500000.0,50661,95.35
312530,Duck Game,Landon Podbielski,CORPTRON GAMES CORP.,37172,1304,12.99,12.99,0,112,3500000.0,38476,96.61
1139900,Ghostrunner,"One More Level, 3D Realms, Slipgate Ironworks™, All in! Games",505 Games,57713,5436,29.99,29.99,0,174,3500000.0,63149,91.39
1343400,RuneScape ,Jagex Ltd,Jagex Ltd,20941,4397,0.0,0.0,0,2496,3500000.0,25338,82.65
738060,Freddy Fazbear's Pizzeria Simulator,Scott Cawthon,Scott Cawthon,28374,1835,0.0,0.0,0,118,3500000.0,30209,93.93
893520,Creative Destruction,NetEase Games,NetEase Games,14571,3940,0.0,0.0,0,0,3500000.0,18511,78.72
234650,Shadowrun Returns,Harebrained Schemes,Paradox Interactive,11833,1549,14.99,14.99,0,31,3500000.0,13382,88.42
744900,Dead Frontier 2,Creaky Corpse Ltd,Creaky Corpse Ltd,18844,7957,0.0,0.0,0,647,3500000.0,26801,70.31
314160,Microsoft Flight Simulator X: Steam Edition,Microsoft Game Studios,Xbox Game Studios,22120,3483,24.99,24.99,0,486,3500000.0,25603,86.4
1364780,Street Fighter 6,"CAPCOM Co., Ltd.","CAPCOM Co., Ltd.",48252,8414,39.99,39.99,0,14920,3500000.0,56666,85.15
9010,Return to Castle Wolfenstein,Gray Matter Studios,Bethesda Softworks,7832,585,4.99,4.99,0,26,3500000.0,8417,93.05
554620,Life is Strange: Before the Storm,"Deck Nine, Feral Interactive (Mac), Feral Interactive (Linux)","Square Enix, Feral Interactive (Mac), Feral Interactive (Linux)",34787,2506,16.99,16.99,0,35,3500000.0,37293,93.28
368500,Assassin's Creed Syndicate,"Ubisoft Quebec, in collaboration with Ubisoft Annecy, Bucharest, Kiev, Montreal, Montpellier, Shanghai, Singapore, Sofia, Toronto studios",Ubisoft,23779,5900,29.99,29.99,0,173,3500000.0,29679,80.12
17470,Dead Space (2008),EA Redwood Shores,Electronic Arts,25388,2272,19.99,19.99,0,43,3500000.0,27660,91.79
204300,Awesomenauts,Ronimo Games,Atari,22618,4113,19.99,19.99,0,83,3500000.0,26731,84.61
630100,SoulWorker - Anime Action MMO,"Lion Games Co., Ltd.",Gameforge 4D GmbH,11048,2901,0.0,0.0,0,0,3500000.0,13949,79.2
750920,Shadow of the Tomb Raider: Definitive Edition,"Eidos-Montréal, Crystal Dynamics, Nixxes, Feral Interactive (Mac), Feral interactive (Linux)","Crystal Dynamics, Feral Interactive (Mac), Feral interactive (Linux)",66684,12759,39.99,39.99,0,582,3500000.0,79443,83.94
436520,Line of Sight,BlackSpot Entertainment,BlackSpot Entertainment,5402,3653,0.0,0.0,0,9,3500000.0,9055,59.66
1659040,HITMAN World of Assassination,IO Interactive A/S,IO Interactive A/S,39449,6333,2.99,29.99,90,2637,3500000.0,45782,86.17
788100,Neon Abyss,Veewo Games,"Team17, Veewo Games",19957,3183,7.87,31.49,75,161,3500000.0,23140,86.24
858820,Tribes of Midgard,Norsfell,"Gearbox Publishing, 2K",17197,5278,19.99,19.99,0,113,3500000.0,22475,76.52
680420,OUTRIDERS,People Can Fly,Square Enix,40267,20201,19.99,19.99,0,178,3500000.0,60468,66.59
678960,CODE VEIN,Bandai Namco Studios,Bandai Namco Entertainment,48327,8991,59.99,59.99,0,443,3500000.0,57318,84.31
1611910,"Warhammer 40,000: Chaos Gate - Daemonhunters",Complex Games,Frontier Foundry,10162,2945,11.24,44.99,75,373,3500000.0,13107,77.53
206440,To the Moon,Freebird Games,"Freebird Games, Serenity Forge",77246,3015,9.99,9.99,0,86,3500000.0,80261,96.24
613010,Secret in Story,Naivus Luo,Naivus Luo,79,35,0.99,0.99,0,0,3500000.0,114,69.3
424280,Iron Snout,SnoutUp,SnoutUp,16955,391,0.0,0.0,0,13,3500000.0,17346,97.75
212160,Vindictus,devCAT,NEXON Korea Corp. &amp; NEXON America Inc.,5300,2563,0.0,0.0,0,141,3500000.0,7863,67.4
1030830,Mafia II: Definitive Edition,"Hangar 13, D3T",2K,21955,8309,29.99,29.99,0,538,3500000.0,30264,72.54
365450,Hacknet,Team Fractal Alligator,Fellow Traveller,23511,1604,9.99,9.99,0,31,3500000.0,25115,93.61
302510,Ryse: Son of Rome,Crytek,Crytek ,35415,5411,9.99,9.99,0,83,3500000.0,40826,86.75
22330,The Elder Scrolls IV: Oblivion Game of the Year Edition (2009),Bethesda Game Studios,Bethesda Softworks,48307,2354,14.99,14.99,0,1156,3500000.0,50661,95.35
1687950,Persona 5 Royal,ATLUS,SEGA,99657,3487,59.99,59.99,0,4994,3500000.0,103144,96.62
238370,Magicka 2,Pieces Interactive,Paradox Interactive,11061,2330,14.99,14.99,0,26,3500000.0,13391,82.6
113020,Monaco: What's Yours Is Mine,Pocketwatch Games,Balor Games,7728,800,14.99,14.99,0,6,3500000.0,8528,90.62
3070070,TCG Card Shop Simulator,OPNeon Games,OPNeon Games,38392,1107,16.99,19.99,15,1661,3500000.0,39499,97.2
977950,A Dance of Fire and Ice,7th Beat Games,"7th Beat Games, indienova",69052,4419,5.99,5.99,0,1870,3500000.0,73471,93.99
6860,Hitman: Blood Money,Io-Interactive A/S,Io-Interactive A/S,13213,821,9.99,9.99,0,66,3500000.0,14034,94.15
1057240,Crucible Beta,Relentless Studios,Amazon Games,4624,6120,0.0,0.0,0,0,3500000.0,10744,43.04
268050,The Evil Within,Tango Gameworks,Bethesda Softworks,25820,4485,19.99,19.99,0,211,3500000.0,30305,85.2
511470,Glass Masquerade,Onyx Lute,Onyx Lute,6405,202,4.99,4.99,0,11,3500000.0,6607,96.94
389430,Knight Online,"Noah System, Mgame",NTTGame,5482,5404,0.0,0.0,0,1421,3500000.0,10886,50.36
289130,ENDLESS Legend,AMPLITUDE Studios,AMPLITUDE Studios,15589,3042,29.99,29.99,0,173,3500000.0,18631,83.67
488790,South Park: The Fractured But Whole,Ubisoft San Francisco,Ubisoft,24764,4520,29.99,29.99,0,250,3500000.0,29284,84.56
493520,GTFO,10 Chambers,10 Chambers,52357,9740,11.19,39.99,72,307,3500000.0,62097,84.31
546560,Half-Life: Alyx,Valve,Valve,95555,1674,14.99,59.99,75,202,3500000.0,97229,98.28
439190,Stories: The Path of Destinies,Spearhead Games,Spearhead Games,5754,767,14.99,14.99,0,3,3500000.0,6521,88.24
67370,The Darkness II,Digital Extremes,2K,18121,1651,2.99,29.99,90,19,3500000.0,19772,91.65
845070,The Awesome Adventures of Captain Spirit,DONTNOD Entertainment,Square Enix,13218,1036,0.0,0.0,0,16,3500000.0,14254,92.73
453480,Shadowverse CCG,"Cygames, Inc.","Cygames, Inc., Cygames Korea Inc.",10839,3875,0.0,0.0,0,1122,3500000.0,14714,73.66
633230,NARUTO TO BORUTO: SHINOBI STRIKER,Soleil Ltd.,Bandai Namco Entertainment,47138,8892,19.99,19.99,0,255,3500000.0,56030,84.13
32370,STAR WARS Knights of the Old Republic,"BioWare, Aspyr (Mac)","LucasArts, Aspyr (Mac), Disney, Lucasfilm",28928,2810,9.99,9.99,0,424,3500000.0,31738,91.15
476600,Call of Duty: WWII,"Sledgehammer Games, Raven Software",Activision,30055,13278,14.99,59.99,75,298,3500000.0,43333,69.36
1404210,Red Dead Online,Rockstar Games,Rockstar Games,55526,11255,19.99,19.99,0,2207,3500000.0,66781,83.15
1557740,ROUNDS,Landfall,Landfall,34893,1765,5.99,5.99,0,555,3500000.0,36658,95.19
1619450,Heart of a Warrior,Techworld Communication,Techworld Communication ,0,1,10.99,10.99,0,0,3500000.0,1,0.0
683320,GRIS,Nomada Studio,Devolver Digital,80404,3044,14.99,14.99,0,67,3500000.0,83448,96.35
2551020,One-armed robber,Duhndal,Duhndal,35393,3335,0.0,0.0,0,786,3500000.0,38728,91.39
1536610,OpenTTD,OpenTTD,OpenTTD,13845,549,0.0,0.0,0,445,1500000.0,14394,96.19
386940,Ultimate Chicken Horse,Clever Endeavour Games,Clever Endeavour Games,46319,1981,14.99,14.99,0,350,1500000.0,48300,95.9
346010,Besiege,Spiderling Studios,Spiderling Studios,47491,2263,14.99,14.99,0,243,1500000.0,49754,95.45
924970,Back 4 Blood,Turtle Rock Studios,Warner Bros. Games,46833,21608,59.99,59.99,0,1288,1500000.0,68441,68.43
349700,Romero's Aftermath,Free Reign Entertainment,"OP Productions LLC, Free Reign East LLC",5385,5693,0.0,0.0,0,0,1500000.0,11078,48.61
208140,ENDLESS Space - Definitive Edition,AMPLITUDE Studios,AMPLITUDE Studios,7540,1824,9.99,9.99,0,106,1500000.0,9364,80.52
206500,AirMech Strike,Carbon Games,Carbon Games,8984,1695,0.0,0.0,0,30,1500000.0,10679,84.13
57690,Tropico 4,Haemimont Games,Kalypso Media Digital,11400,1027,14.99,14.99,0,87,1500000.0,12427,91.74
2322010,God of War Ragnarök,"Santa Monica Studio, Jetpack Interactive",PlayStation Publishing LLC,27127,4261,59.99,59.99,0,1591,1500000.0,31388,86.42
274940,Depth,Ammobox Studios,Ammobox Studios,28701,3964,19.99,19.99,0,13,1500000.0,32665,87.86
412220,DDraceNetwork,DDNet Team,DDNet Team,33440,4010,0.0,0.0,0,2679,1500000.0,37450,89.29
1290000,PowerWash Simulator,FuturLab,FuturLab,50767,1643,9.99,24.99,60,2547,1500000.0,52410,96.87
1286680,Tiny Tina's Wonderlands,Gearbox Software,2K,15933,6053,29.99,29.99,0,866,1500000.0,21986,72.47
39500,Gothic 3,Piranha Bytes,THQ Nordic,9244,2120,19.99,19.99,0,173,1500000.0,11364,81.34
872790,Football Manager 2019,Sports Interactive,SEGA,10827,1653,0.0,0.0,0,581,1500000.0,12480,86.75
291650,Pillars of Eternity,Obsidian Entertainment,Xbox Game Studios,21751,2899,29.99,29.99,0,204,1500000.0,24650,88.24
17330,Crysis Warhead,Crytek,Electronic Arts,3280,544,19.99,19.99,0,5,1500000.0,3824,85.77
1533390,Gorilla Tag,Another Axiom Inc.,Another Axiom Inc.,64966,6197,19.99,19.99,0,852,1500000.0,71163,91.29
606280,Darksiders III,Gunfire Games,THQ Nordic,11626,3571,39.99,39.99,0,52,1500000.0,15197,76.5
10500,Total War: EMPIRE – Definitive Edition,"CREATIVE ASSEMBLY, Feral Interactive (Mac), Feral Interactive (Linux)","SEGA, Feral Interactive (Mac), Feral Interactive (Linux)",32211,3269,19.99,19.99,0,2028,1500000.0,35480,90.79
1476970,Legends of IdleOn - Idle MMO,Lavaflame2,Lavaflame2,17310,4406,0.0,0.0,0,11081,1500000.0,21716,79.71
1262580,Need for Speed Payback,Ghost Games,Electronic Arts,24868,4186,29.99,29.99,0,204,1500000.0,29054,85.59
246620,Plague Inc: Evolved,Ndemic Creations,Ndemic Creations,52571,3093,14.99,14.99,0,1494,1500000.0,55664,94.44
319830,AX:EL - Air XenoDawn,Alex Piola,KISS ltd,899,293,0.0,0.0,0,4,1500000.0,1192,75.42
324800,Shadow Warrior 2,Flying Wild Hog,Devolver Digital,23758,3472,29.99,29.99,0,61,1500000.0,27230,87.25
341800,Keep Talking and Nobody Explodes,Steel Crate Games,Steel Crate Games,15346,401,14.99,14.99,0,148,1500000.0,15747,97.45
322500,SUPERHOT,SUPERHOT Team,SUPERHOT Team,35390,3386,24.99,24.99,0,43,1500000.0,38776,91.27
939960,Far Cry New Dawn,"Ubisoft Montreal, Ubisoft Kiev, Ubisoft Shanghai",Ubisoft,24362,7819,39.99,39.99,0,215,1500000.0,32181,75.7
239820,Game Dev Tycoon,Greenheart Games,Greenheart Games,34126,1657,9.99,9.99,0,157,1500000.0,35783,95.37
509980,BIGFOOT,CyberLight Game Studio,CyberLight Game Studio,17125,3741,19.99,19.99,0,121,1500000.0,20866,82.07
364360,Total War: WARHAMMER,"CREATIVE ASSEMBLY, Feral Interactive (Linux), Feral Interactive (Mac)","SEGA, Feral Interactive (Linux), Feral Interactive (Mac)",40889,11533,59.99,59.99,0,297,1500000.0,52422,78.0
492720,Tropico 6,"Limbic Entertainment, Realmforge Studios",Kalypso Media,23776,3415,39.99,39.99,0,575,1500000.0,27191,87.44
12110,Grand Theft Auto: Vice City,Rockstar Games,Rockstar Games,27142,2134,0.0,0.0,0,113,1500000.0,29276,92.71
460790,Bayonetta,PlatinumGames,SEGA,26797,2156,19.99,19.99,0,109,1500000.0,28953,92.55
1213210,Command & Conquer Remastered Collection,"Petroglyph, Lemon Sky Studios",Electronic Arts,29891,3069,4.99,19.99,75,564,1500000.0,32960,90.69
627690,Idle Champions of the Forgotten Realms,Codename Entertainment Inc.,Codename Entertainment Inc.,11212,3268,0.0,0.0,0,3034,1500000.0,14480,77.43
569480,Kingdoms and Castles,"Lion Shield, LLC","Lion Shield, LLC",27743,1972,19.99,19.99,0,317,1500000.0,29715,93.36
2021910,FPS Chess,Meta Fork,DigiPen Institute of Technology,31223,5909,0.0,0.0,0,228,1500000.0,37132,84.09
242860,Verdun,BlackMill Games,BlackMill Games,32142,5175,19.99,19.99,0,64,1500000.0,37317,86.13
239160,Thief,"Eidos-Montréal, Feral Interactive (Mac)","Eidos Interactive Corp., Feral Interactive (Mac)",17337,5926,19.99,19.99,0,110,1500000.0,23263,74.53
391460,WARMODE,Novalink,Novalink,10255,6275,0.0,0.0,0,2,1500000.0,16530,62.04
636480,Ravenfield,SteelRaven7,SteelRaven7,71341,2264,17.99,17.99,0,617,1500000.0,73605,96.92
2100,Dark Messiah of Might & Magic,Arkane Studios,Ubisoft,9813,951,9.99,9.99,0,45,1500000.0,10764,91.16
228280,Baldur's Gate: Enhanced Edition,Beamdog,Beamdog,15123,1275,19.99,19.99,0,378,1500000.0,16398,92.22
21690,Resident Evil 5,Capcom,Capcom,42807,6310,4.99,19.99,75,566,1500000.0,49117,87.15
2420510,HoloCure - Save the Fans!,KayAnimate,KayAnimate,37623,363,0.0,0.0,0,645,1500000.0,37986,99.04
629730,Blade and Sorcery,WarpFrog,WarpFrog,55566,1919,23.99,29.99,20,657,1500000.0,57485,96.66
113420,Fallen Earth Free2Play,Little Orbit,Little Orbit,4484,3047,0.0,0.0,0,1,1500000.0,7531,59.54
304240,Resident Evil,"CAPCOM Co., Ltd.","CAPCOM Co., Ltd.",24613,2154,4.99,19.99,75,186,1500000.0,26767,91.95
269210,Hero Siege,Panic Art Studios Ltd,Panic Art Studios Ltd,29813,13699,7.99,7.99,0,369,1500000.0,43512,68.52
706990,BLOCKPOST,Skullcap Studios,Skullcap Studios,12342,4219,0.0,0.0,0,13,1500000.0,16561,74.52
621060,PC Building Simulator,"Claudiu Kiss, The Irregular Corporation",The Irregular Corporation,48356,3299,19.99,19.99,0,132,1500000.0,51655,93.61
48190,Assassin’s Creed Brotherhood,Ubisoft Montreal,Ubisoft,20484,2652,19.99,19.99,0,169,1500000.0,23136,88.54
638970,Yakuza 0,Ryu Ga Gotoku Studio,SEGA,70292,3189,10.99,19.99,45,550,1500000.0,73481,95.66
24010,Train Simulator Classic,Dovetail Games,"Dovetail Games - Trains, Dovetail Games",20015,8172,29.99,29.99,0,503,1500000.0,28187,71.01
228380,Wreckfest,Bugbear,THQ Nordic,34031,4586,29.99,29.99,0,328,1500000.0,38617,88.12
327690,Gigantic,Motiga Inc.,Perfect World Entertainment,5759,1731,0.0,0.0,0,0,1500000.0,7490,76.89
417860,Emily is Away,Kyle Seeley,Kyle Seeley,28260,3636,0.0,0.0,0,9,1500000.0,31896,88.6
1262350,SIGNALIS,rose-engine,Balor Games,25320,837,19.99,19.99,0,108,1500000.0,26157,96.8
1058020,"STAR WARS Battlefront (Classic, 2004)",Pandemic Studios,"Lucasfilm, LucasArts, Disney",4186,153,3.99,9.99,60,50,1500000.0,4339,96.47
582160,Assassin's Creed Origins,Ubisoft Montreal,Ubisoft,97301,16195,59.99,59.99,0,1604,1500000.0,113496,85.73
287450,Rise of Nations: Extended Edition,"SkyBox Labs, Big Huge Games",Xbox Game Studios,13962,782,19.99,19.99,0,522,1500000.0,14744,94.7
582500,We Were Here,Total Mayhem Games,Total Mayhem Games,27014,2983,0.0,0.0,0,142,1500000.0,29997,90.06
442080,Riders of Icarus,"WeMade, VALOFE",VALOFE,7083,3643,0.0,0.0,0,4,1500000.0,10726,66.04
519860,DUSK,David Szymanski,New Blood Interactive,22830,639,19.99,19.99,0,36,1500000.0,23469,97.28
22320,The Elder Scrolls III: Morrowind Game of the Year Edition,Bethesda Game Studios,Bethesda Softworks,25172,1212,14.99,14.99,0,635,1500000.0,26384,95.41
704270,Generation Zero,Systemic Reaction™,Avalanche Studios,29053,11451,4.99,24.99,80,234,1500000.0,40504,71.73
40990,Mafia,Illusion Softworks,2K,13346,1911,14.99,14.99,0,59,1500000.0,15257,87.47
1627140,Sabre Team,Krisalis Software,Ziggurat,2,2,6.99,6.99,0,0,1500000.0,4,50.0
612880,Wolfenstein II: The New Colossus,MachineGames,Bethesda Softworks,36084,8413,39.99,39.99,0,290,1500000.0,44497,81.09
638070,Murderous Pursuits,Blazing Griffin,Blazing Griffin,1794,1022,9.99,9.99,0,3,1500000.0,2816,63.71
3146520,WEBFISHING,lamedeveloper,lamedeveloper,64473,1337,4.99,4.99,0,686,1500000.0,65810,97.97
537180,Digimon Masters Online,"Move Games Co., Ltd.",MOVE ON USA CO.,5461,2664,0.0,0.0,0,236,1500000.0,8125,67.21
232890,Stronghold Crusader 2,Firefly Studios,Firefly Studios,12328,4754,39.99,39.99,0,217,1500000.0,17082,72.17
6000,STAR WARS Republic Commando,LucasArts,"LucasArts, Lucasfilm, Disney",15357,687,9.99,9.99,0,68,1500000.0,16044,95.72
1049410,Superliminal,Pillow Castle,Pillow Castle,28522,1629,19.99,19.99,0,65,1500000.0,30151,94.6
1343370,Old School RuneScape,Jagex Ltd,Jagex Ltd,15244,3091,0.0,0.0,0,1050,1500000.0,18335,83.14
1238860,Battlefield 4,DICE,Electronic Arts,60650,10498,39.99,39.99,0,1153,1500000.0,71148,85.24
961200,Predecessor,Omeda Studios,Omeda Studios,10260,3776,0.0,0.0,0,1816,1500000.0,14036,73.1
102600,Orcs Must Die!,Robot Entertainment,Robot Entertainment,7856,333,9.99,9.99,0,20,1500000.0,8189,95.93
2527500,MiSide,AIHASTO,"IndieArk, Shochiku (Japan)",108883,2204,11.99,14.99,20,631,1500000.0,111087,98.02
870780,CONTROL Ultimate Edition,Remedy Entertainment,Remedy Entertainment,44045,6403,39.99,39.99,0,648,1500000.0,50448,87.31
24980,Mass Effect 2 (2010 Edition),BioWare,Electronic Arts,14623,920,0.0,0.0,0,8,1500000.0,15543,94.08
312520,Rain World,Videocult,Akupara Games,39787,2490,8.74,24.99,65,836,1500000.0,42277,94.11
285190,"Warhammer 40,000: Dawn of War III","Relic Entertainment, Feral Interactive (Mac), Feral Interactive (Linux)","Relic Entertainment, Feral Interactive (Mac), Feral Interactive (Linux)",10879,11638,7.99,39.99,80,88,1500000.0,22517,48.31
202170,Sleeping Dogs,United Front Games,Square Enix,16134,950,0.0,0.0,0,18,1500000.0,17084,94.44
235600,Tom Clancy’s Splinter Cell Blacklist,Ubisoft Toronto,Ubisoft,15918,3989,19.99,19.99,0,43,1500000.0,19907,79.96
34030,Total War: NAPOLEON – Definitive Edition,"CREATIVE ASSEMBLY, Feral Interactive (Mac)","SEGA, Feral Interactive (Mac)",23179,2186,19.99,19.99,0,929,1500000.0,25365,91.38
459820,Crush Crush,Sad Panda Studios,Sad Panda Studios,24246,2949,0.0,0.0,0,892,1500000.0,27195,89.16
47810,Dragon Age: Origins - Ultimate Edition,BioWare,Electronic Arts,24599,3813,29.99,29.99,0,394,1500000.0,28412,86.58
1313860,EA SPORTS FIFA 21,EA Canada,Electronic Arts,42906,13377,0.0,0.0,0,138,1500000.0,56283,76.23
280790,Creativerse,Playful Corp.,Playful Corp.,24051,6924,24.99,24.99,0,35,1500000.0,30975,77.65
2280,DOOM + DOOM II,"id Software, Nightdive Studios",Bethesda,24105,879,9.99,9.99,0,345,1500000.0,24984,96.48
637090,BATTLETECH,Harebrained Schemes,Paradox Interactive,26438,5125,39.99,39.99,0,1446,1500000.0,31563,83.76
690790,DiRT Rally 2.0,Codemasters,"Codemasters, Electronic Arts",39383,5212,19.99,19.99,0,631,1500000.0,44595,88.31
704850,Thief Simulator,Noble Muffins,PlayWay S.A.,31601,4206,19.99,19.99,0,243,1500000.0,35807,88.25
424370,Wolcen: Lords of Mayhem,WOLCEN Studio,WOLCEN Studio,37846,29831,19.99,19.99,0,30,1500000.0,67677,55.92
851850,DRAGON BALL Z: KAKAROT,CyberConnect2 Co. Ltd.,Bandai Namco Entertainment Inc.,50976,3704,19.99,19.99,0,264,1500000.0,54680,93.23
243470,Watch_Dogs,Ubisoft,Ubisoft,35770,9953,19.99,19.99,0,388,1500000.0,45723,78.23
1384160,GUILTY GEAR -STRIVE-,Arc System Works,Arc System Works,52377,7005,39.99,39.99,0,2463,1500000.0,59382,88.2
491950,Orwell: Keeping an Eye On You,Osmotic Studios,Daedalic Entertainment,13540,1414,9.99,9.99,0,14,1500000.0,14954,90.54
2622000,Astral Party ,STAR ENGINE PROJECT,Neverland Entertainment,9547,7422,0.0,0.0,0,3227,1500000.0,16969,56.26
1061910,Metal: Hellsinger,The Outsiders,Funcom,15140,626,8.99,29.99,70,45,1500000.0,15766,96.03
247080,Crypt of the NecroDancer,Brace Yourself Games,"Brace Yourself Games, Klei Entertainment",24053,1063,14.99,14.99,0,114,1500000.0,25116,95.77
392110,ENDLESS Space 2,AMPLITUDE Studios,AMPLITUDE Studios,18526,3664,39.99,39.99,0,359,1500000.0,22190,83.49
47830,Medal of Honor,Electronic Arts,Electronic Arts,3382,1403,19.99,19.99,0,1,1500000.0,4785,70.68
9340,Company of Heroes: Opposing Fronts,Relic Entertainment,SEGA,1045,93,19.99,19.99,0,19,1500000.0,1138,91.83
214420,Gear Up,Doctor Entertainment AB,Doctor Entertainment AB,6243,2119,0.0,0.0,0,4,1500000.0,8362,74.66
438040,Shakes and Fidget,Playa Games GmbH,Playa Games GmbH,33837,2756,0.0,0.0,0,1389,1500000.0,36593,92.47
752590,A Plague Tale: Innocence,Asobo Studio,Focus Entertainment,58909,4133,39.99,39.99,0,145,1500000.0,63042,93.44
736220,Squad 44,Offworld,Offworld,18508,6156,19.99,19.99,0,143,1500000.0,24664,75.04
933110,Age of Empires III: Definitive Edition,"World's Edge, Tantalus Media, Forgotten Empires",Xbox Game Studios,40941,7401,34.99,34.99,0,3016,1500000.0,48342,84.69
24200,DC Universe Online,Dimensional Ink Games,Daybreak Game Company,16923,4093,0.0,0.0,0,546,1500000.0,21016,80.52
304670,Aeon Command,"Bat Country Games, LLC","Bat Country Games, LLC",325,87,2.99,2.99,0,0,1500000.0,412,78.88
228200,Company of Heroes,Relic Entertainment,Relic Entertainment,16025,946,14.99,14.99,0,864,1500000.0,16971,94.43
233720,Surgeon Simulator,Bossa Studios,"Infogrames, Atari",13566,2927,9.99,9.99,0,11,1500000.0,16493,82.25
1483870,Draw & Guess,Acureus,Acureus,28294,5381,4.99,4.99,0,296,1500000.0,33675,84.02
692850,Bloodstained: Ritual of the Night,ArtPlay,505 Games,36999,2486,9.99,39.99,75,158,1500000.0,39485,93.7
15100,Assassin's Creed: Director's Cut Edition,Ubisoft Montreal,Ubisoft,17822,4075,19.99,19.99,0,61,1500000.0,21897,81.39
1241100,POLYGON: Multiplayer Shooter,Redaster Studio,Redaster Studio,26313,8756,0.0,0.0,0,119,1500000.0,35069,75.03
1282100,REMNANT II,Gunfire Games,"Arc Games, THQ Nordic",50249,10114,49.99,49.99,0,1573,1500000.0,60363,83.24
287290,Resident Evil Revelations 2,"CAPCOM Co., Ltd.","CAPCOM Co., Ltd.",22413,6276,4.99,19.99,75,141,1500000.0,28689,78.12
1225330,NBA 2K21,Visual Concepts,2K,16233,22823,0.0,0.0,0,148,1500000.0,39056,41.56
4920,Natural Selection 2,Unknown Worlds Entertainment,"Unknown Worlds Entertainment, KRAFTON, Inc.",11207,1932,4.99,4.99,0,95,1500000.0,13139,85.3
1515950,Capcom Arcade Stadium,"CAPCOM Co., Ltd.","CAPCOM Co., Ltd.",2397,2010,59.99,59.99,0,32,1500000.0,4407,54.39
19900,Far Cry 2,Ubisoft Montreal,Ubisoft,12895,3942,9.99,9.99,0,77,1500000.0,16837,76.59
979690,The Ascent,Neon Giant,"KRAFTON, Inc.",16932,5952,29.99,29.99,0,211,1500000.0,22884,73.99
232050,Eador. Masters of the Broken World,Snowbird Games,Snowbird Games,1871,872,19.99,19.99,0,31,1500000.0,2743,68.21
130,Half-Life: Blue Shift,Gearbox Software,Valve,17384,1410,4.99,4.99,0,35,1500000.0,18794,92.5
809960,Radical Heights,Boss Key Productions,Boss Key Productions,6072,3727,0.0,0.0,0,0,1500000.0,9799,61.97
47790,Medal of Honor,Electronic Arts,Electronic Arts,7621,2438,19.99,19.99,0,24,1500000.0,10059,75.76
253980,Enclave,Starbreeze,Topware Interactive,5068,1312,4.99,9.99,50,63,1500000.0,6380,79.44
292730,Call of Duty: Infinite Warfare,Infinity Ward,Activision,16982,11396,14.99,59.99,75,326,1500000.0,28378,59.84
774361,Blasphemous,The Game Kitchen,Team17,46393,5091,24.99,24.99,0,479,1500000.0,51484,90.11
34270,SEGA Mega Drive and Genesis Classics,D3T Limited,SEGA,9533,2269,0.0,0.0,0,22,1500000.0,11802,80.77
251060,Wargame: Red Dragon,Eugen Systems,Eugen Systems,17036,2147,29.99,29.99,0,434,1500000.0,19183,88.81
4500,S.T.A.L.K.E.R.: Shadow of Chernobyl,GSC Game World,GSC Game World,44761,2530,19.99,19.99,0,185,1500000.0,47291,94.65
32470,STAR WARS Empire at War - Gold Pack,Petroglyph,"LucasArts, Lucasfilm, Disney",38503,932,19.99,19.99,0,2818,1500000.0,39435,97.64
837470,Untitled Goose Game,House House,Panic,21184,920,19.99,19.99,0,100,1500000.0,22104,95.84
834910,ATLAS,"Grapeshot Games, Instinct Games","Grapeshot Games, Snail Games USA",20142,22392,29.99,29.99,0,468,1500000.0,42534,47.36
454650,DRAGON BALL XENOVERSE 2,"QLOC, Dimps Corporation",Bandai Namco Entertainment,47781,5102,4.99,19.99,75,652,1500000.0,52883,90.35
1284410,GWENT: The Witcher Card Game,CD PROJEKT RED,CD PROJEKT RED,24044,5320,0.0,0.0,0,619,1500000.0,29364,81.88
1238820,Battlefield 3,DICE,Electronic Arts,10748,4612,3.99,39.99,90,90,1500000.0,15360,69.97
323470,DRAGON BALL XENOVERSE,DIMPS,BANDAI NAMCO Entertainment,18775,2127,6.49,64.98,90,63,1500000.0,20902,89.82
1089980,The Henry Stickmin Collection,PuffballsUnited,Innersloth,50017,681,14.99,14.99,0,185,1500000.0,50698,98.66
1147560,Skul: The Hero Slayer,SOUTHPAW GAMES,NEOWIZ,51218,3683,19.99,19.99,0,1205,1500000.0,54901,93.29
214560,Mark of the Ninja,Klei Entertainment,Microsoft Studios,15360,476,4.99,4.99,0,2,1500000.0,15836,96.99
225080,Brothers - A Tale of Two Sons,Starbreeze Studios AB,505 Games,38721,2274,14.99,14.99,0,9,1500000.0,40995,94.45
237930,Transistor,Supergiant Games,Supergiant Games,28786,1806,19.99,19.99,0,10,1500000.0,30592,94.1
96100,Defy Gravity Extended,Paul Fisch,Fish Factory Games,7365,1187,1.99,1.99,0,0,1500000.0,8552,86.12
113200,The Binding of Isaac,"Edmund McMillen, Florian Himsl",Edmund McMillen,57299,3080,4.99,4.99,0,213,1500000.0,60379,94.9
2310,Quake,"id Software, Nightdive Studios, MachineGames",Bethesda Softworks,13926,474,9.99,9.99,0,82,1500000.0,14400,96.71
599140,Graveyard Keeper,Lazy Bear Games,tinyBuild,37721,5926,3.99,19.99,80,941,1500000.0,43647,86.42
1840,Source Filmmaker,Valve,Valve,37791,2868,0.0,0.0,0,1047,1500000.0,40659,92.95
65980,Sid Meier's Civilization: Beyond Earth,"Firaxis Games, Aspyr (Mac), Aspyr (Linux)","2K, Aspyr (Mac), Aspyr (Linux)",13604,8974,9.99,39.99,75,268,1500000.0,22578,60.25
373420,Divinity: Original Sin - Enhanced Edition,Larian Studios,Larian Studios,26069,2997,39.99,39.99,0,387,1500000.0,29066,89.69
1621690,Core Keeper,Pugstorm,"Fireshine Games, bilibili",51042,3937,19.99,19.99,0,3688,1500000.0,54979,92.84
1089090,ONE PIECE: PIRATE WARRIORS 4,Koei Tecmo,BANDAI NAMCO Entertainment,18314,1666,7.99,39.99,80,191,1500000.0,19980,91.66
311860,Data Hacker: Initiation,New Reality Games,New Reality Games,173,95,1.99,1.99,0,2,1500000.0,268,64.55
942970,Unheard - Voices of Crime,NEXT Studios,"NEXT Studios, 505 Games",30125,1184,2.79,6.99,60,68,1500000.0,31309,96.22
41500,Torchlight,Runic Games,XD,6319,637,14.99,14.99,0,40,1500000.0,6956,90.84
17080,Tribes: Ascend,Hi-Rez Studios,Hi-Rez Studios,6946,1639,0.0,0.0,0,0,1500000.0,8585,80.91
1778820,TEKKEN 8,Bandai Namco Studios Inc.,Bandai Namco Entertainment,33020,28048,39.99,39.99,0,4409,1500000.0,61068,54.07
1522820,Orcs Must Die! 3,Robot Entertainment,Robot Entertainment,12067,2016,29.99,29.99,0,161,1500000.0,14083,85.68
23310,The Last Remnant,Square Enix,Square Enix,3308,762,0.0,0.0,0,26,1500000.0,4070,81.28
487220,Freebie,"Free Games Info, hyperboreanGames",Back To Basics Gaming,1032,371,1.99,1.99,0,0,1500000.0,1403,73.56
34440,Sid Meier's Civilization IV,Firaxis Games,2K,1473,145,3.99,19.99,80,1,1500000.0,1618,91.04
4570,"Warhammer 40,000: Dawn of War - Anniversary Edition (Classic)",Relic Entertainment,Relic Entertainment,10634,572,9.89,14.99,34,76,1500000.0,11206,94.9
2322560,Love Is All Around,intiny,intiny,42490,2924,9.99,9.99,0,71,1500000.0,45414,93.56
2344520,Diablo IV,"Blizzard Entertainment, Inc.","Blizzard Entertainment, Inc.",32969,17333,12.49,49.99,75,8835,1500000.0,50302,65.54
6880,Just Cause,Avalanche Studios,Square Enix,3266,1674,6.99,6.99,0,8,1500000.0,4940,66.11
10680,Aliens vs. Predator,Rebellion,SEGA,18175,1778,14.99,14.99,0,49,1500000.0,19953,91.09
216150,MapleStory,NEXON Korea Corporation,Nexon America Inc.,8882,5305,0.0,0.0,0,8092,1500000.0,14187,62.61
443110,Armored Warfare,"Obsidian Entertainment, Wishlist Games",Wishlist Games,3238,1713,0.0,0.0,0,121,1500000.0,4951,65.4
378540,The Surge,Deck13,Focus Entertainment,8236,2715,1.94,14.99,87,92,1500000.0,10951,75.21
527430,"Warhammer 40,000: Inquisitor - Martyr",NeocoreGames,NeocoreGames,16053,5097,49.99,49.99,0,208,1500000.0,21150,75.9
753640,Outer Wilds,Mobius Digital,Annapurna Interactive,80833,3655,24.99,24.99,0,928,1500000.0,84488,95.67
583950,Artifact,Valve,Valve,11614,13144,0.0,0.0,0,33,1500000.0,24758,46.91
206480,Dungeons & Dragons Online,Standing Stone Games,Daybreak Game Company LLC,5140,2090,0.0,0.0,0,260,1500000.0,7230,71.09
334210,Fortified,Siege Camp,Siege Camp,1275,435,14.99,14.99,0,1,1500000.0,1710,74.56
921630,音灵 INVAXION,Nanjing AQUATRAX,bilibili,3303,2911,0.0,0.0,0,0,1500000.0,6214,53.15
215080,WAKFU,Ankama Studio,Ankama Games,7744,2492,0.0,0.0,0,257,1500000.0,10236,75.65
65790,Arma: Cold War Assault Remastered,"Bohemia Interactive, Josef Šimánek (retro)",Bohemia Interactive,4857,1236,9.99,9.99,0,10,1500000.0,6093,79.71
332070,School of Dragons,"JumpStart Games, Inc.","JumpStart Games, Inc.",3435,2127,0.0,0.0,0,1,1500000.0,5562,61.76
311340,METAL GEAR SOLID V: GROUND ZEROES,KONAMI,KONAMI,14283,2673,17.99,29.99,40,47,1500000.0,16956,84.24
535930,Two Point Hospital,Two Point Studios,SEGA,30563,2711,29.99,29.99,0,518,1500000.0,33274,91.85
414700,Outlast 2,Red Barrels,Red Barrels,50676,4824,19.99,19.99,0,119,1500000.0,55500,91.31
270150,RUNNING WITH RIFLES,Osumia Games,Osumia Games,14195,1932,14.99,14.99,0,165,1500000.0,16127,88.02
292910,Deponia: The Complete Journey,Daedalic Entertainment,Daedalic Entertainment,5613,931,29.99,29.99,0,31,1500000.0,6544,85.77
447020,Farming Simulator 17,GIANTS Software,GIANTS Software,23379,1630,14.99,14.99,0,221,1500000.0,25009,93.48
1282730,Loop Hero,Four Quarters,Devolver Digital,32214,2445,14.99,14.99,0,348,1500000.0,34659,92.95
17300,Crysis,Crytek,Electronic Arts,10565,2649,29.99,29.99,0,10,1500000.0,13214,79.95
102500,Kingdoms of Amalur: Reckoning,"Big Huge Games, 38 Studios","38 Studios, Electronic Arts",11366,1553,0.0,0.0,0,21,1500000.0,12919,87.98
32800,Lord of the Rings: War in the North,Snowblind Studios,Warner Bros. Interactive Entertainment,7603,1749,0.0,0.0,0,16,1500000.0,9352,81.3
8850,BioShock 2,"2K Marin, 2K China, Digital Extremes, 2K Australia",2K,12864,1555,19.99,19.99,0,23,1500000.0,14419,89.22
899440,GOD EATER 3,BANDAI NAMCO Studios Inc.,BANDAI NAMCO Entertainment,7450,1921,5.99,59.99,90,249,1500000.0,9371,79.5
418240,Shadow Tactics: Blades of the Shogun,Mimimi Games,Daedalic Entertainment,35767,1470,39.99,39.99,0,218,1500000.0,37237,96.05
207230,ArcheBlade,CodeBrush Games,Codebrush Games,5594,2053,0.0,0.0,0,3,1500000.0,7647,73.15
20570,"Warhammer 40,000: Dawn of War II Chaos Rising","Relic Entertainment, Feral Interactive (Mac/Linux)","SEGA, Feral Interactive (Mac/Linux)",3047,304,0.0,0.0,0,30,1500000.0,3351,90.93
17460,Mass Effect (2007),BioWare,Electronic Arts,15394,1040,29.99,29.99,0,22,1500000.0,16434,93.67
383150,Dead Island Definitive Edition,Techland,Deep Silver,20934,4593,19.99,19.99,0,410,1500000.0,25527,82.01
224760,FEZ,Polytron Corporation,Trapdoor,14425,1137,9.99,9.99,0,37,1500000.0,15562,92.69
1178830,Bright Memory: Infinite,FYQD-Studio,"FYQD-Studio, PLAYISM",35622,3089,9.99,19.99,50,44,1500000.0,38711,92.02
2012510,Stormgate,Frost Giant Studios,Frost Giant Studios,3728,3755,0.0,0.0,0,36,1500000.0,7483,49.82
510840,Evolvation,"Eric Ruts, Jacob Kooiman",HyperReuts,644,304,1.99,1.99,0,0,1500000.0,948,67.93
297000,Heroes of Might & Magic III - HD Edition,Dotemu,Ubisoft Entertainment,18085,4694,14.99,14.99,0,1213,1500000.0,22779,79.39
1151640,Horizon Zero Dawn Complete Edition,Guerrilla,PlayStation Publishing LLC,110049,15148,49.99,49.99,0,700,1500000.0,125197,87.9
334230,Town of Salem,BlankMediaGames,Digital Bandidos,32095,4314,4.99,4.99,0,117,1500000.0,36409,88.15
418070,Turbo Pug,"Space Cat Studios, SnowFlame, Back To Basics Gaming",Back To Basics Gaming,3029,316,1.99,1.99,0,2,1500000.0,3345,90.55
364470,The Elder Scrolls: Legends,"Sparkypants Studios, LLC",Bethesda Softworks,8267,2776,0.0,0.0,0,1,1500000.0,11043,74.86
601430,The Evil Within 2,Tango Gameworks,Bethesda Softworks,26655,2251,39.99,39.99,0,176,1500000.0,28906,92.21
1190000,Car Mechanic Simulator 2021,Red Dot Games,PlayWay S.A.,28630,1211,24.99,24.99,0,1343,1500000.0,29841,95.94
39140,FINAL FANTASY VII,Square Enix,Square Enix,25998,2013,11.99,11.99,0,386,1500000.0,28011,92.81
4700,Total War: MEDIEVAL II – Definitive Edition,"CREATIVE ASSEMBLY, Feral Interactive (Mac), Feral Interactive (Linux)","SEGA, Feral Interactive (Mac), Feral Interactive (Linux)",31910,1434,19.99,19.99,0,2814,1500000.0,33344,95.7
263500,Dragons and Titans,Wyrmbyte,Versus Evil,2715,726,0.0,0.0,0,1,1500000.0,3441,78.9
675010,MudRunner,Saber Interactive,Focus Entertainment,34349,3347,3.99,19.99,80,280,1500000.0,37696,91.12
220440,DmC: Devil May Cry,Ninja Theory,Capcom,27949,2035,29.99,29.99,0,107,1500000.0,29984,93.21
240320,Panzar,Panzar Studio,OVALIS INVESTMENTS LIMITED,3397,1750,0.0,0.0,0,6,1500000.0,5147,66.0
544730,Catan Universe,Client/Frontend: Endava  / Backend: SuperNimbus,USM,7826,8234,0.0,0.0,0,848,1500000.0,16060,48.73
337320,Paint the Town Red,South East Games,South East Games,28358,1218,19.99,19.99,0,296,1500000.0,29576,95.88
350640,Sherlock Holmes: The Devil's Daughter,Frogwares,Frogwares,10985,2803,29.99,29.99,0,21,1500000.0,13788,79.67
2231450,Pizza Tower,Tour De Pizza,Tour De Pizza,65599,1094,19.99,19.99,0,367,1500000.0,66693,98.36
552100,Brick Rigs,Fluppisoft GmbH,Fluppisoft GmbH,47391,2731,19.99,19.99,0,983,1500000.0,50122,94.55
1475810,Ghostwire: Tokyo,Tango Gameworks,Bethesda Softworks,15393,3269,59.99,59.99,0,97,1500000.0,18662,82.48
427270,Orcs Must Die! Unchained,Robot Entertainment,Robot Entertainment,4205,1915,0.0,0.0,0,2,1500000.0,6120,68.71
392160,X4: Foundations,Egosoft,Egosoft,18951,4896,9.99,49.99,80,2141,1500000.0,23847,79.47
346330,BrainBread 2,Reperio Studios,Reperio Studios,3785,1382,0.0,0.0,0,6,1500000.0,5167,73.25
3910,Sid Meier's Civilization III Complete,Firaxis Games,2K,6485,746,3.99,4.99,20,1383,1500000.0,7231,89.68
1380400,Saving Grace,Thomas JC Ironmonger,Ironmonger Games,27,2,1.99,1.99,0,0,1500000.0,29,93.1
805550,Assetto Corsa Competizione,Kunos Simulazioni,505 Games,36035,2908,9.99,39.99,75,1479,1500000.0,38943,92.53
41000,Serious Sam HD: The First Encounter,Croteam,Devolver Digital,7652,539,14.99,14.99,0,46,1500000.0,8191,93.42
1284190,The Planet Crafter,Miju Games,Miju Games,52168,2148,23.99,23.99,0,7330,1500000.0,54316,96.05
2064650,Tower of Fantasy,Hotta Studio,Perfect World Games,7595,3375,0.0,0.0,0,354,1500000.0,10970,69.23
56437,"Warhammer 40,000: Dawn of War II: Retribution","Relic Entertainment, Feral Interactive (Mac/Linux)","SEGA, Feral Interactive (Mac/Linux)",11303,1207,0.0,0.0,0,0,1500000.0,12510,90.35
585420,Trailmakers,Flashbulb,Flashbulb,25941,2106,24.99,24.99,0,903,1500000.0,28047,92.49
1562430,DREDGE,Black Salt Games,Team17,42127,1839,24.99,24.99,0,517,1500000.0,43966,95.82
1987080,Inside the Backrooms,MrFatcat,"MrFatcat, Dropsiick",36836,8196,6.99,6.99,0,237,1500000.0,45032,81.8
666220,CS2D,Unreal Software,Unreal Software,8950,987,0.0,0.0,0,20,1500000.0,9937,90.07
529340,Victoria 3,Paradox Development Studio,Paradox Interactive,35043,17575,49.99,49.99,0,4609,1500000.0,52618,66.6
245620,Tropico 5,Haemimont Games,Kalypso Media Digital,11092,3031,19.99,19.99,0,97,1500000.0,14123,78.54
657200,Hand Simulator,HFM Games,HFM Games,30653,5873,2.99,2.99,0,20,1500000.0,36526,83.92
6850,Hitman 2: Silent Assassin,Io-Interactive A/S,Io-Interactive A/S,3478,724,0.89,8.99,90,19,1500000.0,4202,82.77
209160,Call of Duty: Ghosts,Infinity Ward,Activision,19917,10996,15.99,39.99,60,106,1500000.0,30913,64.43
1388770,Cruelty Squad,Consumer Softproducts,Consumer Softproducts,20136,655,19.99,19.99,0,50,1500000.0,20791,96.85
603850,Age of History II,Łukasz Jakowski,Łukasz Jakowski Games,41684,4711,5.99,5.99,0,513,1500000.0,46395,89.85
32430,STAR WARS - The Force Unleashed Ultimate Sith Edition,LucasArts,"LucasArts, Lucasfilm, Disney",8334,2681,7.99,19.99,60,197,1500000.0,11015,75.66
253900,Knights and Merchants,Topware Interactive,Topware Interactive,3949,714,4.99,9.99,50,47,1500000.0,4663,84.69
1113000,Persona 4 Golden,ATLUS,SEGA,76008,2338,19.99,19.99,0,962,1500000.0,78346,97.02
1016920,Unrailed!,Indoor Astronaut,Daedalic Entertainment,17426,1243,2.99,19.99,85,182,1500000.0,18669,93.34
955050,Bright Memory,FYQD-Studio,"FYQD-Studio, PLAYISM",29613,3115,3.19,7.99,60,5,1500000.0,32728,90.48
1929610,Demonologist,Clock Wizard Games,Clock Wizard Games,18742,3006,19.99,19.99,0,266,1500000.0,21748,86.18
2096610,Crysis 3 Remastered,"Crytek, Saber Interactive",Crytek,5108,685,29.99,29.99,0,59,1500000.0,5793,88.18
1850570,DEATH STRANDING DIRECTOR'S CUT,KOJIMA PRODUCTIONS, 505 Games,36697,2819,9.99,39.99,75,1604,1500000.0,39516,92.87
446800,Transport Fever,Urban Games,Good Shepherd Entertainment,8934,1788,29.99,29.99,0,91,1500000.0,10722,83.32
209170,Call of Duty: Ghosts,Infinity Ward,Activision,15087,10789,15.99,39.99,60,32,1500000.0,25876,58.3
250400,How to Survive,Eko Software,505 Games,14071,2954,3.74,14.99,75,10,1500000.0,17025,82.65
1296830,暖雪 Warm Snow,BadMudStudio,bilibili,34444,2563,17.99,17.99,0,516,1500000.0,37007,93.07
1211020,Wobbly Life,RubberBandGames,RubberBandGames,26141,799,24.99,24.99,0,625,1500000.0,26940,97.03
410320,EARTH DEFENSE FORCE 4.1 The Shadow of New Despair,SANDLOT,D3PUBLISHER,9554,500,19.99,19.99,0,71,1500000.0,10054,95.03
261110,Killer is Dead - Nightmare Edition,KADOKAWA GAMES / GRASSHOPPER MANUFACTURE,Deep Silver,6296,2105,19.99,19.99,0,9,1500000.0,8401,74.94
208580,STAR WARS Knights of the Old Republic II - The Sith Lords,"Obsidian Entertainment, Aspyr (Mac, Linux, & Windows Update)","LucasArts, Lucasfilm, Aspyr (Mac, Linux)",22754,1556,9.99,9.99,0,551,1500000.0,24310,93.6
775500,SCARLET NEXUS,BANDAI NAMCO Studios Inc.,BANDAI NAMCO Entertainment,13888,3237,59.99,59.99,0,58,1500000.0,17125,81.1
447820,Day of Infamy,New World Interactive,New World Interactive,18172,3883,14.99,14.99,0,17,1500000.0,22055,82.39
1599600,PlateUp!,It's happening,"Yogscast Games, Gamersky Games",22204,1197,19.99,19.99,0,832,1500000.0,23401,94.88
475550,Beholder,Alawar Stargaze (Warm Lamp Games),Alawar,25444,2303,1.39,13.99,90,138,1500000.0,27747,91.7
257510,The Talos Principle,Croteam,"Devolver Digital, Croteam",30399,1462,29.99,29.99,0,117,1500000.0,31861,95.41
474960,Quantum Break,Remedy Entertainment,Xbox Game Studios,24117,4023,39.99,39.99,0,46,1500000.0,28140,85.7
237110,Mortal Kombat Komplete Edition,"NetherRealm Studios, High Voltage Software",Warner Bros. Interactive Entertainment,16939,1574,0.0,0.0,0,37,1500000.0,18513,91.5
444640,Bloons TD Battles,Ninja Kiwi,Ninja Kiwi,26414,2682,0.0,0.0,0,215,1500000.0,29096,90.78
843380,Super Animal Royale,Pixile,Pixile,39667,2700,0.0,0.0,0,364,1500000.0,42367,93.63
560130,Pillars of Eternity II: Deadfire,Obsidian Entertainment,"Versus Evil, Obsidian Entertainment, Xbox Game Studios",16666,2265,19.99,19.99,0,233,1500000.0,18931,88.04
4760,Rome: Total War - Collection,CREATIVE ASSEMBLY,SEGA,15304,873,0.0,0.0,0,552,1500000.0,16177,94.6
568220,Lobotomy Corporation | Monster Management Simulation,ProjectMoon,ProjectMoon,41213,2719,24.99,24.99,0,1524,1500000.0,43932,93.81
257350,Baldur's Gate II: Enhanced Edition,Beamdog,Beamdog,9243,797,19.99,19.99,0,279,1500000.0,10040,92.06
202750,Alan Wake's American Nightmare,Remedy Entertainment,Remedy Entertainment,6527,2433,8.99,8.99,0,21,1500000.0,8960,72.85
34870,Sniper: Ghost Warrior 2,City Interactive,CI Games,13533,4383,9.99,9.99,0,25,1500000.0,17916,75.54
1676130,Deadlink,Gruby Entertainment,SuperGG.com,3050,349,24.99,24.99,0,11,1500000.0,3399,89.73
224540,Ace of Spades: Battle Builder,Jagex Limited,Jagex Limited,11922,6346,0.0,0.0,0,0,1500000.0,18268,65.26
699130,World War Z,Saber Interactive Inc,Saber Interactive Inc,21657,4401,29.99,29.99,0,1663,1500000.0,26058,83.11
816020,JUMP FORCE,"Spike Chunsoft Co., Ltd.",BANDAI NAMCO Entertainment,16682,6019,0.0,0.0,0,12,1500000.0,22701,73.49
462780,Darksiders Warmastered Edition,"KAIKO, Vigil Games",THQ Nordic,13991,1943,19.99,19.99,0,87,1500000.0,15934,87.81
681660,Bless Online,NEOWIZ BLESS STUDIO,NEOWIZ,3683,6185,0.0,0.0,0,0,1500000.0,9868,37.32
34460,Civilization IV: Beyond the Sword,Firaxis Games,2K,1516,75,5.99,29.99,80,5,1500000.0,1591,95.29
448510,Overcooked,Ghost Town Games Ltd.,Team17 Digital Ltd,13706,1469,16.99,16.99,0,61,1500000.0,15175,90.32
1307550,Craftopia,Pocketpair,Pocketpair,15406,4977,24.99,24.99,0,119,1500000.0,20383,75.58
1129580,Medieval Dynasty,Render Cube,Toplitz Productions,40992,4174,34.99,34.99,0,1366,1500000.0,45166,90.76
460920,Steep,"Ubisoft Annecy, Ubisoft Montpellier, Ubisoft Kiev",Ubisoft,25437,5447,29.99,29.99,0,128,1500000.0,30884,82.36
55110,Red Faction: Armageddon,Volition,Deep Silver ,3537,1314,19.99,19.99,0,6,1500000.0,4851,72.91
278080,DYNASTY WARRIORS 8: Xtreme Legends Complete Edition,"KOEI TECMO GAMES CO., LTD.","KOEI TECMO GAMES CO., LTD.",11342,2155,49.99,49.99,0,242,1500000.0,13497,84.03
996580,Spyro Reignited Trilogy,"Toys for Bob, Iron Galaxy Studios",Activision,19266,1240,13.99,39.99,65,351,1500000.0,20506,93.95
231060,Ragnarok Online 2,"Gravity, Inc.",Gravity Interactive,1848,1336,0.0,0.0,0,5,1500000.0,3184,58.04
108800,Crysis 2 - Maximum Edition,Crytek Studios,Electronic Arts,11621,2008,29.99,29.99,0,27,1500000.0,13629,85.27
673950,Farm Together,Milkstone Studios,Milkstone Studios,20462,1266,9.99,19.99,50,311,1500000.0,21728,94.17
1094520,Sands of Salzaar,汉家松鼠Han-Squirrel Studio,XD,18556,4085,14.99,14.99,0,90,1500000.0,22641,81.96
747660,Five Nights at Freddy's: Security Breach,Steel Wool Studios,ScottGames,56080,8779,39.99,39.99,0,196,1500000.0,64859,86.46
6910,Deus Ex: Game of the Year Edition,Ion Storm,Eidos Interactive Corp.,13801,751,6.99,6.99,0,48,1500000.0,14552,94.84
239350,Spelunky,Mossmouth,Mossmouth,15005,1288,14.99,14.99,0,60,1500000.0,16293,92.09
215280,Secret World Legends,Funcom,Funcom,6104,2956,0.0,0.0,0,34,1500000.0,9060,67.37
360430,Mafia III: Definitive Edition,"Hangar 13, Aspyr (Mac)","2K, Aspyr (Mac)",32366,24142,29.99,29.99,0,869,1500000.0,56508,57.28
673130,AMID EVIL,Indefatigable,New Blood Interactive,6709,448,19.99,19.99,0,9,1500000.0,7157,93.74
377300,Thunder Tier One,"KRAFTON, Inc.","KRAFTON, Inc.",3162,1573,0.0,0.0,0,102,1500000.0,4735,66.78
2552430,KINGDOM HEARTS -HD 1.5+2.5 ReMIX-,Square Enix,Square Enix,6361,1241,49.99,49.99,0,886,1500000.0,7602,83.68
323850,Move or Die,"Xelu, Those Awesome Guys",Those Awesome Guys,20818,2415,3.74,14.99,75,21,1500000.0,23233,89.61
1030840,Mafia: Definitive Edition,Hangar 13,2K,79686,12107,39.99,39.99,0,686,1500000.0,91793,86.81
823500,BONEWORKS,Stress Level Zero,Stress Level Zero,32917,2762,29.99,29.99,0,38,1500000.0,35679,92.26
841370,NBA 2K19,Visual Concepts,2K,8866,13826,0.0,0.0,0,129,1500000.0,22692,39.07
204340,Serious Sam II,Croteam,Devolver Digital,11356,1312,0.99,9.99,90,61,1500000.0,12668,89.64
794260,Outward Definitive Edition,Nine Dots Studio,"Prime Matter, Deep Silver",20738,7717,39.99,39.99,0,469,1500000.0,28455,72.88
2680010,The First Berserker: Khazan,Neople,NEXON,15733,1816,59.99,59.99,0,1253,1500000.0,17549,89.65
299460,Woodle Tree Adventures,Fabio Ferrara,Chubby Pixel,3717,1800,0.75,3.99,81,3,1500000.0,5517,67.37
1755910,Capcom Arcade 2nd Stadium,"CAPCOM Co., Ltd.","CAPCOM Co., Ltd.",665,312,59.99,59.99,0,42,1500000.0,977,68.07
1266680,Strobophagia | Rave Horror,Green Tile Digital,"Green Tile Digital, THQ Nordic",75,16,19.99,19.99,0,0,1500000.0,91,82.42
265550,Dead Rising 3 Apocalypse Edition,Capcom Game Studio Vancouver,Capcom,14615,4459,5.99,29.99,80,136,1500000.0,19074,76.62
246900,Viscera Cleanup Detail,RuneStorm,RuneStorm,20651,1639,12.99,12.99,0,140,1500000.0,22290,92.65
253960,Jack Orlando: Director's Cut,Toontraxx Studios,Topware Interactive,445,202,3.49,6.99,50,33,1500000.0,647,68.78
450390,The Lab,Valve,Valve,6066,323,0.0,0.0,0,18,1500000.0,6389,94.94
920210,LEGO Star Wars: The Skywalker Saga,TT Games,"Warner Bros. Games, Warner Bros. Interactive Entertainment",40865,4173,49.99,49.99,0,719,1500000.0,45038,90.73
17480,Command & Conquer: Red Alert 3,EA Los Angeles,Electronic Arts,12792,2220,19.88,19.88,0,362,1500000.0,15012,85.21
249130,LEGO Marvel Super Heroes,Traveller's Tales,Warner Bros. Interactive Entertainment,24959,1218,19.99,19.99,0,298,1500000.0,26177,95.35
1017180,The Long Drive,Genesz,Genesz,42761,4666,15.99,15.99,0,377,1500000.0,47427,90.16
26800,Braid,Number None,Number None,9121,640,14.99,14.99,0,5,1500000.0,9761,93.44
640590,The LEGO NINJAGO Movie Video Game,"Traveller's Tales, TT Games",Warner Bros. Interactive Entertainment,6151,1028,19.99,19.99,0,28,1500000.0,7179,85.68
1515210,The Past Within,Rusty Lake,Rusty Lake,14362,794,5.99,5.99,0,51,1500000.0,15156,94.76
1147550,Not For Broadcast,NotGames,tinyBuild,10897,687,24.99,24.99,0,33,1500000.0,11584,94.07
434650,Lost Castle / 失落城堡,Hunter Studio,Neon Doctrine,20442,3082,9.99,9.99,0,114,1500000.0,23524,86.9
1774580,STAR WARS Jedi: Survivor,Respawn,Electronic Arts,46131,20923,10.49,69.99,85,2353,1500000.0,67054,68.8
431730,Aseprite,Igara Studio,Igara Studio,21620,198,19.99,19.99,0,4541,1500000.0,21818,99.09
780310,The Riftbreaker,EXOR Studios,"EXOR Studios, Surefire.Games",16245,1760,29.99,29.99,0,231,1500000.0,18005,90.22
261030,The Walking Dead: Season Two,Telltale Games,Skybound Games,30526,1113,14.99,14.99,0,199,1500000.0,31639,96.48
1328670,Mass Effect Legendary Edition,BioWare,Electronic Arts,51295,5033,14.99,59.99,75,2420,1500000.0,56328,91.06
226840,Age of Wonders III,Triumph Studios,Paradox Interactive,10093,2485,29.99,29.99,0,163,1500000.0,12578,80.24
374040,Portal Knights,Keen Games GmbH,505 Games,18093,3593,2.99,19.99,85,76,1500000.0,21686,83.43
668580,Atomic Heart,Mundfish,"Focus Entertainment, 4Divinity, Mundfish",31167,6828,59.99,59.99,0,466,1500000.0,37995,82.03
1044720,Farthest Frontier,Crate Entertainment,Crate Entertainment,16780,2724,34.99,34.99,0,995,1500000.0,19504,86.03
544750,SOULCALIBUR VI,"BANDAI NAMCO Studios Inc., Dimps Corporation",BANDAI NAMCO Entertainment,11147,2394,5.99,59.99,90,119,1500000.0,13541,82.32
972660,Spiritfarer: Farewell Edition,Thunder Lotus,Thunder Lotus,44192,2225,29.99,29.99,0,702,1500000.0,46417,95.21
1150690,OMORI,"OMOCAT, LLC","OMOCAT, LLC",78023,2214,19.99,19.99,0,506,1500000.0,80237,97.24
9450,"Warhammer 40,000: Dawn of War - Soulstorm",Relic Entertainment,SEGA,16764,847,0.0,0.0,0,673,1500000.0,17611,95.19
490220,Prismata,Lunarch Studios,Lunarch Studios,970,217,0.0,0.0,0,6,1500000.0,1187,81.72
1301720,Escape Room - Der kranke Kollege,Bitbeast Games,Bitbeast Games,9872,2233,0.0,0.0,0,63,1500000.0,12105,81.55
921060,Modern Combat 5,Gameloft,Gameloft,3130,2595,0.0,0.0,0,1,1500000.0,5725,54.67
70000,Dino D-Day,800 North and Digital Ranch,800 North and Digital Ranch,12659,2391,0.99,9.99,90,3,1500000.0,15050,84.11
274520,Darkwood,Acid Wizard Studio,"Hooded Horse, Acid Wizard Studio",20529,1089,19.99,19.99,0,86,1500000.0,21618,94.96
239200,Amnesia: A Machine for Pigs,The Chinese Room,Frictional Games,7886,3457,3.99,19.99,80,10,1500000.0,11343,69.52
257420,Serious Sam 4,Croteam,Devolver Digital,13456,2672,39.99,39.99,0,145,1500000.0,16128,83.43
1335200,Action Taimanin,LiLith,Infini-Brain inc.,15495,3149,0.0,0.0,0,993,1500000.0,18644,83.11
1888930,The Last of Us Part I,"Naughty Dog LLC, Iron Galaxy Studios",PlayStation Publishing LLC,63713,16142,59.99,59.99,0,4144,1500000.0,79855,79.79
34450,Civilization IV: Warlords,Firaxis Games,2K,131,23,4.99,4.99,0,0,1500000.0,154,85.06
654880,Dream Daddy: A Dad Dating Simulator,Game Grumps,Game Grumps,5578,509,14.99,14.99,0,21,1500000.0,6087,91.64
625960,Stoneshard,Ink Stains Games,HypeTrain Digital,22298,7764,24.99,24.99,0,744,1500000.0,30062,74.17
1509960,PICO PARK,TECOPARK,TECOPARK,25879,2620,4.99,4.99,0,124,1500000.0,28499,90.81
1544020,The Callisto Protocol,Striking Distance Studios,"KRAFTON, Inc.",25601,13829,59.99,59.99,0,46,1500000.0,39430,64.93
2206460,Furry Killer,Sujiko,GigantGame-A,17,4,7.49,29.99,75,2,1500000.0,21,80.95
1447430,小黑盒加速器,Qing Feng Beijing Technology,Qing Feng Beijing Technology,7088,1800,0.0,0.0,0,3328,1500000.0,8888,79.75
7760,X-COM: UFO Defense,"MicroProse Software, Inc",2K,3602,197,4.99,4.99,0,49,1500000.0,3799,94.81
515690,Warriors of Vilvatikta,RPG Video,Back To Basics Gaming,92,80,1.99,1.99,0,0,1500000.0,172,53.49
104900,ORION: Prelude,DANKIE,DANKIE,21458,7027,0.99,0.99,0,3,1500000.0,28485,75.33
339280,Strife,S2 Games,S2 Games,3730,1142,0.0,0.0,0,5,1500000.0,4872,76.56
262280,Dungeons 2,Realmforge Studios,Kalypso Media Digital,4235,939,19.99,19.99,0,13,1500000.0,5174,81.85
1201240,BLEACH Brave Souls,KLab Inc.,KLab Inc.,10533,1351,0.0,0.0,0,1349,1500000.0,11884,88.63
1686940,Bopl Battle,Johan Grönvall,Zapray Games,18609,516,9.99,9.99,0,480,1500000.0,19125,97.3
859570,Secret Neighbor: Hello Neighbor Multiplayer,"Hologryph, Eerie Guest Studios",tinyBuild,15991,2508,3.99,19.99,80,91,1500000.0,18499,86.44
1846380,Need for Speed Unbound,Criterion Games,Electronic Arts,29906,19702,69.99,69.99,0,618,1500000.0,49608,60.28
313120,Stranded Deep,Beam Team Games,Beam Team Publishing,34118,11710,19.99,19.99,0,256,1500000.0,45828,74.45
1435790,Escape Simulator,Pine Studio,Pine Studio,16281,1027,19.99,19.99,0,674,1500000.0,17308,94.07
1062090,Timberborn,Mechanistry,Mechanistry,30266,1412,24.49,34.99,30,3884,1500000.0,31678,95.54
21100,F.E.A.R. 3,Day 1 Studios,Warner Bros. Interactive Entertainment,9070,3688,19.99,19.99,0,36,1500000.0,12758,71.09
1259970,eFootball PES 2021 SEASON UPDATE,Konami Digital Entertainment,Konami Digital Entertainment,29393,8549,0.0,0.0,0,989,1500000.0,37942,77.47
2096600,Crysis 2 Remastered,"Crytek, Saber Interactive",Crytek,6022,731,29.99,29.99,0,79,1500000.0,6753,89.18
400040,ShareX,ShareX Team,ShareX Team,7196,328,0.0,0.0,0,2777,1500000.0,7524,95.64
512900,Streets of Rogue,Matt Dabrowski,tinyBuild,21076,857,19.99,19.99,0,317,1500000.0,21933,96.09
383080,Sakura Clicker,Winged Cloud,Winged Cloud,12127,2429,0.0,0.0,0,58,1500000.0,14556,83.31
573090,Stormworks: Build and Rescue,Geometa,Geometa,47662,5280,24.99,24.99,0,1488,1500000.0,52942,90.03
20510,S.T.A.L.K.E.R.: Clear Sky,GSC Game World,GSC World Publishing,18987,3267,19.99,19.99,0,107,1500000.0,22254,85.32
1268750,Starship Troopers: Extermination,Offworld,Offworld,25027,5995,29.99,29.99,0,283,1500000.0,31022,80.68
774861,Project Winter,Other Ocean Interactive,Other Ocean Group,15638,3261,9.99,9.99,0,16,1500000.0,18899,82.75
1169040,Necesse,Fair Games ApS,Fair Games ApS,15988,1083,9.74,14.99,35,507,1500000.0,17071,93.66
1501750,Lords of the Fallen,CI Games,CI Games,27969,14164,29.99,29.99,0,827,1500000.0,42133,66.38
969990,SpongeBob SquarePants: Battle for Bikini Bottom - Rehydrated,Purple Lamp,THQ Nordic,15692,989,29.99,29.99,0,52,1500000.0,16681,94.07
516750,My Summer Car,Amistech Games,Amistech Games,86445,4949,14.99,14.99,0,1044,1500000.0,91394,94.58
210970,The Witness,"Thekla, Inc.","Thekla, Inc.",16069,2868,39.99,39.99,0,103,1500000.0,18937,84.86
361280,Turmoil,Gamious,Gamious,13816,1037,12.99,12.99,0,767,1500000.0,14853,93.02
457330,High Octane Drift,Cruderocks,Cruderocks,3265,2684,0.0,0.0,0,4,1500000.0,5949,54.88
715210,The Pillage,Bishop Armstrong,Bishop Armstrong,49,7,2.99,2.99,0,0,1500000.0,56,87.5
311240,Zero Escape: Zero Time Dilemma,"Spike Chunsoft Co., Ltd.","Spike Chunsoft Co., Ltd.",3598,749,3.99,19.99,80,21,1500000.0,4347,82.77
4580,"Warhammer 40,000: Dawn of War - Dark Crusade",Relic Entertainment,SEGA,8658,318,0.0,0.0,0,236,1500000.0,8976,96.46
584400,Sonic Mania,"Christian Whitehead, Headcannon, PagodaWest Games",SEGA,24500,1631,19.99,19.99,0,78,1500000.0,26131,93.76
860510,Little Nightmares II,Tarsier Studios,BANDAI NAMCO Entertainment,40494,2548,9.89,29.99,67,229,1500000.0,43042,94.08
2400,The Ship: Murder Party,Outerlight Ltd.,Blazing Griffin,5108,842,9.99,9.99,0,3,1500000.0,5950,85.85
423230,Furi,The Game Bakers,The Game Bakers,11103,1101,19.99,19.99,0,15,1500000.0,12204,90.98
682990,Drug Dealer Simulator,Byterunners,Movie Games S.A.,18054,6004,19.99,19.99,0,89,1500000.0,24058,75.04
356670,Spooky's Jump Scare Mansion,Lag Studios,Lag Studios,13926,1072,0.0,0.0,0,8,1500000.0,14998,92.85
13230,Unreal Tournament 2004: Editor's Choice Edition,"Epic Games, Inc.","Epic Games, Inc.",3934,142,0.0,0.0,0,39,1500000.0,4076,96.52
977400,Cell to Singularity - Evolution Never Ends,Computer Lunch,Computer Lunch,21284,2406,0.0,0.0,0,3036,1500000.0,23690,89.84
295110,Just Survive,Daybreak Game Company,Daybreak Game Company,45716,31640,0.0,0.0,0,1,1500000.0,77356,59.1
31280,Poker Night at the Inventory,Telltale Games,Soldak Entertainment,8477,969,0.0,0.0,0,13,1500000.0,9446,89.74
1940340,Darkest Dungeon II,Red Hook Studios,Red Hook Studios,16355,5184,39.99,39.99,0,1054,1500000.0,21539,75.93
1262540,Need for Speed,Ghost Games,Electronic Arts,16504,7099,29.99,29.99,0,125,1500000.0,23603,69.92
38410,Fallout 2: A Post Nuclear Role Playing Game,Black Isle Studios,Bethesda Softworks,14550,884,9.99,9.99,0,129,1500000.0,15434,94.27
12810,Overlord II,Triumph Studios,"Codemasters, Electronic Arts",4139,505,9.99,9.99,0,19,1500000.0,4644,89.13
418530,Spelunky 2,"Mossmouth, BlitWorks",Mossmouth,19062,1423,19.99,19.99,0,313,1500000.0,20485,93.05
9420,Supreme Commander: Forged Alliance,Gas Powered Games,Square Enix,13042,426,12.99,12.99,0,691,1500000.0,13468,96.84
3830,Psychonauts,Double Fine Productions,Double Fine Productions,17040,885,9.99,9.99,0,56,1500000.0,17925,95.06
212740,TERA - Action MMORPG,"Bluehole, Inc.",Gameforge 4D GmbH,6071,1678,0.0,0.0,0,1,1500000.0,7749,78.35
992300,嗜血印 Bloody Spell,艺龙游戏,艺龙游戏,31311,3806,24.99,24.99,0,62,1500000.0,35117,89.16
217200,Worms Armageddon,Team17 Digital Ltd,Team17 Digital Ltd,9524,583,14.99,14.99,0,136,1500000.0,10107,94.23
16900,GROUND BRANCH,"BlackFoot Studios, MicroProse Software",MicroProse Software,19351,2325,29.99,29.99,0,349,1500000.0,21676,89.27
304650,SUNLESS SEA,Failbetter Games,Failbetter Games,7715,1573,18.99,18.99,0,45,1500000.0,9288,83.06
233270,Far Cry 3 - Blood Dragon,Ubisoft Montreal,Ubisoft,15566,2168,14.99,14.99,0,20,1500000.0,17734,87.77
13210,Unreal Tournament 3 Black,"Epic Games, Inc.","Epic Games, Inc.",3566,489,0.0,0.0,0,19,1500000.0,4055,87.94
448470,Bacteria,Sometimes You,Sometimes You,232,175,0.99,0.99,0,0,1500000.0,407,57.0
20,Team Fortress Classic,Valve,Valve,7602,1136,4.99,4.99,0,66,1500000.0,8738,87.0
9200,RAGE,id Software,Bethesda Softworks,13646,3915,9.99,9.99,0,34,1500000.0,17561,77.71
3117820,Sultan's Game,Double Cross,2P Games,20637,1233,24.99,24.99,0,7726,1500000.0,21870,94.36
383980,Rivals of Aether,Aether Studios,Aether Studios,34357,1469,29.99,29.99,0,285,1500000.0,35826,95.9
288470,Fable Anniversary,Lionhead Studios,Xbox Game Studios,12507,2088,34.99,34.99,0,115,1500000.0,14595,85.69
368370,Her Story,Sam Barlow,Sam Barlow,8718,1014,9.99,9.99,0,11,1500000.0,9732,89.58
226700,Infestation: Survivor Stories 2020,Fredaikis AB,OP Productions LLC,10644,14774,0.0,0.0,0,30,1500000.0,25418,41.88
394310,Punch Club,Lazy Bear Games,tinyBuild,11986,2883,1.99,9.99,80,55,1500000.0,14869,80.61
505460,Foxhole,Siege Camp,Siege Camp,36855,7213,29.99,29.99,0,2821,1500000.0,44068,83.63
250320,The Wolf Among Us,Telltale,Telltale,34914,764,14.99,14.99,0,116,1500000.0,35678,97.86
481510,Night in the Woods,Infinite Fall,Finji,17649,1092,19.99,19.99,0,53,1500000.0,18741,94.17
302670,Call to Arms,Digitalmindsoft,Digitalmindsoft,18474,4759,14.99,14.99,0,117,1500000.0,23233,79.52
311560,Assassin’s Creed Rogue,"Ubisoft Sofia, Ubisoft Kiev",Ubisoft,15451,2611,19.99,19.99,0,155,1500000.0,18062,85.54
736190,Chinese Parents,墨鱼玩游戏,墨鱼玩游戏,23459,2192,9.99,9.99,0,287,1500000.0,25651,91.45
243970,"Invisible, Inc.",Klei Entertainment,Klei Entertainment,5126,481,19.99,19.99,0,19,1500000.0,5607,91.42
230290,Universe Sandbox,Giant Army,Giant Army,26456,992,29.99,29.99,0,357,1500000.0,27448,96.39
2338770,NBA 2K24,Visual Concepts,2K,13567,29895,59.99,59.99,0,2932,1500000.0,43462,31.22
614570,Dishonored: Death of the Outsider,Arkane Studios,Bethesda Softworks,10794,1509,29.99,29.99,0,45,1500000.0,12303,87.73
655500,MX Bikes,PiBoSo,PiBoSo,26514,1602,34.99,34.99,0,3605,1500000.0,28116,94.3
496300,Kingdom: New Lands,Noio,Raw Fury,10095,1646,14.99,14.99,0,63,1500000.0,11741,85.98
57900,Duke Nukem Forever,Gearbox Software,2K,7586,3406,19.99,19.99,0,24,1500000.0,10992,69.01
333420,Cossacks 3,GSC Game World,GSC Game World,12060,2690,19.99,19.99,0,446,1500000.0,14750,81.76
2456740,inZOI,inZOI Studio,"KRAFTON, Inc.",16548,4311,31.99,39.99,20,1039,1500000.0,20859,79.33
1291340,Townscaper,Oskar Stålberg,Raw Fury,20101,927,5.99,5.99,0,33,1500000.0,21028,95.59
21110,F.E.A.R.,"Monolith Productions, Inc., Timegate","Warner Bros. Games, Warner Bros. Interactive Entertainment",0,0,9.99,9.99,0,13,1500000.0,0,
21120,F.E.A.R.,"Monolith Productions, Inc., Timegate","Warner Bros. Games, Warner Bros. Interactive Entertainment",0,0,9.99,9.99,0,10,1500000.0,0,
242700,Injustice: Gods Among Us Ultimate Edition,"NetherRealm Studios, High Voltage Software",Warner Bros. Interactive Entertainment,16534,2651,19.99,19.99,0,69,1500000.0,19185,86.18
450540,"Hot Dogs, Horseshoes & Hand Grenades",RUST LTD.,RUST LTD.,21452,652,19.99,19.99,0,218,1500000.0,22104,97.05
249050,Dungeon of the ENDLESS,AMPLITUDE Studios,AMPLITUDE Studios,11749,1985,11.99,11.99,0,61,1500000.0,13734,85.55
258970,Gauntlet Slayer Edition,Arrowhead Game Studios,WB Games,8079,1808,19.99,19.99,0,37,1500000.0,9887,81.71
429660,Tales of Berseria,BANDAI NAMCO Studios Inc.,BANDAI NAMCO Entertainment,16835,1573,49.99,49.99,0,74,1500000.0,18408,91.45
201870,Assassin's Creed Revelations,Ubisoft Montreal,Ubisoft,15282,2765,19.99,19.99,0,104,1500000.0,18047,84.68
1809540,Nine Sols,RedCandleGames,RedCandleGames,27488,1408,29.99,29.99,0,625,1500000.0,28896,95.13
304030,ArcheAge,XLGAMES,Kakao Games Europe B.V.,3833,3545,0.0,0.0,0,2,1500000.0,7378,51.95
617830,SUPERHOT VR,SUPERHOT Team,SUPERHOT Team,7652,2597,24.99,24.99,0,30,1500000.0,10249,74.66
1462040,FINAL FANTASY VII REMAKE INTERGRADE,Square Enix,Square Enix,33079,4228,39.99,39.99,0,761,1500000.0,37307,88.67
729040,Borderlands Game of the Year Enhanced,"Gearbox Software, Blind Squirrel Games",2K,20262,4221,29.99,29.99,0,620,1500000.0,24483,82.76
1672970,Minecraft Dungeons,"Mojang Studios, ‪Double Eleven",Xbox Game Studios,12725,1227,19.99,19.99,0,260,1500000.0,13952,91.21
747610,Zula Global,Madbyte Games,Madbyte Games,5310,2285,0.0,0.0,0,170,1500000.0,7595,69.91
1022450,War Selection,Glyph Worlds,Glyph Worlds,18745,3109,0.0,0.0,0,507,1500000.0,21854,85.77
400250,Heaven Island - VR MMO,"Fabio Ferrara, Giulia Airoldi",Chubby Pixel,1487,883,0.65,1.99,67,2,1500000.0,2370,62.74
1041720,Kingdoms of Amalur: Re-Reckoning,"KAIKO, Big Huge Games, 38 Studios",THQ Nordic,5468,1670,39.99,39.99,0,114,1500000.0,7138,76.6
1527950,Wartales,Shiro Games,Shiro Games,26326,3010,9.79,34.99,72,1632,1500000.0,29336,89.74
950670,Gothic Playable Teaser,THQ Nordic Barcelona,THQ Nordic,10607,4457,0.0,0.0,0,5,1500000.0,15064,70.41
326460,ShellShock Live,kChamp Games,kChamp Games,32540,2353,9.99,9.99,0,297,1500000.0,34893,93.26
40700,Machinarium,Amanita Design,Amanita Design,16384,860,19.99,19.99,0,125,1500000.0,17244,95.01
12900,AudioSurf,Dylan Fitterer,,10490,470,9.99,9.99,0,11,1500000.0,10960,95.71
223850,3DMark,UL Solutions,UL Solutions,17160,1192,29.99,29.99,0,699,1500000.0,18352,93.5
2108330,F1 23,Codemasters,Electronic Arts,15059,2456,0.0,0.0,0,515,1500000.0,17515,85.98
1451940,NEEDY STREAMER OVERLOAD,"WSS playground, xemono","WSS playground, Alliance Arts",44718,2487,5.43,15.99,66,170,1500000.0,47205,94.73
1930,Two Worlds Epic Edition,Reality Pump Studios,Topware Interactive,4283,1311,14.99,14.99,0,17,1500000.0,5594,76.56
290340,Armello,League of Geeks,League of Geeks,12911,2848,24.99,24.99,0,61,1500000.0,15759,81.93
997010,Police Simulator: Patrol Officers,Aesir Interactive,astragon Entertainment,15108,4313,19.99,39.99,50,318,1500000.0,19421,77.79
1029550,Torque Drift,Grease Monkey Games,Grease Monkey Games,9259,2867,0.0,0.0,0,91,1500000.0,12126,76.36
668630,Tricolour Lovestory,HL-Galgame,HL-Galgame,22818,5038,1.99,1.99,0,22,1500000.0,27856,81.91
553640,ICEY,FantaBlade Network,XD,24297,2629,10.99,10.99,0,26,1500000.0,26926,90.24
21090,F.E.A.R.,"Monolith Productions, Inc., Timegate","Warner Bros. Games, Warner Bros. Interactive Entertainment",15867,1069,9.99,9.99,0,87,1500000.0,16936,93.69
437220,The Culling,Xaviant,Xaviant Games,9960,7437,0.0,0.0,0,0,1500000.0,17397,57.25
2252570,Football Manager 2024,Sports Interactive,SEGA,20927,2121,59.99,59.99,0,47931,1500000.0,23048,90.8
578310,BRAIN / OUT,Desertkun,Desertkun,12592,2769,0.0,0.0,0,9,1500000.0,15361,81.97
234630,Project CARS,Slightly Mad Studios,"Codemasters, Slightly Mad Studios, Electronic Arts",11422,2986,0.0,0.0,0,45,1500000.0,14408,79.28
794600,LET IT DIE,"SUPERTRICK GAMES, Inc., GRASSHOPPER MANUFACTURE INC.","GungHo Online Entertainment America, Inc.",4404,1487,19.99,19.99,0,117,1500000.0,5891,74.76
339340,Resident Evil 0,"CAPCOM Co., Ltd.","CAPCOM Co., Ltd.",11048,2522,4.99,19.99,75,83,1500000.0,13570,81.41
3900,Sid Meier's Civilization IV,Firaxis Games,2K,3134,241,3.99,19.99,80,620,1500000.0,3375,92.86
489940,BATTALION 1944,BULKHEAD,BULKHEAD,9796,6659,0.0,0.0,0,4,1500000.0,16455,59.53
1012880,60 Seconds! Reatomized,Robot Gentleman,Robot Gentleman,15967,957,9.99,9.99,0,251,1500000.0,16924,94.35
2390840,Zombie Defense: The Last Frontier,LilMemes Production, LilMemes Production,26,13,0.99,0.99,0,0,1500000.0,39,66.67
378860,Project CARS 2,Slightly Mad Studios,BANDAI NAMCO Entertainment,14903,3471,0.0,0.0,0,130,1500000.0,18374,81.11
745740,Reflex,Easy game,Game for people,670,115,0.99,0.99,0,2,1500000.0,785,85.35
382490,Relic Hunters Zero: Remix,Rogue Snail,Akupara Games,6309,459,0.0,0.0,0,4,1500000.0,6768,93.22
731490,Crash Bandicoot N. Sane Trilogy,"Vicarious Visions, Iron Galaxy Studios",Activision,16702,1332,11.99,39.99,70,311,1500000.0,18034,92.61
517630,Just Cause 4 Reloaded,Avalanche Studios,Square Enix,18698,11600,69.03,69.03,0,232,1500000.0,30298,61.71
282800,100% Orange Juice,"Orange_Juice, Fruitbat Factory",Fruitbat Factory,25886,2350,1.74,6.99,75,158,1500000.0,28236,91.68
42960,Victoria II,Paradox Development Studio,Paradox Interactive,17950,1527,19.99,19.99,0,490,1500000.0,19477,92.16
32440,LEGO Star Wars - The Complete Saga,Traveller's Tales,"LucasArts, Lucasfilm, Disney",23000,787,19.99,19.99,0,334,1500000.0,23787,96.69
115320,Prototype 2,Radical Entertainment,Activision,11376,3605,11.99,39.99,70,144,1500000.0,14981,75.94
383120,Empyrion - Galactic Survival,Eleon Game Studios,Eleon Game Studios,26195,7052,19.99,19.99,0,990,1500000.0,33247,78.79
557340,My Friend Pedro,DeadToast Entertainment,Devolver Digital,26344,1183,19.99,19.99,0,22,1500000.0,27527,95.7
39000,Moonbase Alpha,"Virtual Heroes, Army Game Studio",NASA,11622,1216,0.0,0.0,0,3,1500000.0,12838,90.53
690640,Trine 4: The Nightmare Prince,Frozenbyte,Frozenbyte,11924,1455,5.99,29.99,80,76,1500000.0,13379,89.12
214510,LEGO The Lord of the Rings,Traveller's Tales,Warner Bros. Interactive Entertainment,12822,1390,19.99,19.99,0,154,1500000.0,14212,90.22
577800,NBA 2K18,Visual Concepts,2K,5473,13319,0.0,0.0,0,58,1500000.0,18792,29.12
1252330,DEATHLOOP,Arkane Studios,Bethesda Softworks,22306,6899,59.99,59.99,0,73,1500000.0,29205,76.38
235340,Prime World,Nival,Nival,2214,1571,0.0,0.0,0,2,1500000.0,3785,58.49
362960,Tyranny,Obsidian Entertainment,Paradox Interactive,11080,1658,29.99,29.99,0,47,1500000.0,12738,86.98
107310,Cthulhu Saves the World,Zeboyd Digital Entertainment LLC,Zeboyd Digital Entertainment LLC,3148,281,2.99,2.99,0,2,1500000.0,3429,91.81
250820,SteamVR,Valve,Digital Leisure Inc.,61933,8707,0.0,0.0,0,0,1500000.0,70640,87.67
1161580,Hardspace: Shipbreaker,Blackbird Interactive,Blackbird Interactive,18276,2146,10.49,34.99,70,270,1500000.0,20422,89.49
2320,Quake II,"id Software, Nightdive Studios, MachineGames",Bethesda Softworks,8821,407,9.99,9.99,0,80,1500000.0,9228,95.59
1088150,Scribble It!,Detach Entertainment,Detach Entertainment,6711,1080,0.0,0.0,0,76,1500000.0,7791,86.14
236690,Blood Bowl 2: Legendary Edition (Classic),Cyanide Studios,Slitherine Ltd.,6997,1893,29.99,29.99,0,84,1500000.0,8890,78.71
1096530,Solasta: Crown of the Magister,Tactical Adventures,Tactical Adventures,17785,2608,7.49,29.99,75,396,1500000.0,20393,87.21
213610,Sonic Adventure 2,SEGA,SEGA,22711,2761,9.99,9.99,0,234,1500000.0,25472,89.16
790710,World of Warplanes,Wargaming Group Limited,Wargaming Group Limited,3646,1460,0.0,0.0,0,64,1500000.0,5106,71.41
541570,Sally Face - Episode One,Portable Moose,Portable Moose,21939,622,2.99,2.99,0,100,1500000.0,22561,97.24
1455840,Dorfromantik,Toukana Interactive,Toukana Interactive,26639,958,13.99,13.99,0,365,1500000.0,27597,96.53
710920,Darksiders Genesis,Airship Syndicate,THQ Nordic,10185,2188,29.99,29.99,0,29,1500000.0,12373,82.32
670290,Real Pool 3D - Poolians,Poolians.com,Poolians.com,13042,3918,0.0,0.0,0,911,1500000.0,16960,76.9
1124300,HUMANKIND,AMPLITUDE Studios,AMPLITUDE Studios,18573,8672,49.99,49.99,0,411,1500000.0,27245,68.17
269950,X-Plane 11,Laminar Research,Laminar Research,17554,1363,29.99,29.99,0,381,1500000.0,18917,92.79
247120,Portal 2 Sixense Perceptual Pack,,Sixense,299,225,0.0,0.0,0,0,1500000.0,524,57.06
300380,Road Redemption,"Redemption Road, Pixel Dash Studios",Tripwire Presents,10485,2262,19.99,19.99,0,21,1500000.0,12747,82.25
329050,Devil May Cry 4 Special Edition,"CAPCOM Co., Ltd.","CAPCOM Co., Ltd. ",16223,2172,24.99,24.99,0,220,1500000.0,18395,88.19
1253920,Rogue Legacy 2,Cellar Door Games,Cellar Door Games,13143,1326,24.99,24.99,0,167,1500000.0,14469,90.84
332950,Dark Deception,Glowstick Entertainment,Glowstick Entertainment,18879,2352,0.0,0.0,0,162,1500000.0,21231,88.92
232010,Euro Truck Simulator,SCS Software,SCS Software,6093,1198,4.99,4.99,0,3,1500000.0,7291,83.57
1184140,KartRider: Drift,NEXON Korea Corporation,Nexon America Inc.,3910,1460,0.0,0.0,0,3,1500000.0,5370,72.81
339600,VEGA Conflict,KIXEYE,KIXEYE,2865,2020,0.0,0.0,0,290,1500000.0,4885,58.65
410900,Forts,EarthWork Games,EarthWork Games,20535,1786,14.99,14.99,0,379,1500000.0,22321,92.0
2296990,We Were Here Expeditions: The FriendShip,Total Mayhem Games,Total Mayhem Games,20306,2028,3.99,3.99,0,63,1500000.0,22334,90.92
283640,Salt and Sanctuary,Ska Studios,Ska Studios,18485,2167,17.99,17.99,0,48,1500000.0,20652,89.51
397950,Clustertruck,Landfall,tinyBuild,16041,1113,2.99,14.99,80,56,1500000.0,17154,93.51
371660,Far Cry Primal,Ubisoft,Ubisoft,28267,4625,29.99,29.99,0,235,1500000.0,32892,85.94
1173690,Resident Evil 3: Raccoon City Demo,"CAPCOM Co., Ltd.","CAPCOM Co., Ltd.",8985,1084,0.0,0.0,0,5,1500000.0,10069,89.23
1966900,20 Minutes Till Dawn,flanne,flanne,25358,2361,2.49,4.99,50,146,1500000.0,27719,91.48
20500,Red Faction Guerrilla Steam Edition,"Volition, Reactor Zero, THQ Nordic",Deep Silver,6859,765,19.99,19.99,0,5,1500000.0,7624,89.97
437920,Tricky Towers,WeirdBeard,WeirdBeard,14179,1516,14.99,14.99,0,71,1500000.0,15695,90.34
40970,Stronghold Crusader HD (2012),Firefly Studios,Firefly Studios,19346,465,9.99,9.99,0,746,1500000.0,19811,97.65
1605220,Dune: Spice Wars,Shiro Games,"Funcom, Shiro Games",9973,2547,34.99,34.99,0,203,1500000.0,12520,79.66
715220,Ironsight,Wiple Games,Aeria Games,4149,1145,0.0,0.0,0,0,1500000.0,5294,78.37
218680,Scribblenauts Unlimited,5th Cell Media,Warner Bros. Interactive Entertainment,11038,717,19.99,19.99,0,35,1500000.0,11755,93.9
826630,Iron Harvest,KING Art,"Prime Matter, Deep Silver",10945,4123,29.99,29.99,0,93,1500000.0,15068,72.64
996470,eFootball  PES 2020,Konami Digital Entertainment,Konami Digital Entertainment,18667,7563,0.0,0.0,0,181,1500000.0,26230,71.17
1919590,NBA 2K23,Visual Concepts,2K,31908,19567,0.0,0.0,0,1118,1500000.0,51475,61.99
48720,Mount & Blade: With Fire & Sword,TaleWorlds Entertainment,TaleWorlds Entertainment,11961,1613,9.99,9.99,0,99,1500000.0,13574,88.12
12140,Max Payne,Remedy Entertainment,Rockstar Games,13072,1581,9.99,9.99,0,43,1500000.0,14653,89.21
1206560,WorldBox - God Simulator,Maxim Karpenko,Maxim Karpenko,41874,2188,19.99,19.99,0,1589,1500000.0,44062,95.03
903950,Last Oasis,Donkey Crew,"Donkey Crew, Snail Games USA",14952,9133,29.99,29.99,0,153,1500000.0,24085,62.08
233290,Murdered: Soul Suspect,Airtight Games,Square Enix,14278,2373,19.99,19.99,0,11,1500000.0,16651,85.75
2300320,Farming Simulator 25,GIANTS Software,GIANTS Software,28079,5496,29.99,29.99,0,13431,1500000.0,33575,83.63
1295660,Sid Meier's Civilization VII,Firaxis Games,2K,20502,21746,69.99,69.99,0,5931,1500000.0,42248,48.53
1325860,VTube Studio,DenchiSoft,DenchiSoft,5283,412,0.0,0.0,0,10139,1500000.0,5695,92.77
997070,Marvel's Avengers - The Definitive Edition,"Crystal Dynamics, Eidos-Montréal, Nixxes",Crystal Dynamics,22704,11386,0.0,0.0,0,68,1500000.0,34090,66.6
916440,Anno 1800,Ubisoft Mainz,Ubisoft,20368,4723,59.99,59.99,0,2784,1500000.0,25091,81.18
858810,Dawn of Man,Madruga Works,Madruga Works,14845,2252,24.99,24.99,0,323,1500000.0,17097,86.83
1407200,World of Tanks,Wargaming Group Limited,Wargaming Group Limited,72570,15266,0.0,0.0,0,3869,1500000.0,87836,82.62
238430,Contagion,"Monochrome, Inc","Monochrome, Inc",11222,4206,9.99,9.99,0,27,1500000.0,15428,72.74
1244460,Jurassic World Evolution 2,Frontier Developments,Frontier Developments,32817,3821,59.99,59.99,0,1413,1500000.0,36638,89.57
1118310,RetroArch,Libretro,Libretro,7224,839,0.0,0.0,0,619,1500000.0,8063,89.59
882100,XCOM: Chimera Squad,Firaxis Games,2K,16302,6407,9.99,9.99,0,68,1500000.0,22709,71.79
206210,Gotham City Impostors Free to Play,"Monolith Productions, Inc.",Warner Bros. Interactive Entertainment,10295,1754,0.0,0.0,0,0,1500000.0,12049,85.44
205950,Jet Set Radio,Blit Software,SEGA,7097,1030,0.0,0.0,0,7,1500000.0,8127,87.33
879160,Battlerite Royale,Stunlock Studios,Stunlock Studios,6088,2103,0.0,0.0,0,5,1500000.0,8191,74.33
1106840,Hydroneer,Foulball Hangover,Foulball Hangover,21755,3368,14.99,14.99,0,374,1500000.0,25123,86.59
1210320,Potion Craft: Alchemist Simulator,niceplay games,tinyBuild,34716,2892,19.99,19.99,0,941,1500000.0,37608,92.31
728540,Islands of Nyne: Battle Royale,Define Human Studios,Define Human Studios,3387,3302,0.0,0.0,0,0,1500000.0,6689,50.64
285160,LEGO The Hobbit,"Traveller's Tales, Feral Interactive (Mac)","Warner Bros. Interactive Entertainment, Feral Interactive (Mac)",7895,1882,19.99,19.99,0,69,1500000.0,9777,80.75
1119730,"Ranch Simulator: Build, Hunt, Farm",Toxic Dog,Excalibur Games,28977,7042,24.99,24.99,0,1488,1500000.0,36019,80.45
1657630,Slime Rancher 2,Monomi Park,Monomi Park,31703,1916,17.99,29.99,40,524,1500000.0,33619,94.3
246420,Kingdom Rush  - Tower Defense,Ironhide Game Studio,Ironhide Game Studio,14430,402,9.99,9.99,0,214,1500000.0,14832,97.29
1448440,Wo Long: Fallen Dynasty,"KOEI TECMO GAMES CO., LTD.","KOEI TECMO GAMES CO., LTD., CE-Asia(Asia)",13447,14241,39.99,39.99,0,151,1500000.0,27688,48.57
1810580,Nobody - The Turnaround,U.Ground Game Studio,Thermite Games,8509,5730,0.0,0.0,0,36,1500000.0,14239,59.76
1817190,Marvel’s Spider-Man: Miles Morales,"Insomniac Games, Nixxes Software",PlayStation Publishing LLC,40722,2959,49.99,49.99,0,377,1500000.0,43681,93.23
244450,Men of War: Assault Squad 2,Digitalmindsoft,Fulqrum Publishing,40520,3881,29.99,29.99,0,711,1500000.0,44401,91.26
282660,Easy eSports,EasyAntiCheat Ltd,EasyAntiCheat Ltd,7812,1883,0.0,0.0,0,3,1500000.0,9695,80.58
1325200,Nioh 2 – The Complete Edition,"KOEI TECMO GAMES CO., LTD.","KOEI TECMO GAMES CO., LTD.",39965,5531,49.99,49.99,0,1441,1500000.0,45496,87.84
960990,Beyond: Two Souls,Quantic Dream,Quantic Dream,24755,3272,19.99,19.99,0,210,1500000.0,28027,88.33
383180,Dead Island: Riptide Definitive Edition,Techland,Deep Silver,8342,3358,19.99,19.99,0,140,1500000.0,11700,71.3
209660,Call of Duty: Advanced Warfare - Gold Edition,"Sledgehammer Games, Raven Software",Activision,13493,8403,15.99,39.99,60,17,1500000.0,21896,61.62
751780,Forager,HopFrog,Balor Games,36751,4130,19.99,19.99,0,235,1500000.0,40881,89.9
544920,Darwin Project,Scavengers Studio,Scavengers Studio,14978,3410,0.0,0.0,0,0,1500000.0,18388,81.46
226860,Galactic Civilizations III,Stardock Entertainment,Stardock Entertainment,7874,2408,29.99,29.99,0,161,1500000.0,10282,76.58
1418630,Dread Hunger,Dread Hunger Team,Digital Confectioners,27859,18326,0.0,0.0,0,751,1500000.0,46185,60.32
939400,LoveChoice,Akaba Studio,Akaba Studio,31465,2425,1.99,1.99,0,92,1500000.0,33890,92.84
2321470,Deep Rock Galactic: Survivor,Funday Games,Ghost Ship Publishing,31693,4865,12.99,12.99,0,1300,1500000.0,36558,86.69
268870,Satellite Reign,5 Lives Studios,5 Lives Studios,3737,1492,29.99,29.99,0,5,1500000.0,5229,71.47
953490,CARRION,Phobia Game Studio,Devolver Digital,25814,1496,19.99,19.99,0,44,1500000.0,27310,94.52
698670,Scorn,Ebb Software,Kepler Interactive,11887,3613,12.49,49.99,75,20,1500000.0,15500,76.69
1128920,EVERSPACE 2,ROCKFISH Games,ROCKFISH Games,10088,1540,9.99,49.99,80,331,1500000.0,11628,86.76
1418100,Swords of Legends Online,"Wangyuan Shengtang Entertainment Technology CO., 上海烛龙信息科技有限公司",Gameforge 4D GmbH,3878,1944,0.0,0.0,0,2,1500000.0,5822,66.61
329110,Gems of War - Puzzle RPG,Infinity Plus 2,505 Games,7067,1723,0.0,0.0,0,2002,1500000.0,8790,80.4
1264670,The Wind Road,甘肃嘉元数字科技有限公司,Phoenix Game,4706,2098,29.99,29.99,0,1,1500000.0,6804,69.17
214340,Deponia,Daedalic Entertainment,Daedalic Entertainment,10509,1566,9.99,9.99,0,25,1500000.0,12075,87.03
205230,Hell Yeah! Wrath of the Dead Rabbit,Arkedo,SEGA,3132,543,14.99,14.99,0,1,1500000.0,3675,85.22
17570,"Pirates, Vikings, and Knights II",Octoshark Studios,Octoshark Studios,5227,730,0.0,0.0,0,13,1500000.0,5957,87.75
1258080,Shop Titans,"Kabam Games, Inc.","Kabam Games, Inc.",13249,3679,0.0,0.0,0,3279,1500000.0,16928,78.27
610080,Realm Grinder,Divine Games,Kongregate,6185,917,0.0,0.0,0,595,1500000.0,7102,87.09
2713550,Cursed Dawn,Cursed Studios,,2,7,8.99,14.99,40,0,1500000.0,9,22.22
962730,Skater XL - The Ultimate Skateboarding Game,Easy Day Studios Pty Ltd,Easy Day Studios Pty Ltd,16733,2736,39.99,39.99,0,165,1500000.0,19469,85.95
375910,Anno 2205,Blue Byte,Ubisoft,4174,1819,39.99,39.99,0,63,1500000.0,5993,69.65
911400,Assassin's Creed III Remastered,Ubisoft Entertainment,Ubisoft Entertainment				,7703,4881,39.99,39.99,0,295,1500000.0,12584,61.21
1237980,STAR WARS Battlefront,DICE,Electronic Arts,4116,1129,19.99,19.99,0,55,1500000.0,5245,78.47
1262600,Need for Speed Rivals,Criterion Games,Electronic Arts,6633,2218,19.99,19.99,0,42,1500000.0,8851,74.94
2679460,Metaphor: ReFantazio,ATLUS,SEGA,31641,3199,69.99,69.99,0,1753,1500000.0,34840,90.82
1419170,My Singing Monsters,Big Blue Bubble,Big Blue Bubble,39143,2558,0.0,0.0,0,740,1500000.0,41701,93.87
1337520,Risk of Rain Returns,Hopoo Games,"Gearbox Publishing, 2K",25087,2736,14.99,14.99,0,220,1500000.0,27823,90.17
2212330,Your Only Move Is HUSTLE,Ivy Sly,Ivy Sly,30716,1160,4.99,4.99,0,613,1500000.0,31876,96.36
1134570,F1 2021,Codemasters,Electronic Arts,30062,5024,0.0,0.0,0,153,1500000.0,35086,85.68
2420110,Horizon Forbidden West Complete Edition,"Guerrilla, Nixxes Software",PlayStation Publishing LLC,20325,2410,59.99,59.99,0,1005,1500000.0,22735,89.4
1062520,Dinkum,James Bendon,"KRAFTON, Inc.",22671,1913,19.99,19.99,0,2422,1500000.0,24584,92.22
994280,Gujian3(古剑奇谭三),"上海烛龙信息科技有限公司, Aurogon Shanghai",北京网元圣唐娱乐科技有限公司,41193,6652,29.99,29.99,0,103,1500000.0,47845,86.1
1222730,STAR WARS: Squadrons,MOTIVE,Electronic Arts,17756,9298,39.99,39.99,0,79,1500000.0,27054,65.63
368070,Sniper Ghost Warrior 3,CI Games,CI Games,12341,6161,19.99,19.99,0,134,1500000.0,18502,66.7
1669980,Volcano Princess,养蛋人 Egg Hatcher,养蛋人 Egg Hatcher,40290,890,7.14,10.99,35,553,1500000.0,41180,97.84
47780,Dead Space 2,Visceral Games,Electronic Arts,24396,1550,19.99,19.99,0,82,1500000.0,25946,94.03
872410,ROMANCE OF THE THREE KINGDOMS XIV,"KOEI TECMO GAMES CO., LTD.","KOEI TECMO GAMES CO., LTD.",9421,5690,59.99,59.99,0,1827,1500000.0,15111,62.35
23490,Tropico 3,Haemimont Games,Kalypso Media Digital,1653,202,9.99,9.99,0,5,1500000.0,1855,89.11
531510,Just Shapes & Beats,Berzerk Studio,Berzerk Studio,21613,537,19.99,19.99,0,220,1500000.0,22150,97.58
2440510,Forza Motorsport,Turn 10,Xbox Game Studios,4749,5236,69.99,69.99,0,506,1500000.0,9985,47.56
1036700,My Beautiful Paper Smile,Two Star Games,"V Publishing, Surefire.Games",340,58,14.99,14.99,0,0,1500000.0,398,85.43
469600,Legion TD 2 - Multiplayer Tower Defense,AutoAttack Games,AutoAttack Games,11713,1837,24.99,24.99,0,687,1500000.0,13550,86.44
380840,Teeworlds,Teeworlds Team,Teeworlds Team,3869,507,0.0,0.0,0,11,1500000.0,4376,88.41
22300,Fallout 3,Bethesda Game Studios,Bethesda Softworks,16975,3955,9.99,9.99,0,44,1500000.0,20930,81.1
17430,Need for Speed Undercover,EA Black Box,Electronic Arts,5969,1957,0.0,0.0,0,13,1500000.0,7926,75.31
92800,SpaceChem,Zachtronics,Zachtronics,4605,387,9.99,9.99,0,11,1500000.0,4992,92.25
236090,Dust: An Elysian Tail,Humble Hearts LLC,Xbox Game Studios,17758,880,14.99,14.99,0,8,1500000.0,18638,95.28
6920,Deus Ex: Invisible War,Ion Storm,Eidos Interactive Corp.,1322,969,6.99,6.99,0,3,1500000.0,2291,57.7
1789480,Marauders,Small Impact Games,,14768,5911,29.99,29.99,0,17,1500000.0,20679,71.42
22000,World of Goo,2D BOY,2D BOY ,5808,347,8.99,14.99,40,20,1500000.0,6155,94.36
1244800,Terraformers,Asteroid Lab,"Goblinz Publishing, IndieArk",2906,387,19.99,19.99,0,127,1500000.0,3293,88.25
34830,Sniper: Ghost Warrior,City Interactive,CI Games,4744,3381,7.99,7.99,0,18,1500000.0,8125,58.39
571740,Golf It!,Perfuse Entertainment,Perfuse Entertainment,26261,2748,8.99,8.99,0,352,1500000.0,29009,90.53
335330,Brick-Force,Exe Games Inc.,Infernum Games GmbH,1605,2219,0.0,0.0,0,0,1500000.0,3824,41.97
420530,OneShot,Future Cat LLC,KOMODO,52785,919,5.99,9.99,40,76,1500000.0,53704,98.29
377840,FINAL FANTASY IX,Square Enix,Square Enix,11281,611,20.99,20.99,0,351,1500000.0,11892,94.86
553420,TUNIC,TUNIC Team,Finji,13921,1260,29.99,29.99,0,114,1500000.0,15181,91.7
1671210,DELTARUNE,tobyfox,tobyfox,2804,31,24.99,24.99,0,83936,1500000.0,2835,98.91
209670,Cortex Command,Data Realms,"Data Realms, LLC",4293,1692,19.99,19.99,0,4,1500000.0,5985,71.73
611790,House Party,"Eek! Games, LLC","Eek! Games, LLC",12922,2066,24.99,24.99,0,205,1500000.0,14988,86.22
21130,LEGO Harry Potter: Years 1-4,TT Games,Warner Bros. Interactive Entertainment,7862,1154,19.99,19.99,0,82,1500000.0,9016,87.2
215530,The Incredible Adventures of Van Helsing,NeocoreGames,NeocoreGames,8306,1719,14.99,14.99,0,38,1500000.0,10025,82.85
235540,Warhammer: End Times - Vermintide,Fatshark,Fatshark,16874,4216,29.99,29.99,0,54,1500000.0,21090,80.01
597170,Clone Drone in the Danger Zone,Doborog Games,Doborog Games,32025,1042,19.99,19.99,0,212,1500000.0,33067,96.85
627270,Injustice 2,"NetherRealm Studios, QLOC",WB Games,19320,3077,49.99,49.99,0,275,1500000.0,22397,86.26
626690,Sword Art Online: Fatal Bullet,Dimps Corporation,BANDAI NAMCO Entertainment,15142,4011,19.99,19.99,0,45,1500000.0,19153,79.06
293180,Overcast - Walden and the Werewolf,Microblast Games,SA Industry,1790,1136,4.99,4.99,0,1,1500000.0,2926,61.18
1328660,Need for Speed Hot Pursuit Remastered,Stellar Entertainment Limited,Electronic Arts,9296,2219,5.99,29.99,80,116,1500000.0,11515,80.73
867210,Songs of Conquest,Lavapotion,Coffee Stain Publishing,10044,1632,7.49,29.99,75,121,1500000.0,11676,86.02
221640,Super Hexagon,Terry Cavanagh,Terry Cavanagh,23905,771,2.99,2.99,0,12,1500000.0,24676,96.88
211420,DARK SOULS: Prepare To Die Edition,"FromSoftware, Inc.",Bandai Namco Entertainment,71475,6662,0.0,0.0,0,124,1500000.0,78137,91.47
332800,Five Nights at Freddy's 2,Scott Cawthon,Scott Cawthon,21272,1425,7.99,7.99,0,35,1500000.0,22697,93.72
2780980,LOCKDOWN Protocol,Mirage Creative Lab,Mirage Creative Lab,13058,1808,9.99,9.99,0,411,1500000.0,14866,87.84
251950,WWII Online,Cornered Rat Software,"Playnet, Inc.",1863,1850,0.0,0.0,0,17,1500000.0,3713,50.18
595520,FINAL FANTASY XII THE ZODIAC AGE,Square Enix,Square Enix,7748,860,49.99,49.99,0,298,1500000.0,8608,90.01
1066780,Transport Fever 2,Urban Games,Good Shepherd Entertainment,24960,2667,3.99,39.99,90,3465,1500000.0,27627,90.35
707010,Will To Live Online,AlphaSoft LLC,AlphaSoft LLC,12263,5314,0.0,0.0,0,542,1500000.0,17577,69.77
1262560,Need for Speed Most Wanted,Criterion Games,Electronic Arts,17586,5164,19.99,19.99,0,133,1500000.0,22750,77.3
301640,Zombie Army Trilogy,Rebellion,Rebellion,15274,2389,44.99,44.99,0,91,1500000.0,17663,86.47
215100,Ragnarok Online,Gravity Interactive,Gravity Interactive,1651,642,0.0,0.0,0,80,1500000.0,2293,72.0
530620,Resident Evil 7 Teaser: Beginning Hour,"CAPCOM Co., Ltd.","CAPCOM Co., Ltd.",4067,523,0.0,0.0,0,13,1500000.0,4590,88.61
357900,Make it indie!,Sometimes You,Sometimes You,581,678,0.99,0.99,0,0,1500000.0,1259,46.15
1104450,Bombergrounds: Battle Royale,Gigantic Duck Games,Gigantic Duck Games,7240,1190,0.0,0.0,0,13,1500000.0,8430,85.88
1080110,F1 2020,Codemasters,"Codemasters, Electronic Arts",37531,2566,0.0,0.0,0,211,1500000.0,40097,93.6
301750,RADical ROACH Remastered,DL Softworks,DL Softworks,642,491,0.0,0.0,0,8,1500000.0,1133,56.66
686200,Door Kickers: Action Squad,"PixelShard, KillHouse Games",KillHouse Games,9617,522,13.99,13.99,0,32,1500000.0,10139,94.85
234710,Poker Night 2,Telltale Games,Telltale Games,6337,894,0.0,0.0,0,32,1500000.0,7231,87.64
2161700,Persona 3 Reload,ATLUS,SEGA,40182,2385,59.99,59.99,0,1683,1500000.0,42567,94.4
1627720,Lies of P,NEOWIZ,NEOWIZ,48336,4149,29.99,59.99,50,1363,1500000.0,52485,92.09
865610,Tails Noir,Eggnut,Raw Fury,2072,1021,24.99,24.99,0,2,1500000.0,3093,66.99
2221490,Tom Clancy’s The Division 2,Ubisoft,Ubisoft,17029,5339,29.99,29.99,0,9481,1500000.0,22368,76.13
317360,Double Action: Boogaloo,"Double Action Factory, Jorge Rodriguez",Double Action Factory,10555,788,0.0,0.0,0,11,1500000.0,11343,93.05
648120,Pixel Sketch,mimicryTeam,mimicryTeam,740,272,0.0,0.0,0,0,1500000.0,1012,73.12
399810,Call of Cthulhu,Cyanide Studio,Focus Entertainment,9824,2568,2.99,19.99,85,42,1500000.0,12392,79.28
1065310,Evil West,Flying Wild Hog,Focus Entertainment,7625,2616,9.99,49.99,80,109,1500000.0,10241,74.46
536930,MOBIUS FINAL FANTASY,Square Enix,Square Enix,3208,1176,0.0,0.0,0,3,1500000.0,4384,73.18
1007040,EARTH DEFENSE FORCE 5,SANDLOT,D3PUBLISHER,10166,597,59.99,59.99,0,153,1500000.0,10763,94.45
403190,Planetbase,Madruga Works,Madruga Works,7859,1993,14.99,14.99,0,193,1500000.0,9852,79.77
208200,DOOM 3,id Software,Bethesda Softworks,9834,1535,9.99,9.99,0,118,1500000.0,11369,86.5
1468260,Leaf Blower Revolution - Idle Game,Humble North,Humble North,23863,1429,0.0,0.0,0,1621,1500000.0,25292,94.35
339800,HuniePop,HuniePot,HuniePot,26390,1002,9.99,9.99,0,178,1500000.0,27392,96.34
1473480,A.V.A,Valiant,Valiant,3593,4011,0.0,0.0,0,212,1500000.0,7604,47.25
1189490,觅长生,Chalcedony Network,Chalcedony Network,26443,1896,14.99,14.99,0,1524,1500000.0,28339,93.31
575090,Flame of Memory,Kacper Stasiełuk,Kacper Stasiełuk,20,13,0.0,0.0,0,0,1500000.0,33,60.61
219890,Antichamber,Alexander Bruce,Demruth,16269,846,19.99,19.99,0,11,1500000.0,17115,95.06
413410,Danganronpa: Trigger Happy Havoc,"Spike Chunsoft Co., Ltd., Abstraction Games","Spike Chunsoft Co., Ltd.",29230,1201,1.99,19.99,90,173,1500000.0,30431,96.05
536220,The Walking Dead: A New Frontier,Telltale Games,Skybound Games,13947,2899,14.99,14.99,0,110,1500000.0,16846,82.79
341940,Hatred,Destructive Creations,Destructive Creations,18412,3709,5.99,5.99,0,67,1500000.0,22121,83.23
559650,Witch It,Barrel Roll Games,Barrel Roll Games,17137,2143,19.99,19.99,0,24,1500000.0,19280,88.88
32500,STAR WARS: The Force Unleashed II,Aspyr Studios,"LucasArts, Lucasfilm, Disney",4692,2696,19.99,19.99,0,43,1500000.0,7388,63.51
667890,Dead Maze,Atelier 801,Atelier 801,3540,1173,0.0,0.0,0,52,1500000.0,4713,75.11
666140,My Time at Portia,Pathea Games,Focus Entertainment,39671,3599,29.99,29.99,0,593,1500000.0,43270,91.68
522210,Serial Cleaner,Draw Distance,Curve Games,3244,526,14.99,14.99,0,6,1500000.0,3770,86.05
310370,The Way of Life Free Edition,"CyberCoconut, Fabio Ferrara",CyberCoconut,4609,1617,0.0,0.0,0,3,1500000.0,6226,74.03
669330,Mechabellum,Game River,Dreamhaven,12973,2105,14.99,14.99,0,1748,1500000.0,15078,86.04
1262240,Plants vs. Zombies: Battle for Neighborville,PopCap,Electronic Arts,12261,4994,29.99,29.99,0,108,1500000.0,17255,71.06
250180,METAL SLUG 3,"SNK CORPORATION, Dotemu",SNK CORPORATION,7698,881,7.99,7.99,0,17,1500000.0,8579,89.73
41700,S.T.A.L.K.E.R.: Call of Pripyat,GSC Game World,GSC Game World,29579,1378,19.99,19.99,0,142,1500000.0,30957,95.55
422100,Heaven Island Life,Fabio Ferrara,Chubby Pixel,386,319,0.99,0.99,0,0,1500000.0,705,54.75
999220,Amnesia: Rebirth,Frictional Games,Frictional Games,6676,2010,29.99,29.99,0,15,1500000.0,8686,76.86
489630,"Warhammer 40,000: Gladius - Relics of War",Proxy Studios,Slitherine Ltd.,12195,2780,39.99,39.99,0,1326,1500000.0,14975,81.44
10150,Prototype,Radical Entertainment,Activision,9896,2461,5.99,19.99,70,223,1500000.0,12357,80.08
412880,Drift Streets Japan,JDM4iK Games,"SA Industry, BATYSTORE LTD",2329,1276,4.99,4.99,0,2,1500000.0,3605,64.6
208480,Assassin’s Creed III,Ubisoft Montreal,Ubisoft,10458,3698,0.0,0.0,0,14,1500000.0,14156,73.88
244160,Homeworld Remastered Collection,"Gearbox Software, Aspyr (Mac)","Gearbox Publishing, Aspyr (Mac), 2K",12005,1584,34.99,34.99,0,92,1500000.0,13589,88.34
463710,Puzzle Galaxies,Evermore Game Studios,Sometimes You,100,68,0.99,0.99,0,0,1500000.0,168,59.52
567640,Danganronpa V3: Killing Harmony,"Spike Chunsoft Co., Ltd.","Spike Chunsoft Co., Ltd.",16665,3225,11.99,39.99,70,164,1500000.0,19890,83.79
1214670,Mr. Sun's Hatbox,Kenny Sun,Raw Fury,384,61,14.99,14.99,0,5,1500000.0,445,86.29
376570,WildStar,Carbine Studios,NCSOFT,3822,1278,0.0,0.0,0,0,1500000.0,5100,74.94
330020,Children of Morta,Dead Mage,11 bit studios,18625,2341,2.19,21.99,90,69,1500000.0,20966,88.83
607260,McOsu,McKay,McKay,5484,701,0.0,0.0,0,80,1500000.0,6185,88.67
2878980,NBA 2K25,Visual Concepts,2K,18767,13207,69.99,69.99,0,27486,1500000.0,31974,58.69
1377580,Soulworker,VALOFE,G・O・P,7552,3088,0.0,0.0,0,127,1500000.0,10640,70.98
625340,XERA: Survival,Spotted Kiwi Interactive,Spotted Kiwi Interactive,5185,2589,0.0,0.0,0,39,1500000.0,7774,66.7
1302240,Labyrinthine,Valko Game Studios,Valko Game Studios,13842,2416,9.99,9.99,0,179,1500000.0,16258,85.14
555160,Pavlov,Vankrupt Games,Vankrupt Games,35512,4160,24.99,24.99,0,107,1500000.0,39672,89.51
690040,SUPERHOT: MIND CONTROL DELETE,SUPERHOT Team,SUPERHOT Team,10143,1872,24.99,24.99,0,32,1500000.0,12015,84.42
1148650,The Legend of Bum-Bo,"Edmund McMillen, James Interactive, Ridiculon",Edmund McMillen,4695,1106,14.99,14.99,0,10,1500000.0,5801,80.93
678800,SAS: Zombie Assault 4,Ninja Kiwi,Ninja Kiwi,7854,1258,0.0,0.0,0,205,1500000.0,9112,86.19
1549970,Aliens: Fireteam Elite,Cold Iron Studios,"Cold Iron Studios, Focus Entertainment",19732,4999,5.99,29.99,80,281,1500000.0,24731,79.79
13140,America's Army 3,U.S. Army,U.S. Army,1732,727,0.0,0.0,0,1,1500000.0,2459,70.44
404790,Godot Engine,Godot Engine,Godot Engine,6696,1110,0.0,0.0,0,1024,1500000.0,7806,85.78
619820,Heroes of Hammerwatch II,Crackshell,Team17,3684,612,12.49,24.99,50,144,1500000.0,4296,85.75
1382330,Persona 5 Strikers,ATLUS,SEGA,14384,1932,59.99,59.99,0,199,1500000.0,16316,88.16
1718570,ASTLIBRA Revision,KEIZO,WhisperGames,25774,1184,17.49,24.99,30,742,1500000.0,26958,95.61
400750,Call to Arms - Gates of Hell: Ostfront,"Barbedwire Studios, Digitalmindsoft",Digitalmindsoft,19837,3974,34.99,34.99,0,2216,1500000.0,23811,83.31
359870,FINAL FANTASY X/X-2 HD Remaster,Square Enix,Square Enix,18031,2016,29.99,29.99,0,776,1500000.0,20047,89.94
558100,Art of War: Red Tides,Game Science,Game Science,5458,1460,0.0,0.0,0,44,1500000.0,6918,78.9
787480,Phoenix Wright: Ace Attorney Trilogy,"CAPCOM Co., Ltd.","CAPCOM Co., Ltd.",36370,884,9.89,29.99,67,826,1500000.0,37254,97.63
427290,Vampyr,DONTNOD Entertainment,Focus Entertainment,17075,5009,39.99,39.99,0,267,1500000.0,22084,77.32
365360,Battle Brothers,Overhype Studios,"Hooded Horse, Overhype Studios",21455,2874,29.99,29.99,0,1091,1500000.0,24329,88.19
1222690,Dragon Age Inquisition,BioWare,Electronic Arts,14780,4815,39.99,39.99,0,454,1500000.0,19595,75.43
1369630,ENDER LILIES: Quietus of the Knights,"Live Wire, Adglobe",Binary Haze Interactive,37155,2378,24.99,24.99,0,181,1500000.0,39533,93.98
434570,Blood and Bacon,Big Corporation,Grunge Games LTD,32796,1633,0.99,0.99,0,28,1500000.0,34429,95.26
1227890,Summer Memories,Dojin Otome,Kagura Games,20258,1541,19.99,19.99,0,1585,1500000.0,21799,92.93
631510,Devil May Cry HD Collection,"CAPCOM Co., Ltd.","CAPCOM Co., Ltd.",15904,1214,29.99,29.99,0,675,1500000.0,17118,92.91
590380,Into the Breach,Subset Games,Subset Games,19126,1090,2.99,14.99,80,285,1500000.0,20216,94.61
1490890,Demon Slayer -Kimetsu no Yaiba- The Hinokami Chronicles,CyberConnect2,SEGA,16576,2423,59.99,59.99,0,59,1500000.0,18999,87.25
329430,State of Decay: YOSE,Undead Labs,Xbox Game Studios,10111,2212,19.99,19.99,0,96,1500000.0,12323,82.05
252530,OMSI 2: Steam Edition,MR-Software GbR,Aerosoft GmbH,11270,1923,29.99,29.99,0,587,1500000.0,13193,85.42
244930,SNOW - The Ultimate Edition,"Poppermost Productions, WastedStudios, Crytek",Crytek,7672,4382,0.0,0.0,0,0,1500000.0,12054,63.65
960170,DJMAX RESPECT V,NEOWIZ,NEOWIZ,26014,3112,49.99,49.99,0,854,1500000.0,29126,89.32
915320,Pixel Strike 3D,Vulcron,Vulcron,9310,3293,0.0,0.0,0,57,1500000.0,12603,73.87
1049800,BLOCKADE,Novalink,Novalink,8570,2889,0.0,0.0,0,21,1500000.0,11459,74.79
1922560,Plants vs. Zombies Garden Warfare 2: Deluxe Edition,PopCap,Electronic Arts,30964,3331,29.99,29.99,0,855,1500000.0,34295,90.29
1385380,Across the Obelisk,Dreamsite Games,"Paradox Interactive, Paradox Arc",9733,2133,19.99,19.99,0,531,1500000.0,11866,82.02
352400,LEGO Jurassic World,TT Games Ltd,Warner Bros. Interactive Entertainment,8747,744,19.99,19.99,0,95,1500000.0,9491,92.16
237310,Elsword,KOG,KOG Games,7057,2516,0.0,0.0,0,401,1500000.0,9573,73.72
1465360,SnowRunner,Saber Interactive,Focus Entertainment,39488,4393,11.99,29.99,60,3132,1500000.0,43881,89.99
347560,Terra Incognita Chapter One: The Descendant,Back To Basics Gaming,Back To Basics Gaming,671,373,1.99,1.99,0,1,1500000.0,1044,64.27
1097840,Gears 5,The Coalition,Xbox Game Studios,16400,6909,29.99,29.99,0,230,1500000.0,23309,70.36
375480,Chronicon,Subworld,Subworld,8798,517,13.99,13.99,0,73,1500000.0,9315,94.45
411300,ELEX,Piranha Bytes,THQ Nordic,14162,4856,29.99,29.99,0,82,1500000.0,19018,74.47
404410,Endless Sky,Michael Zahniser,Michael Zahniser,6141,510,0.0,0.0,0,160,1500000.0,6651,92.33
736260,Baba Is You,Hempuli Oy,Hempuli Oy,21441,480,14.99,14.99,0,269,1500000.0,21921,97.81
578650,The Outer Worlds,Obsidian Entertainment,"Private Division, Xbox Game Studios",21727,4325,29.99,29.99,0,150,1500000.0,26052,83.4
513780,Turbo Pug DX,"SnowFlame, Back To Basics Gaming",Back To Basics Gaming,1407,405,1.99,1.99,0,0,1500000.0,1812,77.65
931690,Himno,David Moralejo Sánchez,"GrabTheGames, UpgradePoint",5272,503,0.0,0.0,0,1,1500000.0,5775,91.29
1256670,Library Of Ruina,ProjectMoon,ProjectMoon,32471,2038,29.99,29.99,0,1299,1500000.0,34509,94.09
859580,Imperator: Rome,Paradox Development Studio,Paradox Interactive,17159,9343,39.99,39.99,0,547,1500000.0,26502,64.75
2051620,Enlisted: Reinforced,Darkflow Software,Gaijin Network Ltd,22507,5656,0.0,0.0,0,2569,1500000.0,28163,79.92
1164850,Sinking Simulator,Wicpar,Pac0master,3663,634,0.99,0.99,0,10,1500000.0,4297,85.25
224480,Octodad: Dadliest Catch,Young Horses,Young Horses,9539,616,14.99,14.99,0,18,1500000.0,10155,93.93
225840,Sven Co-op,Sven Co-op team,Sven Co-op team,29316,2000,0.0,0.0,0,112,1500000.0,31316,93.61
803330,Destroy All Humans!,"Black Forest Games, Pandemic Studios",THQ Nordic,10010,827,29.99,29.99,0,22,1500000.0,10837,92.37
1703340,The Stanley Parable: Ultra Deluxe,Crows Crows Crows,Crows Crows Crows,28795,1760,24.99,24.99,0,73,1500000.0,30555,94.24
575110,Magic Lantern,Parovoz Animation Studio,Interactive Moolt,24,2,0.0,0.0,0,0,1500000.0,26,92.31
480490,Prey,Arkane Studios,Bethesda Softworks,46381,4652,29.99,29.99,0,263,1500000.0,51033,90.88
1677280,Company of Heroes 3,Relic Entertainment,Relic Entertainment,18936,14310,59.99,59.99,0,2183,1500000.0,33246,56.96
2000950,Call of Duty: Modern Warfare,"Infinity Ward, Beenox, High Moon Studios, Raven Software",Activision,16610,4378,14.99,59.99,75,847,1500000.0,20988,79.14
763890,Wildermyth,Worldwalker Games LLC,"Worldwalker Games LLC, WhisperGames",16587,904,24.99,24.99,0,270,1500000.0,17491,94.83
280160,Aragami,Lince Works,Lince Works,11480,1268,19.99,19.99,0,11,1500000.0,12748,90.05
2058180,Judgment,RGG Studio,SEGA,9190,553,39.99,39.99,0,202,1500000.0,9743,94.32
738520,Breathedge,RedRuins Softworks,"HypeTrain Digital, RedRuins Softworks",12620,2700,24.99,24.99,0,37,1500000.0,15320,82.38
2130,Dark Messiah of Might & Magic,Arkane Studios,Ubisoft,4769,355,9.99,9.99,0,0,1500000.0,5124,93.07
222480,Resident Evil Revelations,Capcom,Capcom,12258,2947,4.99,19.99,75,101,1500000.0,15205,80.62
1113120,IXION,Bulwark Studios,Kasedo Games,12290,3399,10.49,34.99,70,133,1500000.0,15689,78.34
350080,Wolfenstein: The Old Blood,MachineGames,Bethesda Softworks,18761,2052,19.99,19.99,0,157,1500000.0,20813,90.14
9350,Supreme Commander,Gas Powered Games,Square Enix,2615,324,12.99,12.99,0,40,1500000.0,2939,88.98
1238000,Mass Effect: Andromeda Deluxe Edition,BioWare,Electronic Arts,12344,4232,39.99,39.99,0,285,1500000.0,16576,74.47
91600,Sanctum,Coffee Stain Studios,Coffee Stain Publishing,2943,359,9.99,9.99,0,4,1500000.0,3302,89.13
1338770,Sniper Ghost Warrior Contracts 2,CI Games,CI Games,10606,1975,39.99,39.99,0,217,1500000.0,12581,84.3
410110,12 is Better Than 6,Ink Stains Games,HypeTrain Digital,6152,1217,9.99,9.99,0,9,1500000.0,7369,83.48
597820,BIOMUTANT,Experiment 101,THQ Nordic,12840,6587,39.99,39.99,0,37,1500000.0,19427,66.09
1954200,Kena: Bridge of Spirits,Ember Lab,Ember Lab,14031,1209,39.99,39.99,0,43,1500000.0,15240,92.07
485610,Soccer Online: Ball 3D,Unusualsoft,Unusualsoft,8539,1552,0.49,0.99,51,77,1500000.0,10091,84.62
1285670,Post Void,YCJY Games,YCJY Games,10588,307,2.99,2.99,0,8,1500000.0,10895,97.18
362680,Fran Bow,Killmonday Games AB,Killmonday Games AB,18502,514,14.99,14.99,0,80,1500000.0,19016,97.3
689580,TurnSignal,Ben Otter,Otter-Co,634,62,0.0,0.0,0,44,1500000.0,696,91.09
331360,Heavy Metal Machines,Hoplon,Forthright Entertainment,2983,986,0.0,0.0,0,0,1500000.0,3969,75.16
313160,Farming Simulator 15,GIANTS Software,GIANTS Software,14243,1193,12.99,12.99,0,84,1500000.0,15436,92.27
257850,Hyper Light Drifter,Heart Machine,Heart Machine,16617,1226,19.99,19.99,0,44,1500000.0,17843,93.13
1127400,Mindustry,AnukenDev,AnukenDev,21329,937,9.99,9.99,0,658,1500000.0,22266,95.79
19680,Alice: Madness Returns,Spicy Horse Games,Electronic Arts,21729,2358,9.99,9.99,0,260,1500000.0,24087,90.21
493900,Dungeons 3,Realmforge Studios,Kalypso Media,17320,1062,29.99,29.99,0,62,1500000.0,18382,94.22
479130,ESEA,ESEA,ESEA,3052,1125,0.0,0.0,0,1,1500000.0,4177,73.07
2593370,The Hungry Lamb: Traveling in the Late Ming Dynasty,零创游戏(ZerocreationGame),"零创游戏(ZerocreationGame), 2P Games",50859,1921,9.99,9.99,0,181,1500000.0,52780,96.36
298240,War Trigger 3,"Rocketeer Games Studio, LLC","Rocketeer Games Studio, LLC",4896,3328,0.0,0.0,0,9,750000.0,8224,59.53
247000,Talisman: Digital Classic Edition,Nomad Games,Nomad Games,7569,2092,6.99,6.99,0,102,750000.0,9661,78.35
1116960,UNDEFEATED,"UNDEFEATED Games, Indie-us Games",Vantan Game Academy,6046,867,0.0,0.0,0,22,750000.0,6913,87.46
240760,Wasteland 2: Director's Cut,inXile Entertainment,inXile Entertainment,6641,1413,5.99,29.99,80,10,750000.0,8054,82.46
1283970,YoloMouse - Cursor Changer,Dragonrise Games,Dragonrise Games,2159,177,4.99,4.99,0,8493,750000.0,2336,92.42
493490,City Car Driving,"Forward Development, Ltd.","Forward Global Group, Ltd.",24830,5346,24.99,24.99,0,484,750000.0,30176,82.28
46500,Syberia,Microids,Microids,5566,739,12.99,12.99,0,25,750000.0,6305,88.28
1245250,Thrive: Heavy Lies The Crown,Zugalu Entertainment,PlaySide,179,69,27.99,27.99,0,6,750000.0,248,72.18
1812620,DSX,Paliverse,Paliverse,3667,1706,7.99,7.99,0,5121,750000.0,5373,68.25
22600,Worms Reloaded,Team17 Digital Ltd,Team17 Digital Ltd,4236,631,3.99,19.99,80,24,750000.0,4867,87.04
1226470,Shadow Arena,Pearl Abyss,Pearl Abyss,3064,2420,0.0,0.0,0,0,750000.0,5484,55.87
2990,FlatOut 2,"Bugbear Entertainment, ZOOM Platform Media, Jordan Freeman Group",Strategy First,17923,737,1.99,9.99,80,85,750000.0,18660,96.05
312670,Strange Brigade,Rebellion,Rebellion,9034,1694,49.99,49.99,0,18,750000.0,10728,84.21
384190,ABZU,Giant Squid,505 Games,24253,1860,19.99,19.99,0,10,750000.0,26113,92.88
875210,Kingdom Heroes 8,"USERJOY Technology Co.,Ltd.","USERJOY Technology Co.,Ltd., Phoenix Game",7842,6640,29.99,29.99,0,257,750000.0,14482,54.15
17340,Crysis Warhead,Crytek,Electronic Arts,1783,324,19.99,19.99,0,1,750000.0,2107,84.62
1985810,Call of Duty: Black Ops Cold War,"Treyarch, Raven Software, High Moon Studios, Beenox, Activision Shanghai, Sledgehammer Games",Activision,15797,3923,14.99,59.99,75,644,750000.0,19720,80.11
861650,Session: Skate Sim,crea-ture Studios Inc.,Nacon,12016,2383,39.99,39.99,0,262,750000.0,14399,83.45
445980,Wizard of Legend,Contingent99,"Contingent99, Balor Games",18633,1887,15.99,15.99,0,70,750000.0,20520,90.8
2140020,Stronghold: Definitive Edition,Firefly Studios,Firefly Studios,7470,1211,14.99,14.99,0,236,750000.0,8681,86.05
501300,What Remains of Edith Finch,Giant Sparrow,Annapurna Interactive,43128,1925,19.99,19.99,0,70,750000.0,45053,95.73
65540,Gothic 1,Piranha Bytes,THQ Nordic,14629,1233,19.99,19.99,0,103,750000.0,15862,92.23
1162520,Richman10,"Softstar Technology (Beijing) Co.,Ltd",SOFTSTAR ENTERTAINMENT,7451,6871,13.99,13.99,0,255,750000.0,14322,52.02
409160,"Dr. Langeskov, The Tiger, and The Terribly Cursed Emerald: A Whirlwind Heist",Crows Crows Crows,Crows Crows Crows,9108,665,0.0,0.0,0,2,750000.0,9773,93.2
319910,Trine 3: The Artifacts of Power,Frozenbyte,Frozenbyte,5598,3261,4.39,21.99,80,9,750000.0,8859,63.19
562810,MONOPOLY PLUS,Ubisoft Pune,Ubisoft,6919,9432,0.0,0.0,0,39,750000.0,16351,42.32
301910,Saints Row: Gat out of Hell,"Deep Silver Volition, High Voltage Software",Deep Silver,7190,2362,14.99,14.99,0,10,750000.0,9552,75.27
955900,Amazing Cultivation Simulator,GSQ Games,"GSQ Games, Gamirror Games",19720,3289,24.99,24.99,0,598,750000.0,23009,85.71
1543030,Sword and Fairy 7,软星科技(SoftStarlight),"方块游戏(CubeGame), 软星科技(SoftStarlight)",13296,5058,29.99,29.99,0,68,750000.0,18354,72.44
351470,Sometimes: Success Requires Sacrifice,Volens Nolens Games,Volens Nolens Games,430,172,0.0,0.0,0,1,750000.0,602,71.43
17450,Dragon Age: Origins,BioWare,Electronic Arts,9656,870,29.99,29.99,0,7,750000.0,10526,91.73
1084600,My Time at Sandrock,Pathea Games,"Pathea Games, Focus Entertainment, PM Studios, Inc., DMM Games",23218,3065,11.99,39.99,70,1501,750000.0,26283,88.34
677120,Heroes of Hammerwatch,Crackshell,Team17,8061,1123,14.99,14.99,0,50,750000.0,9184,87.77
960910,Heavy Rain,Quantic Dream,Quantic Dream,16745,2962,19.99,19.99,0,199,750000.0,19707,84.97
367450,Poly Bridge,Dry Cactus,Dry Cactus,16075,1509,9.99,9.99,0,66,750000.0,17584,91.42
1025580,Vainglory,Super Evil Megacorp,Super Evil Megacorp,2734,1435,0.0,0.0,0,0,750000.0,4169,65.58
388090,Five Nights at Freddy's 4,Scott Cawthon,Scott Cawthon,13686,1065,7.99,7.99,0,22,750000.0,14751,92.78
3990,Civilization IV: Warlords,Firaxis Games,2K,442,44,4.99,4.99,0,144,750000.0,486,90.95
2138710,Sifu,Sloclap,"Sloclap, Kepler Interactive",19536,1593,39.99,39.99,0,394,750000.0,21129,92.46
489520,Minion Masters,BetaDwarf,BetaDwarf,58108,6797,0.0,0.0,0,310,750000.0,64905,89.53
1549180,Propnight,FNTASTIC,Mytona Fntastic,13055,7234,0.0,0.0,0,1,750000.0,20289,64.35
1659420,UNCHARTED: Legacy of Thieves Collection,"Naughty Dog LLC, Iron Galaxy Studios",PlayStation Publishing LLC,26740,2949,49.99,49.99,0,467,750000.0,29689,90.07
704450,Neverwinter Nights: Enhanced Edition,Beamdog,Beamdog,7717,850,19.99,19.99,0,753,750000.0,8567,90.08
1949190,Necrosmith,Alawar,Alawar,4375,719,2.99,2.99,0,9,750000.0,5094,85.89
690830,Foundation,Polymorph Games,Polymorph Games,17195,2937,34.99,34.99,0,844,750000.0,20132,85.41
1361000,In Silence,Ravenhood Games,Ravenhood Games,8945,2850,9.99,9.99,0,26,750000.0,11795,75.84
650700,Yume Nikki,kikiyama,PLAYISM,8120,509,0.0,0.0,0,36,750000.0,8629,94.1
323910,SteamVR Performance Test,Valve,DNVR Prod,4129,1265,0.0,0.0,0,16,750000.0,5394,76.55
211600,Thief Gold (1999),Looking Glass Studios,Eidos Interactive Corp.,3567,295,6.99,6.99,0,19,750000.0,3862,92.36
386070,Planetary Annihilation: TITANS,Planetary Annihilation Inc,Planetary Annihilation Inc,11976,2149,29.99,29.99,0,102,750000.0,14125,84.79
1336490,Against the Storm,Eremite Games,Hooded Horse,29837,1575,29.99,29.99,0,958,750000.0,31412,94.99
201230,EverQuest II,Darkpaw Games,Daybreak Game Company,2150,554,0.0,0.0,0,143,750000.0,2704,79.51
230230,Divinity: Original Sin (Classic),Larian Studios,Larian Studios,10798,987,39.99,39.99,0,13,750000.0,11785,91.62
238260,Pinball Arcade,FarSight Studios,FarSight Studios,3002,1078,0.0,0.0,0,27,750000.0,4080,73.58
1850740,Ghost Watchers,Renderise,Renderise,13093,2058,14.99,14.99,0,95,750000.0,15151,86.42
1149460,ICARUS,RocketWerkz,RocketWerkz,34070,13002,8.74,34.99,75,1492,750000.0,47072,72.38
391070,Stellar 2D,quad games,Back To Basics Gaming,393,575,1.99,1.99,0,0,750000.0,968,40.6
1009850,OVR Advanced Settings,OVRAS Team,OVRAS Team,4200,345,7.99,7.99,0,3358,750000.0,4545,92.41
838380,DEAD OR ALIVE 6,"KOEI TECMO GAMES CO., LTD.","KOEI TECMO GAMES CO., LTD.",6975,2340,59.99,59.99,0,63,750000.0,9315,74.88
1207650,Suzerain,Torpor Games,Torpor Games,8658,608,19.99,19.99,0,258,750000.0,9266,93.44
203750,Binary Domain,Devil's Details,SEGA,6594,1107,14.99,14.99,0,8,750000.0,7701,85.63
835860,Dreadnought,"Six Foot, YAGER","Grey Box, Six Foot",4450,2090,0.0,0.0,0,0,750000.0,6540,68.04
2408820,Luma Island,Feel Free Games,Feel Free Games,7995,1538,19.99,19.99,0,487,750000.0,9533,83.87
1669000,Age of Wonders 4,Triumph Studios,Paradox Interactive,14901,3350,49.99,49.99,0,1707,750000.0,18251,81.64
970830,The Dungeon Of Naheulbeuk: The Amulet Of Chaos,Artefacts Studio,"Dear Villagers, E-Home Entertainment",6538,931,34.99,34.99,0,99,750000.0,7469,87.54
368360,60 Seconds!,Robot Gentleman,Robot Gentleman,9749,1768,8.99,8.99,0,27,750000.0,11517,84.65
512470,The Pirate: Caribbean Hunt,Home Net Games,Home Net Games,3659,781,0.0,0.0,0,20,750000.0,4440,82.41
1692250,F1 22,Codemasters,Electronic Arts,17694,8046,0.0,0.0,0,234,750000.0,25740,68.74
376210,The Isle,Afterthought LLC,Afterthought LLC,77185,17619,19.99,19.99,0,5946,750000.0,94804,81.42
374280,Hired Ops,Absolut Soft LLC,Panomix Studio,10532,5109,0.0,0.0,0,108,750000.0,15641,67.34
476620,Call of Duty: WWII,"Sledgehammer Games, Raven Software",Activision,11394,8523,14.99,59.99,75,75,750000.0,19917,57.21
1133060,Anarchy: Wolf's law,Anarchy Games,Anarchy Games,595,159,2.49,9.99,75,3,750000.0,754,78.91
253030,Race The Sun,Flippfly LLC,Flippfly LLC,5895,401,9.99,9.99,0,6,750000.0,6296,93.63
985890,Streets of Rage 4,"Dotemu, Guard Crush, Lizardcube",Dotemu,16617,1298,24.99,24.99,0,72,750000.0,17915,92.75
212800,Super Crate Box,Vlambeer,Vlambeer,5770,716,0.0,0.0,0,8,750000.0,6486,88.96
28000,Kane & Lynch 2: Dog Days,IO Interactive,Square Enix,5816,3061,9.99,9.99,0,11,750000.0,8877,65.52
1030210,Torchlight III,Echtra Inc.,XD,5225,6005,39.99,39.99,0,44,750000.0,11230,46.53
488860,MADNESS: Project Nexus,"GIBBING TREE, LLC","GIBBING TREE, LLC",15360,438,24.99,24.99,0,190,750000.0,15798,97.23
468920,Ultimate Fishing Simulator,"Ultimate Games S.A., Bit Golem","Ultimate Games S.A., PlayWay S.A.",7014,803,19.99,19.99,0,37,750000.0,7817,89.73
394230,Battleborn,Gearbox Software,2K,6079,3649,0.0,0.0,0,1,750000.0,9728,62.49
375230,"Warhammer 40,000: Eternal Crusade",Behaviour Interactive Inc.,Behaviour Interactive Inc.,6274,6280,0.0,0.0,0,0,750000.0,12554,49.98
1693980,Dead Space,Motive,Electronic Arts,46485,4774,59.99,59.99,0,313,750000.0,51259,90.69
1971870,Mortal Kombat 1,"NetherRealm Studios, QLOC",Warner Bros. Games,25879,11246,9.99,49.99,80,1149,750000.0,37125,69.71
1432860,Sun Haven,Pixel Sprout Studios,Pixel Sprout Studios,18523,3933,7.49,24.99,70,653,750000.0,22456,82.49
1249800,Xuan-Yuan Sword VII,"SOFTSTAR, DOMO Studio","SOFTSTAR, Yooreka Studio",5949,3535,34.99,34.99,0,4,750000.0,9484,62.73
1388880,Doki Doki Literature Club Plus!,Team Salvato,Serenity Forge,26680,859,14.99,14.99,0,76,750000.0,27539,96.88
1674470,ELYON,"Bluehole Studio, Inc.",Kakao Games Europe B.V.,2375,2014,0.0,0.0,0,0,750000.0,4389,54.11
39190,Dungeon Siege,Gas Powered Games,Square Enix,3217,724,6.99,6.99,0,32,750000.0,3941,81.63
228300,Remember Me,DONTNOD Entertainment,Capcom,13365,2732,29.99,29.99,0,17,750000.0,16097,83.03
569610,Distant Space,PixelMouse,PixelMouse,317,82,0.99,0.99,0,1,750000.0,399,79.45
343270,Disillusions Manga Horror,StephenAllen,StephenAllen,319,218,1.99,1.99,0,0,750000.0,537,59.4
234330,MARVEL Puzzle Quest,Broken Circle Studios,505 Go Inc,3068,1319,0.0,0.0,0,271,750000.0,4387,69.93
814540,Changed,DragonSnow,DragonSnow,14935,2269,4.99,4.99,0,31,750000.0,17204,86.81
1209040,Cyber Hunter,NetEase Games,NetEase Games,7919,3017,0.0,0.0,0,1,750000.0,10936,72.41
242640,Styx: Master of Shadows,Cyanide Studio,"Cyanide Studio, Nacon",8795,1795,19.99,19.99,0,37,750000.0,10590,83.05
813630,Supraland,Supra Games,Supra Games,12526,628,19.99,19.99,0,103,750000.0,13154,95.23
1397920,Mr.Mine,Playsaurus,Playsaurus,15826,1390,0.0,0.0,0,914,750000.0,17216,91.93
205710,EverQuest,Darkpaw Games,Daybreak Game Company,1938,465,0.0,0.0,0,456,750000.0,2403,80.65
414530,Skyforge,Innova Co SARL,Innova Co SARL,2589,1746,0.0,0.0,0,20,750000.0,4335,59.72
217750,Age of Conan: Unchained,Funcom,Funcom,1901,840,0.0,0.0,0,42,750000.0,2741,69.35
711810,Never Split the Party,Legend Studio,Legend Studio,3326,1029,0.0,0.0,0,12,750000.0,4355,76.37
1105670,The Last Spell,Ishtar Games,"Nacon, The Arcade Crew, Gamera Games, DANGEN Entertainment",10557,939,24.99,24.99,0,424,750000.0,11496,91.83
298260,Only If,Creability,Creability,3699,2246,0.0,0.0,0,2,750000.0,5945,62.22
2141730,Backrooms: Escape Together,Triiodide Studios,Triiodide Studios,19915,2854,9.99,9.99,0,569,750000.0,22769,87.47
1451190,Undisputed,Steel City Interactive,Deep Silver,12158,7191,49.99,49.99,0,503,750000.0,19349,62.84
40390,Risen 2: Dark Waters,Piranha Bytes,THQ Nordic,5082,1275,9.99,9.99,0,32,750000.0,6357,79.94
91330,Iron Front: Digital War Edition,"X1 Software, AWAR",Deep Silver,503,348,14.99,14.99,0,0,750000.0,851,59.11
839200,SpedV,Freie Programme Hohenstein,Freie Programme Hohenstein,720,205,0.0,0.0,0,51,750000.0,925,77.84
287980,Mini Metro,Dinosaur Polo Club,Dinosaur Polo Club,15064,608,9.99,9.99,0,119,750000.0,15672,96.12
1088710,Yakuza 3 Remastered,Ryu Ga Gotoku Studio,SEGA,7364,1767,19.99,19.99,0,101,750000.0,9131,80.65
2427700,Backpack Battles,PlayWithFurcifer,"IndieArk, Shochiku (Japan)",13410,1370,11.99,14.99,20,1806,750000.0,14780,90.73
760060,Mutant Year Zero: Road to Eden,The Bearded Ladies,Funcom,18032,1896,34.99,34.99,0,63,750000.0,19928,90.49
359800,Copa Petrobras de Marcas,Reiza Studios,Reiza Studios,1860,932,0.0,0.0,0,20,750000.0,2792,66.62
1003590,Tetris Effect: Connected,"Monstars Inc., Resonair, Stage Games",Enhance,7528,404,19.99,39.99,50,99,750000.0,7932,94.91
1989270,Slay the Princess — The Pristine Cut,Black Tabby Games,"Black Tabby Games, Serenity Forge",23265,698,17.99,17.99,0,134,750000.0,23963,97.09
12830,Operation Flashpoint: Dragon Rising,Codemasters,"Codemasters, Electronic Arts",1676,751,0.0,0.0,0,5,750000.0,2427,69.06
731040,The Invincible,Starward Industries,11 bit studios,6306,821,29.99,29.99,0,22,750000.0,7127,88.48
545110,Driver Booster 4 for Steam,IObit,IObit,631,201,0.0,0.0,0,2,750000.0,832,75.84
297130,Titan Souls,Acid Nerve,Devolver Digital,10347,2766,14.99,14.99,0,23,750000.0,13113,78.91
7520,Two Worlds II HD,Reality Pump Studios,"Topware Interactive, ACE",4224,2476,24.99,24.99,0,27,750000.0,6700,63.04
885970,Total War: ROME REMASTERED,"Creative Assembly, Feral Interactive",SEGA,9102,2860,29.99,29.99,0,764,750000.0,11962,76.09
1359090,Zero Hour,AttritoM7 Productions,AttritoM7 Productions,24924,6706,9.99,9.99,0,75,750000.0,31630,78.8
895870,Project Wingman,Sector D2,"Sector D2, Balor Games",18028,1189,12.49,24.99,50,96,750000.0,19217,93.81
1233570,Mirror's Edge Catalyst,DICE,Electronic Arts,12334,2963,19.99,19.99,0,39,750000.0,15297,80.63
305050,Outland,Housemarque,Housemarque,3165,770,0.0,0.0,0,0,750000.0,3935,80.43
249230,Risen 3 - Titan Lords,Piranha Bytes,THQ Nordic,4553,1560,14.99,14.99,0,46,750000.0,6113,74.48
847370,Sunset Overdrive,"Insomniac Games, Blind Squirrel Games",Xbox Game Studios,11638,1261,19.99,19.99,0,73,750000.0,12899,90.22
241540,State of Decay,Undead Labs,Xbox Game Studios,14817,2711,0.0,0.0,0,7,750000.0,17528,84.53
1592190,BONELAB,Stress Level Zero,Stress Level Zero,12888,3393,39.99,39.99,0,173,750000.0,16281,79.16
1372640,Candle In Darkness,"Shub-Niggurath Games, ShopaLover",ShopaLover,6,2,4.99,4.99,0,0,750000.0,8,75.0
1333350,Angel Legion,Shanghai SilverMoon Network Technology Co.Ltd,Shanghai SilverMoon Network Technology Co.Ltd,9717,1727,0.0,0.0,0,450,750000.0,11444,84.91
2700,RollerCoaster Tycoon 3: Platinum,"Frontier, Aspyr (Mac)","Frontier, Aspyr (Mac)",4754,425,0.0,0.0,0,32,750000.0,5179,91.79
342180,Arizona Sunshine VR Legacy,"Vertigo Games, Jaywalkers Interactive",Vertigo Games,7354,1911,14.99,14.99,0,29,750000.0,9265,79.37
485310,Head Shot,Indie Game Group,Indie Game Group,968,852,0.83,6.99,88,0,750000.0,1820,53.19
206190,Gunpoint,Suspicious Developments,Suspicious Developments,12770,323,9.99,9.99,0,11,750000.0,13093,97.53
439350,Kritika:REBOOT,"ALLM Co., Ltd.","ALLM Co., Ltd.",3478,1074,0.0,0.0,0,0,750000.0,4552,76.41
609320,FAR: Lone Sails,Okomotive,Okomotive,21211,1104,14.99,14.99,0,112,750000.0,22315,95.05
1288310,Firework,Shiying Studio,Gamirror Games,40672,886,9.99,9.99,0,40,750000.0,41558,97.87
264200,One Finger Death Punch,Silver Dollar Games,Silver Dollar Games,15955,336,4.99,4.99,0,9,750000.0,16291,97.94
427410,Abiotic Factor,Deep Field Games,Playstack,30157,1117,34.99,34.99,0,1458,750000.0,31274,96.43
1948280,Stacklands,Sokpop Collective,Sokpop Collective,0,0,7.99,7.99,0,347,750000.0,0,
1881700,Undawn,Lightspeed Studios,Level Infinite,3439,2906,0.0,0.0,0,451,750000.0,6345,54.2
24790,Command & Conquer 3: Tiberium Wars,EA Los Angeles,Electronic Arts,7649,848,19.88,19.88,0,276,750000.0,8497,90.02
673610,Airport CEO,Apog Labs,Apog Labs,6433,1251,24.99,24.99,0,182,750000.0,7684,83.72
1120810,Eastern Exorcist,Wildfire Game（无锡野火数字科技有限公司）,Wildfire Game（无锡野火数字科技有限公司）,5497,993,17.99,17.99,0,6,750000.0,6490,84.7
1390350,Webbed,Sbug Games,Sbug Games,13512,326,6.99,9.99,30,23,750000.0,13838,97.64
1010750,Blood Fresh Supply,"Nightdive Studios, Monolith Productions",Atari,6775,305,9.99,9.99,0,40,750000.0,7080,95.69
1469280,SuchArt: Creative Space,Goose Minded,HypeTrain Digital,6872,144,0.0,0.0,0,16,750000.0,7016,97.95
620590,Ancestors Legacy,Destructive Creations,Destructive Creations,6597,1776,34.99,34.99,0,34,750000.0,8373,78.79
331470,Everlasting Summer,Soviet Games,Soviet Games,71592,3922,0.0,0.0,0,318,750000.0,75514,94.81
529180,Dark and Light,Snail Games USA,Snail Games USA,6133,5557,17.99,17.99,0,35,750000.0,11690,52.46
2208920,Assassin's Creed Valhalla,Ubisoft Montreal,Ubisoft,21554,9420,59.99,59.99,0,1379,750000.0,30974,69.59
1178490,港詭實錄ParanormalHK,Ghostpie Studio,"Ghostpie Studio, Gamera Games",17056,1889,12.99,12.99,0,170,750000.0,18945,90.03
1449690,The Walking Dead: The Telltale Definitive Series,Skybound Games,Skybound Games,29969,1072,49.99,49.99,0,677,750000.0,31041,96.55
2406770,Bodycam,Reissad Studio,Reissad Studio,25297,8507,33.32,33.32,0,422,750000.0,33804,74.83
428950,"Kivi, Toilet and Shotgun",16bit Nights,Back To Basics Gaming,261,244,1.99,1.99,0,0,750000.0,505,51.68
891040,Pool 2D - Poolians,Poolians.com,Poolians.com,8222,1216,0.0,0.0,0,262,750000.0,9438,87.12
390670,Steel Ocean,Changyou.com Limited,Changyou.com Limited,3086,1381,0.0,0.0,0,0,750000.0,4467,69.08
1108320,妄想破绽 Broken Delusion,,bilibili,2443,1589,6.99,6.99,0,0,750000.0,4032,60.59
519190,Next Day: Survival,SOFF Games,Last Level,6433,3857,9.99,9.99,0,3,750000.0,10290,62.52
321360,Primal Carnage: Extinction,"Circle Five Studios, Pub Games",Circle Five Publishing,7689,1548,12.99,12.99,0,34,750000.0,9237,83.24
606880,GreedFall,Spiders,Focus Entertainment,15429,4673,3.49,34.99,90,69,750000.0,20102,76.75
690510,Immortal Soul: Black Survival,Nimble Neuron,"Nimble Neuron, Boltrend Global PTE.LTD",4410,974,0.0,0.0,0,1,750000.0,5384,81.91
237850,Dreamfall Chapters,Red Thread Games,Red Thread Games,3664,776,4.99,24.99,80,6,750000.0,4440,82.52
724970,神舞幻想 Faith of Danschant,北京九鳳信息科技有限公司,北京网元圣唐娱乐科技有限公司,2904,1887,29.99,29.99,0,8,750000.0,4791,60.61
1147690,NGU IDLE,4G,4G,11564,504,0.0,0.0,0,3382,750000.0,12068,95.82
45760,Ultra Street Fighter IV,Capcom,Capcom,14173,1536,29.99,29.99,0,188,750000.0,15709,90.22
274920,FaceRig,Holotech Studios,Holotech Studios,6767,1622,0.0,0.0,0,105,750000.0,8389,80.67
212200,Mabinogi,NEXON Korea Corporation,Nexon America Inc.,2932,1044,0.0,0.0,0,559,750000.0,3976,73.74
638230,Journey,thatgamecompany,Annapurna Interactive,32549,1963,14.99,14.99,0,60,750000.0,34512,94.31
359840,Shift Happens,Klonk Games,Daedalic Entertainment,3192,861,15.99,15.99,0,16,750000.0,4053,78.76
1970580,Backpack Hero,Jaspel,"Pretty Soon, IndieArk",6744,948,19.99,19.99,0,248,750000.0,7692,87.68
798420,Professional Fishing,MasterCode,Ultimate Games S.A.,3073,923,0.0,0.0,0,38,750000.0,3996,76.9
1017900,Age of Empires: Definitive Edition,"World's Edge, Forgotten Empires, Tantalus",Xbox Game Studios,11700,2240,19.99,19.99,0,559,750000.0,13940,83.93
370240,NBA 2K16,Visual Concepts,2K,3817,3556,0.0,0.0,0,30,750000.0,7373,51.77
257730,Infinity Wars: Animated Trading Card Game,Lightmare Studios,Lightmare Studios,2675,792,0.0,0.0,0,10,750000.0,3467,77.16
1015500,WWE 2K20,Visual Concepts,2K,2517,3384,0.0,0.0,0,4,750000.0,5901,42.65
1898300,ASKA,Sand Sailor Studio,Thunderful Publishing,5660,1415,19.99,24.99,20,701,750000.0,7075,80.0
327030,Worms W.M.D,Team17,Team17,10843,1818,29.99,29.99,0,181,750000.0,12661,85.64
337950,The SKIES - BETA,Eforb,Eforb,1655,2288,0.0,0.0,0,0,750000.0,3943,41.97
446150,GUNS UP!,"Valkyrie Entertainment, LLC",PlayStation PC LLC,4993,1679,0.0,0.0,0,0,750000.0,6672,74.84
508290,$1 Ride,BeHappy Studios,Back To Basics Gaming,460,488,1.99,1.99,0,0,750000.0,948,48.52
1127500,Mini Motorways,Dinosaur Polo Club,Dinosaur Polo Club,20615,817,9.99,9.99,0,328,750000.0,21432,96.19
346940,Shadowrun: Hong Kong - Extended Edition,Harebrained Schemes,Paradox Interactive,4030,614,19.99,19.99,0,25,750000.0,4644,86.78
331600,One Piece Pirate Warriors 3,"KOEI TECMO GAMES CO., LTD.",BANDAI NAMCO Entertainment,8187,2165,5.19,51.98,90,32,750000.0,10352,79.09
48240,Anno 2070,"Blue Byte, Related Designs",Ubisoft,7469,4897,19.99,19.99,0,60,750000.0,12366,60.4
8000,Tomb Raider: Anniversary,Crystal Dynamics,Crystal Dynamics,5488,1196,8.99,8.99,0,29,750000.0,6684,82.11
400630,Wuppo: Definitive Edition,snekflat,snekflat,5420,319,14.99,14.99,0,5,750000.0,5739,94.44
247430,Hitman: Contracts,Io-Interactive A/S,Io-Interactive A/S,2680,406,0.89,8.99,90,10,750000.0,3086,86.84
418340,RWBY: Grimm Eclipse,"Rooster Teeth Games, FarBridge",FarBridge,9344,2209,11.99,19.99,40,4,750000.0,11553,80.88
212480,Sonic & All-Stars Racing Transformed Collection,Sumo Digital,SEGA,16039,1104,19.99,19.99,0,41,750000.0,17143,93.56
1436930,Temple of Apshai Trilogy,"Epyx, Inc.",Pixel Games UK,8,6,3.99,3.99,0,0,750000.0,14,57.14
453820,Hero Quest: Tower Conflict,Mihai Morosanu,New Reality Games,100,231,1.99,1.99,0,0,750000.0,331,30.21
466910,Worm.is: The Game,Freakinware Studios,Freakinware Studios,3734,890,0.0,0.0,0,8,750000.0,4624,80.75
2103140,Magicraft,Wave Games,bilibili,12485,1048,15.99,15.99,0,600,750000.0,13533,92.26
348250,Google Earth VR,Google,Google,3736,224,0.0,0.0,0,21,750000.0,3960,94.34
317470,Cubic Castles,Cosmic Cow LLC,Cosmic Cow LLC,3172,1108,0.0,0.0,0,22,750000.0,4280,74.11
214170,Divine Divinity,Larian Studios,Larian Studios,3106,426,5.99,5.99,0,16,750000.0,3532,87.94
1644960,NBA 2K22,Visual Concepts,2K,22503,16590,0.0,0.0,0,443,750000.0,39093,57.56
1341290,We Were Here Forever,Total Mayhem Games,Total Mayhem Games,14823,1384,7.19,17.99,60,183,750000.0,16207,91.46
330840,Game of Thrones - A Telltale Games Series,Telltale Games,Telltale Games,8030,2559,0.0,0.0,0,1,750000.0,10589,75.83
567630,Blood of Steel,YC Games,YC Games,5132,1646,0.0,0.0,0,110,750000.0,6778,75.72
3244220,A Game About Digging A Hole,DoubleBee,"rokaplay select, Drillhounds",12737,1492,4.99,4.99,0,248,750000.0,14229,89.51
1040200,Crime Scene Cleaner,President Studio,"President Studio, PlayWay S.A.",21567,451,29.99,29.99,0,596,750000.0,22018,97.95
263060,Blockstorm,GhostShark,IndieGala,5099,1275,0.0,0.0,0,0,750000.0,6374,80.0
511800,ONRAID,Pragmatix Ltd,Pragmatix Ltd,1335,441,0.0,0.0,0,0,750000.0,1776,75.17
324810,TOXIKK,Reakktor Studios,Schwiezer System GmbH,4485,1326,0.0,0.0,0,67,750000.0,5811,77.18
1584090,Touhou Mystia's Izakaya,"二色幽紫蝶, Re零同人社","二色幽紫蝶, Re零同人社",27672,577,5.99,5.99,0,852,750000.0,28249,97.96
806140,Achievements printer,Easy game,Game for people,967,206,0.99,0.99,0,4,750000.0,1173,82.44
528670,Elems,Fifth Dimension Company,Fifth Dimension Company,24,16,0.99,0.99,0,0,750000.0,40,60.0
1601580,Frostpunk 2,11 bit studios,11 bit studios,16477,5151,22.49,44.99,50,525,750000.0,21628,76.18
393420,Hurtworld,Bankroll Studios,Bankroll Studios,23689,7469,24.99,24.99,0,20,750000.0,31158,76.03
1267910,Melvor Idle,Games by Malcs,Jagex Ltd,13146,1392,9.99,9.99,0,4551,750000.0,14538,90.43
356310,METAL SLUG DEFENSE,SNK CORPORATION,SNK CORPORATION,1166,929,0.0,0.0,0,9,750000.0,2095,55.66
48220,Might & Magic: Heroes VI,Blackhole,Ubisoft,4234,4656,9.99,9.99,0,111,750000.0,8890,47.63
207170,Legend of Grimrock,Almost Human Games,Almost Human Games,5995,406,14.99,14.99,0,8,750000.0,6401,93.66
20530,Red Faction,Volition,Deep Silver,2404,376,9.99,9.99,0,4,750000.0,2780,86.47
40300,Risen,"Piranha Bytes, THQ Nordic",THQ Nordic,8736,1104,14.99,14.99,0,49,750000.0,9840,88.78
263540,Villagers and Heroes,Mad Otter Games,Mad Otter Games,2052,1309,0.0,0.0,0,33,750000.0,3361,61.05
2290180,Riders Republic,"Ubisoft Annecy, Ubisoft Belgrade, Ubisoft Kyiv, Ubisoft Pune, Ubisoft Odesa",Ubisoft Entertainment,16364,3147,39.99,39.99,0,171,750000.0,19511,83.87
215830,Closers,Naddic Games,Naddic Games,3297,1214,0.0,0.0,0,17,750000.0,4511,73.09
385800,NEKOPARA Vol. 0,NEKO WORKs,Sekai Project,16447,1078,2.99,2.99,0,20,750000.0,17525,93.85
462930,AdVenture Communist,Hyper Hippo Games,Hyper Hippo Games,3017,1620,0.0,0.0,0,36,750000.0,4637,65.06
237990,The Banner Saga,Stoic,Stoic Studio,13812,1711,24.99,24.99,0,24,750000.0,15523,88.98
32380,STAR WARS Jedi Knight: Dark Forces II,LucasArts,"LucasArts, Lucasfilm, Disney",1675,416,2.39,5.99,60,14,750000.0,2091,80.11
427190,DEAD RISING,Capcom,Capcom,5942,799,9.99,9.99,0,40,750000.0,6741,88.15
1301210,Knockout City,Velan Studios,Velan Studios,7196,1224,0.0,0.0,0,0,750000.0,8420,85.46
294860,Valkyria Chronicles,SEGA,SEGA,11613,1263,19.99,19.99,0,37,750000.0,12876,90.19
25000,Overgrowth,Wolfire Games,Wolfire Games,6876,1687,19.99,19.99,0,28,750000.0,8563,80.3
2198150,Tiny Glade,Pounce Light,Pounce Light,19362,483,14.99,14.99,0,291,750000.0,19845,97.57
746850,Cloudpunk,ION LANDS,"ION LANDS, Maple Whispering Limited",12760,1751,19.99,19.99,0,15,750000.0,14511,87.93
6020,STAR WARS Jedi Knight - Jedi Academy,Raven Software,"LucasArts, Lucasfilm, Disney",12746,524,9.99,9.99,0,138,750000.0,13270,96.05
743450,Monster Prom,Beautiful Glitch,"Xelu, Those Awesome Guys",13052,946,2.39,11.99,80,68,750000.0,13998,93.24
607050,Wargroove,Chucklefish,Chucklefish,4255,866,19.99,19.99,0,15,750000.0,5121,83.09
610370,Desperados III,Mimimi Games,THQ Nordic,14055,485,39.99,39.99,0,116,750000.0,14540,96.66
24740,Burnout Paradise: The Ultimate Box,Criterion Games,Electronic Arts,11675,1711,0.0,0.0,0,16,750000.0,13386,87.22
1512530,极限求生,陈 世杰,陈 世杰,10,10,0.0,0.0,0,0,750000.0,20,50.0
16450,F.E.A.R. 2: Project Origin,Monolith,"Warner Bros. Games, Warner Bros. Interactive Entertainment",7280,1269,14.99,14.99,0,41,750000.0,8549,85.16
24720,SPORE Galactic Adventures,EA - Maxis,Electronic Arts,6439,791,19.99,19.99,0,136,750000.0,7230,89.06
211160,Viking: Battle for Asgard,"Creative Assembly, PC Port - Hardlight",SEGA,1144,1163,14.99,14.99,0,5,750000.0,2307,49.59
17500,Zombie Panic! Source,Zombie Panic! Team,Zombie Panic! Team,6541,1185,0.0,0.0,0,13,750000.0,7726,84.66
21000,LEGO Batman: The Videogame,Traveller's Tales,Warner Bros. Interactive Entertainment,11083,1296,19.99,19.99,0,118,750000.0,12379,89.53
537800,Bomber Crew,Runner Duck,Curve Games,12925,1812,2.39,15.99,85,60,750000.0,14737,87.7
546050,Puyo PuyoTetris,"Sonic Team, Bitbaboon",SEGA,4654,865,19.99,19.99,0,32,750000.0,5519,84.33
115800,Owlboy,D-Pad Studio,D-Pad Studio,4918,956,19.99,19.99,0,7,750000.0,5874,83.72
7510,X-Blades,Gaijin Entertainment,Topware Interactive,1948,1225,6.49,12.99,50,132,750000.0,3173,61.39
58610,Wargame: European Escalation,Eugen Systems,Eugen Systems,2591,730,9.99,9.99,0,8,750000.0,3321,78.02
564710,Soda Dungeon,"AN Productions, Poxpower",Armor Games Studios,5814,350,0.0,0.0,0,72,750000.0,6164,94.32
405310,LEGO MARVEL's Avengers,"Traveller's Tales, TT Games, Feral Interactive (Mac)","Warner Bros. Interactive Entertainment, Feral Interactive (Mac)",6950,940,19.99,19.99,0,97,750000.0,7890,88.09
716350,Reign of Guilds,Atlant Games ltd,Atlant Games ltd,519,313,0.0,0.0,0,8,750000.0,832,62.38
268850,EVGA Precision X1,EVGA,EVGA,3806,934,0.0,0.0,0,494,750000.0,4740,80.3
641320,Cooking Simulator,Big Cheese Studio,Big Cheese Studio,15767,2840,19.99,19.99,0,74,750000.0,18607,84.74
107300,Breath of Death VII,Zeboyd Digital Entertainment LLC,Zeboyd Digital Entertainment LLC,1192,231,0.74,2.99,75,0,750000.0,1423,83.77
1013320,Firestone: Online Idle RPG,Holyday Studios,Holyday Studios,4891,1401,0.0,0.0,0,1785,750000.0,6292,77.73
1647160,Deepest Sword,Cosmic Adventure Squad,Cosmic Adventure Squad,9064,1360,0.0,0.0,0,15,750000.0,10424,86.95
1102190,Monster Train,Shiny Shoe,Good Shepherd Entertainment,20995,873,24.99,24.99,0,595,750000.0,21868,96.01
895400,Deadside,Bad Pixel,"Bad Pixel, tinyBuild",29504,9077,9.99,24.99,60,698,750000.0,38581,76.47
506610,Five Nights at Freddy's: Sister Location,Scott Cawthon,Scott Cawthon,10566,1099,7.99,7.99,0,30,750000.0,11665,90.58
218640,Lucius,Shiver Games,Shiver Games,8528,1987,9.99,9.99,0,20,750000.0,10515,81.1
99300,Renegade Ops,Avalanche Studios,SEGA,2374,412,15.0,15.0,0,0,750000.0,2786,85.21
332570,Amazing Frog?,Fayju,Fayju,10189,648,19.99,19.99,0,65,750000.0,10837,94.02
255520,Viscera Cleanup Detail: Shadow Warrior,RuneStorm,Devolver Digital,3572,862,29.99,29.99,0,3,750000.0,4434,80.56
384300,CPUCores :: Maximize Your FPS,Smorb Software,Smorb Software,8507,3404,16.99,16.99,0,98,750000.0,11911,71.42
22100,Mount & Blade,TaleWorlds Entertainment,TaleWorlds Entertainment,5934,498,9.99,9.99,0,51,750000.0,6432,92.26
225420,Cities in Motion 2,Colossal Order,Paradox Interactive,1432,1051,19.99,19.99,0,11,750000.0,2483,57.67
221680,Rocksmith 2014 Edition REMASTERED LEARN & PLAY,"Ubisoft - San Francisco, Ubisoft - Osaka",Ubisoft,21217,2633,9.99,9.99,0,683,750000.0,23850,88.96
694280,Zombie Army 4: Dead War,Rebellion,Rebellion,7974,1299,49.99,49.99,0,431,750000.0,9273,85.99
396750,EVERSPACE,ROCKFISH Games,ROCKFISH Games,8668,2352,19.99,19.99,0,44,750000.0,11020,78.66
493540,Figment,Bedtime Digital Games,Bedtime Digital Games,4610,674,3.99,19.99,80,4,750000.0,5284,87.24
320240,We Happy Few,Compulsion Games,Compulsion Games,10225,3102,59.99,59.99,0,57,750000.0,13327,76.72
551170,Onmyoji,NetEase Games,NetEase Games,2474,539,0.0,0.0,0,412,750000.0,3013,82.11
1911390,Knightfall: A Daring Journey,Landfall,Landfall,6909,828,0.0,0.0,0,8,750000.0,7737,89.3
503820,A Detective's Novel,Amaterasu Software,Amaterasu Software,599,283,1.99,1.99,0,0,750000.0,882,67.91
1372280,MELTY BLOOD: TYPE LUMINA,"FRENCH-BREAD, TYPE-MOON, Lasengle Inc., TAMSOFT CORPORATION, GameLoop Inc.",Lasengle Inc.,8484,1118,49.99,49.99,0,42,750000.0,9602,88.36
412830,STEINS;GATE,MAGES. Inc.,"Spike Chunsoft Co., Ltd.",20531,547,29.99,29.99,0,157,750000.0,21078,97.4
71340,Sonic Generations Collection,Devil's Details,SEGA,23609,1623,51.79,51.79,0,35,750000.0,25232,93.57
402570,Atlas Reactor,Trion Worlds,Trion Worlds,4407,873,0.0,0.0,0,1,750000.0,5280,83.47
248390,Craft The World,"Dekovir Entertainment, Sibear Games",Dekovir Ltd,14118,1834,18.99,18.99,0,303,750000.0,15952,88.5
905640,Combat Arms: Reloaded,"VALOFE, NEXON",VALOFE,1650,1329,0.0,0.0,0,18,750000.0,2979,55.39
239070,Hammerwatch,Crackshell,Team17,5754,681,9.99,9.99,0,5,750000.0,6435,89.42
1139980,Travellers Rest,Isolated Games,"Isolated Games, IndieArk",12297,1603,17.99,17.99,0,990,750000.0,13900,88.47
2239150,Thronefall,"GrizzlyGames, Mythwright",Mythwright,19846,698,12.99,12.99,0,373,750000.0,20544,96.6
1241510,The Test,Randumb Studios,Randumb Studios,19334,620,1.19,1.99,40,3,750000.0,19954,96.89
1340020,Aster Fpv Drone Simulator,Emmanuel Perrillon,Emmanuel Perrillon,9,4,19.99,19.99,0,0,750000.0,13,69.23
300550,Shadowrun: Dragonfall - Director's Cut,Harebrained Schemes,Paradox Interactive,5652,661,14.99,14.99,0,33,750000.0,6313,89.53
204030,Fable - The Lost Chapters,Lionhead Studios,Xbox Game Studios,7152,586,9.99,9.99,0,30,750000.0,7738,92.43
329000,Data Hacker: Corruption,New Reality Games,New Reality Games,67,71,1.99,1.99,0,0,750000.0,138,48.55
605740,"Flashing Lights - Police, Firefighting, Emergency Services (EMS) Simulator",Nils Jakrins,Excalibur Games,13686,3277,24.99,24.99,0,311,750000.0,16963,80.68
2027330,GoreBox,F2Games,F2Games,13136,1368,8.99,8.99,0,509,750000.0,14504,90.57
1715130,Crysis Remastered,Crytek,Crytek,9972,3146,29.99,29.99,0,83,750000.0,13118,76.02
1649240,Returnal,"Housemarque, Climax Studios",PlayStation Publishing LLC,6925,1521,59.99,59.99,0,84,750000.0,8446,81.99
866800,The Walking Dead: The Final Season,Telltale Games,Skybound Games,18302,982,19.99,19.99,0,93,750000.0,19284,94.91
247020,"Cook, Serve, Delicious!",Vertigo Gaming Inc.,Vertigo Gaming Inc.,5311,309,12.99,12.99,0,7,750000.0,5620,94.5
295550,Royal Quest,Katauri,1C Online Games,962,406,0.0,0.0,0,0,750000.0,1368,70.32
285920,TerraTech,Payload Studios,Mythwright,21368,2042,24.99,24.99,0,261,750000.0,23410,91.28
268750,Magicite,Sean Young,SmashGames,6459,1120,9.99,9.99,0,12,750000.0,7579,85.22
1171690,Wayfinder,Airship Syndicate,Airship Syndicate,14412,10235,24.99,24.99,0,64,750000.0,24647,58.47
12150,Max Payne 2: The Fall of Max Payne,Remedy Entertainment,Rockstar Games,11282,652,9.99,9.99,0,36,750000.0,11934,94.54
402180,Sakura Swim Club,Winged Cloud,Winged Cloud,2382,426,9.99,9.99,0,2,750000.0,2808,84.83
1475380,TheDawn,LIMITED,LIMITED,8015,600,0.0,0.0,0,1,750000.0,8615,93.04
242550,Rayman Legends,Ubisoft Montpellier,Ubisoft,8994,1049,29.99,29.99,0,71,750000.0,10043,89.55
300080,Total War Battles: KINGDOM,CREATIVE ASSEMBLY,SEGA,1826,1698,0.0,0.0,0,3,750000.0,3524,51.82
321960,Might & Magic Heroes VII,Limbic Entertainment,Ubisoft,3664,3082,29.99,29.99,0,227,750000.0,6746,54.31
578330,LEGO City Undercover,Traveller's Tales,TT Games,8783,889,19.99,19.99,0,115,750000.0,9672,90.81
1522870,Supraland Six Inches Under,Supra Games,Supra Games,3366,124,19.99,19.99,0,38,750000.0,3490,96.45
421020,DiRT 4,"Codemasters, Feral Interactive (Mac), Feral Interactive (Linux)","Codemasters, Feral Interactive (Mac), Feral Interactive (Linux), Electronic Arts",12971,3168,0.0,0.0,0,40,750000.0,16139,80.37
222730,Reus,Abbey Games,Abbey Games,4576,1263,9.99,9.99,0,4,750000.0,5839,78.37
1061090,Jump King,Nexile,Nexile,11081,1222,12.99,12.99,0,60,750000.0,12303,90.07
589290,Holdfast: Nations At War,Anvil Game Studios,Anvil Game Studios,22540,2575,9.99,19.99,50,223,750000.0,25115,89.75
433350,BlackShot: Mercenary Warfare FPS,Vertigo Games America,"Papaya Play, Vertigo Games America",1640,1387,0.0,0.0,0,14,750000.0,3027,54.18
445220,Avorion,Boxelware,Boxelware,12286,1328,24.99,24.99,0,618,750000.0,13614,90.25
921570,OCTOPATH TRAVELER,"Square Enix, ACQUIRE Corp.",Square Enix,13070,2118,59.99,59.99,0,222,750000.0,15188,86.05
531640,Eternal Card Game,Dire Wolf,Dire Wolf,5384,1569,0.0,0.0,0,135,750000.0,6953,77.43
2163330,Yet Another Zombie Survivors,Awesome Games Studio,Awesome Games Studio,10169,1044,14.99,14.99,0,472,750000.0,11213,90.69
449960,Book of Demons,Thing Trunk,Thing Trunk,9539,2413,24.99,24.99,0,12,750000.0,11952,79.81
544330,Snake Pass,Sumo Digital,Secret Mode,2560,641,19.99,19.99,0,8,750000.0,3201,79.98
2369390,Far Cry 6,"Ubisoft Toronto, Ubisoft Montreal, Ubisoft Kyiv, Ubisoft Shanghai, Ubisoft Berlin",Ubisoft,19411,7737,59.99,59.99,0,627,750000.0,27148,71.5
679900,Swords & Souls: Neverseen,SoulGame Studio,Armor Games Studios,5047,363,5.24,14.99,65,188,750000.0,5410,93.29
1213740,She Will Punish Them,L2 Games,L2 Games,11430,954,15.99,15.99,0,25,750000.0,12384,92.3
653530,Return of the Obra Dinn,Lucas Pope,3909,28093,923,19.99,19.99,0,166,750000.0,29016,96.82
672680,Call of War: World War 2,Bytro Labs GmbH,Bytro Labs GmbH,4168,1664,0.0,0.0,0,281,750000.0,5832,71.47
1316680,VLADiK BRUTAL,BRUTAL SOFTWARE,BRUTAL SOFTWARE,7642,810,11.99,11.99,0,19,750000.0,8452,90.42
234670,NARUTO SHIPPUDEN: Ultimate Ninja STORM 3 Full Burst HD,CyberConnect2 Co. Ltd.,BANDAI NAMCO Entertainment,12500,1440,9.99,19.99,50,23,750000.0,13940,89.67
589360,Ni no Kuni II: Revenant Kingdom,LEVEL5 Inc.,BANDAI NAMCO Entertainment,9019,1737,9.59,59.99,84,93,750000.0,10756,83.85
1225570,Unravel Two,Coldwood Interactive,Electronic Arts,5994,1566,4.99,19.99,75,46,750000.0,7560,79.29
719040,Wasteland 3,inXile Entertainment,"inXile Entertainment, Xbox Game Studios",17695,3201,39.99,39.99,0,219,750000.0,20896,84.68
485490,Dungeon Journey,"Carbomb Software, Nova Dimension",Nova Dimension,214,63,1.99,1.99,0,0,750000.0,277,77.26
1063660,Bendy and the Dark Revival,Joey Drew Studios,Joey Drew Studios,12068,907,19.99,19.99,0,62,750000.0,12975,93.01
2181930,DR LIVESEY ROM AND DEATH EDITION,Agafonoff,Agafonoff,12605,731,2.99,2.99,0,5,750000.0,13336,94.52
266430,Anarchy Arcade,Elijah Newman-Gomez,Elijah Newman-Gomez,1510,698,0.0,0.0,0,8,750000.0,2208,68.39
667970,VTOL VR,"Boundless Dynamics, LLC","Boundless Dynamics, LLC",18999,369,29.99,29.99,0,222,750000.0,19368,98.09
946050,Soda Dungeon 2,"AN Productions, Poxpower",Armor Games Studios,5114,305,0.0,0.0,0,249,750000.0,5419,94.37
223100,Homefront: The Revolution,Dambuster Studios,Deep Silver,9956,6497,19.99,19.99,0,26,750000.0,16453,60.51
250760,Shovel Knight: Treasure Trove,Yacht Club Games,Yacht Club Games,15438,674,39.99,39.99,0,69,750000.0,16112,95.82
252410,SteamWorld Dig,Image & Form Games,Image & Form Games,7697,498,1.49,9.99,85,16,750000.0,8195,93.92
292120,FINAL FANTASY XIII,Square Enix,Square Enix,13454,4476,15.99,15.99,0,286,750000.0,17930,75.04
1521580,Perfect Heist 2,yeswecamp,yeswecamp,3706,289,9.99,9.99,0,90,750000.0,3995,92.77
393080,Call of Duty: Modern Warfare Remastered (2017),"Raven Software, Beenox",Activision,7542,6853,19.99,39.99,50,133,750000.0,14395,52.39
289950,Construction Simulator 2015,weltenbauer. Software Entwicklung GmbH,astragon Entertainment,5569,1202,14.99,14.99,0,20,750000.0,6771,82.25
1777760,Soccer Manager 2022,Invincibles Studio Ltd,ケイエル,2194,806,0.0,0.0,0,61,750000.0,3000,73.13
6900,Hitman: Codename 47,IO Interactive A/S,IO Interactive A/S,3044,1195,0.79,7.99,90,20,750000.0,4239,71.81
39200,Dungeon Siege II,Gas Powered Games,Square Enix,2034,644,6.99,6.99,0,41,750000.0,2678,75.95
654990,Dude Simulator,Kiddy,Kiddy,1257,807,0.79,4.99,84,8,750000.0,2064,60.9
1068820,OVR Toolkit - Desktop Overlay,Curtis English,VoxelLoop Software Limited,2722,372,10.99,10.99,0,2180,750000.0,3094,87.98
987840,Expeditions: Rome,Logic Artists,THQ Nordic,5150,683,44.99,44.99,0,72,750000.0,5833,88.29
894020,Death's Door,Acid Nerve,Devolver Digital,17444,1224,19.99,19.99,0,54,750000.0,18668,93.44
515180,Bus Simulator 18,stillalive studios,astragon Entertainment,10664,2473,14.99,14.99,0,45,750000.0,13137,81.18
457550,Bigscreen Beta,"Bigscreen, Inc.","Bigscreen, Inc.",2669,466,0.0,0.0,0,50,750000.0,3135,85.14
332310,LEGO Worlds,"TT Games, Traveller's Tales",Warner Bros. Interactive Entertainment,11995,3308,29.99,29.99,0,43,750000.0,15303,78.38
991780,Notes of Soul,（Hong Kong）GKD Game Studio,（Hong Kong）GKD Game Studio,16065,4715,29.99,29.99,0,88,750000.0,20780,77.31
397060,Faeria,Abrakam Entertainment SA,"Versus Evil, tinyBuild",5956,1168,3.99,19.99,80,26,750000.0,7124,83.6
1444740,Maniac Path,"Falco Software, Laush Dmitriy Sergeevich",Laush Studio,10,4,0.71,2.99,76,0,750000.0,14,71.43
780290,Gloomhaven,"Flaming Fowl Studios, Saber Interactive",Twin Sails Interactive,12466,2517,34.99,34.99,0,430,750000.0,14983,83.2
31270,Puzzle Agent,Telltale,Telltale,2384,297,1.99,4.99,60,1,750000.0,2681,88.92
1092660,Blair Witch,Bloober Team SA,Bloober Team NA,5716,1531,5.99,29.99,80,6,750000.0,7247,78.87
1656780,Hero's Hour,"Benjamin ""ThingOnItsOwn"" Hauer","Goblinz Publishing, Maple Whispering Limited",4287,1082,17.99,17.99,0,82,750000.0,5369,79.85
1016800,Chernobylite Complete Edition,The Farm 51,The Farm 51,11784,2556,29.99,29.99,0,76,750000.0,14340,82.18
1040230,Curious Expedition 2,Maschinen-Mensch,"Maschinen-Mensch, Saftladen Berlin",3436,424,19.99,19.99,0,58,750000.0,3860,89.02
64000,Men of War: Assault Squad,Digitalmindsoft,Fulqrum Publishing,4346,602,9.99,9.99,0,32,750000.0,4948,87.83
916840,The Walking Dead: Saints & Sinners,Skydance Interactive,Skydance Interactive,8321,1273,19.99,19.99,0,26,750000.0,9594,86.73
1088090,Day of Dragons,Beawesome Games,Beawesome Games,4827,2465,19.99,19.99,0,198,750000.0,7292,66.2
1200,Red Orchestra: Ostfront 41-45,Tripwire Interactive,Tripwire Interactive,2156,317,4.99,4.99,0,1,750000.0,2473,87.18
9880,Champions Online,Cryptic Studios,Arc Games,2990,1192,0.0,0.0,0,113,750000.0,4182,71.5
819190,Undead Citadel,Dark Curry S.L.,Dark Curry S.L.,192,72,29.99,29.99,0,3,750000.0,264,72.73
1238040,Dragon Age II: Ultimate Edition,BioWare,Electronic Arts,5311,1226,29.99,29.99,0,140,750000.0,6537,81.25
1029780,Going Medieval,Foxy Voxel,Mythwright,16633,1873,29.99,29.99,0,713,750000.0,18506,89.88
1817230,Hi-Fi RUSH,Tango Gameworks,"KRAFTON, Inc.",32441,898,29.99,29.99,0,87,750000.0,33339,97.31
807120,Iratus: Lord of the Dead,Unfrozen,Daedalic Entertainment,6694,1116,2.99,29.99,90,112,750000.0,7810,85.71
521890,Hello Neighbor,Dynamic Pixels,tinyBuild,16402,3219,5.99,29.99,80,127,750000.0,19621,83.59
732370,Juicy Realm,SpaceCan,XD,3177,443,9.99,9.99,0,8,750000.0,3620,87.76
1149620,Gas Station Simulator,DRAGO entertainment,"DRAGO entertainment, Shochiku",22007,3036,19.99,19.99,0,958,750000.0,25043,87.88
831450,Kolb Antarctica Experience,Devika,Devika,6,5,2.99,2.99,0,0,750000.0,11,54.55
2231380,Tom Clancy's Ghost Recon Breakpoint,Ubisoft Paris,Ubisoft,23816,8747,59.99,59.99,0,1430,750000.0,32563,73.14
2066020,Soulstone Survivors,Game Smithing Limited,Game Smithing Limited,19922,1906,10.49,14.99,30,674,750000.0,21828,91.27
774181,Rhythm Doctor,7th Beat Games,"7th Beat Games, indienova",20881,332,19.99,19.99,0,60,750000.0,21213,98.43
513000,KUBOOM,nobodyshot,nobodyshot,2488,1528,0.0,0.0,0,66,750000.0,4016,61.95
385770,Time Clickers,Proton Studio Inc,,4420,628,0.0,0.0,0,146,750000.0,5048,87.56
404730,Wasteland 2: Director's Cut,inXile Entertainment,inXile Entertainment,0,0,5.99,29.99,80,55,750000.0,0,
973760,Thronebreaker: The Witcher Tales,CD PROJEKT RED,CD PROJEKT RED,14782,1856,19.99,19.99,0,112,750000.0,16638,88.84
1771980,The Operator,Bureau 81,"Bureau 81, indienova",5750,446,13.99,13.99,0,41,750000.0,6196,92.8
46510,Syberia II,Microids,Microids,2402,387,2.59,12.99,80,5,750000.0,2789,86.12
1088850,Marvel's Guardians of the Galaxy,Eidos-Montréal,Eidos Interactive Corp.,36857,2301,59.99,59.99,0,219,750000.0,39158,94.12
795100,Friday the 13th: Killer Puzzle,Blue Wizard Digital,Blue Wizard Digital,5644,374,0.0,0.0,0,6,750000.0,6018,93.79
1147660,ArcheAge: Unchained,XLGAMES,Kakao Games Europe B.V.,1995,1789,0.0,0.0,0,0,750000.0,3784,52.72
973580,Sniper Ghost Warrior Contracts,CI Games,CI Games,8888,3308,29.99,29.99,0,89,750000.0,12196,72.88
1238060,Dead Space 3,Visceral Games,Electronic Arts,9353,3349,19.99,19.99,0,81,750000.0,12702,73.63
351640,Eternal Senia,Sanctum Games,Sanctum Games,11658,290,0.0,0.0,0,2,750000.0,11948,97.57
451340,Gold Mining Simulator,Code Horizon,"Code Horizon, PlayWay S.A.",10873,4198,19.99,19.99,0,166,750000.0,15071,72.15
629820,Maneater,Tripwire Interactive,Tripwire Interactive,15476,1956,5.99,39.99,85,126,750000.0,17432,88.78
298630,The Escapists,Mouldy Toof Studios,Team17,14481,1569,17.99,17.99,0,45,750000.0,16050,90.22
591740,Sniper Fury,Gameloft,Gameloft,1330,1399,0.0,0.0,0,76,750000.0,2729,48.74
700600,Evil Genius 2: World Domination,Rebellion,Rebellion,8703,3938,39.99,39.99,0,151,750000.0,12641,68.85
312280,Simply Chess,BlueLine Games,BlueLine Games,2692,934,0.0,0.0,0,15,750000.0,3626,74.24
354140,Five Nights at Freddy's 3,Scott Cawthon,Scott Cawthon,9083,999,7.99,7.99,0,17,750000.0,10082,90.09
936790,Life is Strange: True Colors,Deck Nine,Square Enix,13836,1716,59.99,59.99,0,51,750000.0,15552,88.97
501590,Bulletstorm: Full Clip Edition,People Can Fly,"Gearbox Publishing, 2K",7605,943,39.99,39.99,0,19,750000.0,8548,88.97
16810,Sid Meier's Civilization IV: Colonization,Firaxis Games,2K,1212,185,5.99,29.99,80,244,750000.0,1397,86.76
1282690,Crysis 3,Crytek,Electronic Arts,4716,829,0.0,0.0,0,9,750000.0,5545,85.05
217920,Alien Rage - Unlimited,CI Games,CI Games,2334,1121,19.99,19.99,0,1,750000.0,3455,67.55
365300,Transmissions: Element 120,"Shokunin, Thomas M. Visser, Vincent Thiele",Self Published,9266,539,0.0,0.0,0,3,750000.0,9805,94.5
428690,Youtubers Life,UPLAY Online,UPLAY Online,11924,3491,19.99,19.99,0,47,750000.0,15415,77.35
2532550,LIZARDS MUST DIE,Smola Game Studio,"Smola Game Studio, Agafonoff",25241,891,0.99,3.99,75,5,750000.0,26132,96.59
1504980,It Takes Two Friend's Pass,Hazelight Studio,Electronic Arts,703,92,0.0,0.0,0,58,750000.0,795,88.43
266510,Hand of Fate,Defiant Development,Defiant Development,9433,1126,19.99,19.99,0,6,750000.0,10559,89.34
673880,"Warhammer 40,000: Mechanicus",Bulwark Studios,Kasedo Games,12368,1141,3.59,29.99,88,180,750000.0,13509,91.55
2124490,SILENT HILL 2,Bloober Team SA,KONAMI,41028,2021,69.99,69.99,0,514,750000.0,43049,95.31
573100,Battlefleet Gothic: Armada 2,Tindalos Interactive,Focus Entertainment,7566,2514,3.99,19.99,80,251,750000.0,10080,75.06
528230,SYNTHETIK: Legion Rising,Flow Fire Games,"Flow Fire Games, WhisperGames",11971,746,19.99,19.99,0,66,750000.0,12717,94.13
91200,Anomaly: Warzone Earth,11 bit studios,11 bit studios,4043,597,1.99,9.99,80,2,750000.0,4640,87.13
20540,Company of Heroes: Tales of Valor,Relic Entertainment,SEGA,2140,171,19.99,19.99,0,45,750000.0,2311,92.6
529920,Resurgence,Lightning Man Media,Lightning Man Media,12,10,1.99,1.99,0,0,750000.0,22,54.55
204060,Superbrothers: Sword & Sworcery EP,"Capybara, Superbrothers, Jim Guthrie",Capybara Games,2022,590,7.99,7.99,0,2,750000.0,2612,77.41
307110,We Need To Go Deeper,Deli Interactive LLC,Deli Interactive LLC,5078,773,15.99,15.99,0,14,750000.0,5851,86.79
320300,Car Mechanic Simulator 2015,Red Dot Games,PlayWay S.A.,13466,1106,19.99,19.99,0,25,750000.0,14572,92.41
368340,CrossCode,Radical Fish Games,"Deck13, WhisperGames, DANGEN Entertainment, Mayflower Entertainment",15699,1167,19.99,19.99,0,77,750000.0,16866,93.08
351970,Tales of Zestiria,BANDAI NAMCO Studio Inc.,BANDAI NAMCO Entertainment,7310,1794,49.99,49.99,0,29,750000.0,9104,80.29
1105510,Yakuza 5 Remastered,RGG Studio,SEGA,5658,673,19.99,19.99,0,149,750000.0,6331,89.37
17740,Empires Mod,Empires,Empires,902,140,0.0,0.0,0,3,750000.0,1042,86.56
567680,The Pasture,Mikhail Maksimov,Sometimes You,94,114,0.99,0.99,0,0,750000.0,208,45.19
1189630,Path Of Wuxia,香港商河洛互動娛樂股份有限公司,香港商河洛互動娛樂股份有限公司,23689,6527,34.99,34.99,0,69,750000.0,30216,78.4
442120,Pinball FX3,Zen Studios,Zen Studios,4553,625,23.97,23.97,0,83,750000.0,5178,87.93
2384580,DYNASTY WARRIORS: ORIGINS,"KOEI TECMO GAMES CO., LTD.","KOEI TECMO GAMES CO., LTD.",19369,1346,48.99,69.99,30,1314,750000.0,20715,93.5
330830,Tales from the Borderlands,Telltale Games,2K,17618,988,19.99,19.99,0,34,750000.0,18606,94.69
2218750,Halls of Torment,Chasing Carrots,Chasing Carrots,27801,1218,4.99,6.66,25,361,750000.0,29019,95.8
29900,Dark Sector,Digital Extremes,Digital Extremes,2154,675,9.99,9.99,0,36,750000.0,2829,76.14
1343240,Thymesia,OverBorder Studio,Team17,7105,1354,24.99,24.99,0,22,750000.0,8459,83.99
658850,Do Not Feed the Monkeys,Fictiorama Studios,Alawar,10334,692,1.59,15.99,90,93,750000.0,11026,93.72
1934680,Age of Mythology: Retold,"World's Edge, Forgotten Empires, Tantalus Media, CaptureAge, Virtuos Games",Xbox Game Studios,15043,1665,29.99,29.99,0,1559,750000.0,16708,90.03
1859910,Legend of Mortal,Obb Studio Inc.,"Paras Games, Obb Studio Inc.",22624,9407,19.99,19.99,0,296,750000.0,32031,70.63
865360,We Were Here Together,Total Mayhem Games,Total Mayhem Games,13321,2608,12.99,12.99,0,178,750000.0,15929,83.63
1170950,Mortal Online 2,Star Vault AB,Star Vault AB,7870,5073,39.99,39.99,0,440,750000.0,12943,60.81
405640,Pony Island,Daniel Mullins Games,Daniel Mullins Games,16339,843,4.99,4.99,0,9,750000.0,17182,95.09
215790,Dream Pinball 3D,ASK Homework,TopWare Interactive,365,546,2.49,9.99,75,2,750000.0,911,40.07
1278480,Smart Game Booster,Smart Game Booster,Smart Game Booster,1434,374,0.0,0.0,0,111,750000.0,1808,79.31
345180,Victor Vran ARPG,Haemimont Games,"Haemimont Games, EuroVideo Medien",5456,904,19.99,19.99,0,8,750000.0,6360,85.79
611660,Fallout 4 VR,Bethesda Game Studios,Bethesda Softworks,5030,3269,59.99,59.99,0,40,750000.0,8299,60.61
274900,Murder Miners,JForce Games,JForce Games,5492,874,2.99,2.99,0,12,750000.0,6366,86.27
874390,The Battle of Polytopia,Midjiwan AB,Midjiwan AB,4832,316,14.99,14.99,0,194,750000.0,5148,93.86
360830,Yooka-Laylee,Playtonic Games,Playtonic Friends,3937,1320,19.99,19.99,0,14,750000.0,5257,74.89
851100,Touhou Luna Nights,"Team Ladybug, WSS playground","WSS playground, Alliance Arts",13668,339,10.79,17.99,40,15,750000.0,14007,97.58
1173770,FINAL FANTASY,Square Enix,Square Enix,6448,365,11.99,11.99,0,89,750000.0,6813,94.64
249650,Blackguards,Daedalic Entertainment,Daedalic Entertainment,2329,1416,0.99,9.99,90,9,750000.0,3745,62.19
834530,Yakuza Kiwami,Ryu Ga Gotoku Studio,SEGA,20429,1448,10.99,19.99,45,188,750000.0,21877,93.38
557180,League of Maidens,Maiden Gaming Inc.,Maiden Gaming Inc.,3275,2742,0.0,0.0,0,15,750000.0,6017,54.43
6030,STAR WARS Jedi Knight II - Jedi Outcast,Raven Software,"LucasArts, Lucasfilm, Disney",4281,413,9.99,9.99,0,40,750000.0,4694,91.2
288160,The Room,Fireproof Games,Fireproof Games,28356,641,4.99,4.99,0,42,750000.0,28997,97.79
1113560,NieR Replicant ver.1.22474487139...,"Square Enix, Toylogic Inc.",Square Enix,22534,3008,59.99,59.99,0,207,750000.0,25542,88.22
2378900,The Coffin of Andy and Leyley,Kit9 Studio,Kit9 Studio,29090,1067,11.99,11.99,0,277,750000.0,30157,96.46
32360,The Secret of Monkey Island: Special Edition,LucasArts,"LucasArts, Lucasfilm, Disney",5529,270,9.99,9.99,0,16,750000.0,5799,95.34
2114740,Blasphemous 2,The Game Kitchen,Team17,13000,1237,29.99,29.99,0,202,750000.0,14237,91.31
3017860,DOOM: The Dark Ages,id Software,Bethesda Softworks,18891,2780,49.99,49.99,0,3518,750000.0,21671,87.17
1275350,Ninja Kiwi Archive,Ninja Kiwi,Ninja Kiwi,5107,332,0.0,0.0,0,89,750000.0,5439,93.9
385760,NBA 2K17,Visual Concepts,2K,4724,4074,0.0,0.0,0,54,750000.0,8798,53.69
2058190,Lost Judgment,RGG Studio,SEGA,7238,428,39.99,39.99,0,233,750000.0,7666,94.42
6980,Thief: Deadly Shadows,Ion Storm,Eidos Interactive Corp.,1990,459,8.99,8.99,0,6,750000.0,2449,81.26
360940,The Mean Greens - Plastic Warfare,"Virtual Basement LLC, Code Headquarters LLC",Virtual Basement LLC,8332,1879,9.99,9.99,0,4,750000.0,10211,81.6
503940,Railway Empire,Gaming Minds Studios,Kalypso Media,7797,1619,29.99,29.99,0,142,750000.0,9416,82.81
424030,War of Rights,Campfire Games,Campfire Games,11619,1526,14.99,29.99,50,298,750000.0,13145,88.39
1244090,Sea of Stars: Sunset Edition,Sabotage Studio,Sabotage Studio,11331,1367,17.49,34.99,50,509,750000.0,12698,89.23
1104640,New Frontier,Free Reign Entertainment,Free Reign Entertainment,1834,1883,0.0,0.0,0,1,750000.0,3717,49.34
1458560,I'm on Observation Duty 3,Notovia,Notovia,242,67,2.99,2.99,0,2,750000.0,309,78.32
539470,Police Stories,HypeTrain Digital,HypeTrain Digital,7406,1295,19.99,19.99,0,18,750000.0,8701,85.12
252150,Grimm,Spicyhorse Games,Spicyhorse Games,10338,925,0.0,0.0,0,3,750000.0,11263,91.79
22350,BRINK,Splash Damage,Bethesda Softworks,4999,2954,0.0,0.0,0,22,750000.0,7953,62.86
761620,Beholder 2,Alawar Stargaze (Warm Lamp Games),Alawar,6253,890,2.69,17.99,85,76,750000.0,7143,87.54
1128000,Cube World,Picroma,Picroma,6872,11701,19.99,19.99,0,10,750000.0,18573,37.0
1089130,Quake II RTX,Lightspeed Studios™,NVIDIA,4009,581,0.0,0.0,0,5,750000.0,4590,87.34
326360,Warspear Online,Titulum Enterprises Limited,Titulum Enterprises Limited,2068,767,0.0,0.0,0,122,750000.0,2835,72.95
305260,Battle Islands,DR Studios,505 Games,2604,822,0.0,0.0,0,19,750000.0,3426,76.01
753650,Due Process,Giant Enemy Crab,Giant Enemy Crab,6713,1495,9.99,9.99,0,29,750000.0,8208,81.79
2849080,Kingdom Rush 5: Alliance TD,Ironhide Game Studio,Ironhide Game Studio,7763,1092,19.99,19.99,0,386,750000.0,8855,87.67
939850,The Dark Pictures Anthology: Man of Medan,Supermassive Games,BANDAI NAMCO Entertainment Europe,8812,2797,19.99,19.99,0,41,750000.0,11609,75.91
550470,NosTale - Anime MMORPG,"Entwell Co., Ltd.",Gameforge 4D GmbH,2432,1001,0.0,0.0,0,210,750000.0,3433,70.84
343360,Particula,Microblast Games,SA Industry,1664,721,29.99,29.99,0,6,750000.0,2385,69.77
2300,DOOM II,id Software,id Software,8691,417,0.0,0.0,0,16,750000.0,9108,95.42
397340,SimplePlanes,"Jundroo, LLC","Jundroo, LLC",9763,707,12.99,12.99,0,81,750000.0,10470,93.25
255220,GRID Autosport,"Codemasters Racing, Feral Interactive (Mac), Feral Interactive (Linux)","Codemasters, Feral Interactive (Mac), Feral Interactive (Linux)",6764,1914,0.0,0.0,0,15,750000.0,8678,77.94
774801,Crab Champions,Noisestorm,Noisestorm,26307,553,9.99,9.99,0,796,750000.0,26860,97.94
464060,RUINER,Reikon Games,Devolver Digital,10381,1211,1.99,19.99,90,5,750000.0,11592,89.55
49600,Beat Hazard,Cold Beam Games,Cold Beam Games,6984,395,9.99,9.99,0,4,750000.0,7379,94.65
1158160,Coral Island,Stairway Games,Balor Games,19184,2544,29.99,29.99,0,1328,750000.0,21728,88.29
728530,SD GUNDAM G GENERATION CROSS RAYS,"TOM CREATE, 株式会社トムクリエイト","BANDAI NAMCO Entertainment, 株式会社バンダイナムコエンターテインメント",6572,1294,29.99,59.99,50,227,750000.0,7866,83.55
2135150,Elin,Lafrontier,Lafrontier,6163,412,19.99,19.99,0,1277,750000.0,6575,93.73
2142790,Fields of Mistria,NPC Studio,NPC Studio,19544,414,13.99,13.99,0,1616,750000.0,19958,97.93
252870,PULSAR: Lost Colony,Leafy Games,Leafy Games,5020,558,19.99,19.99,0,21,750000.0,5578,90.0
336390,System Shock 2 (1999),"Nightdive Studios, Irrational Games, Looking Glass Studios",Nightdive Studios,4408,279,9.99,9.99,0,0,750000.0,4687,94.05
223830,Xenonauts,Goldhawk Interactive,Goldhawk Interactive,4265,624,24.99,24.99,0,53,750000.0,4889,87.24
1843760,Rogue Tower,Die of Death Games,Die of Death Games,4637,996,14.99,14.99,0,147,750000.0,5633,82.32
360170,How to Survive 2,Eko Software,505 Games,7552,3362,3.74,14.99,75,10,750000.0,10914,69.2
644830,The Surge 2,Deck13,Focus Entertainment,6523,2005,29.99,29.99,0,81,750000.0,8528,76.49
248820,Risk of Rain (2013),Hopoo Games,"Gearbox Publishing, 2K",27648,1978,9.99,9.99,0,25,750000.0,29626,93.32
1681430,RoboCop: Rogue City,Teyon,Nacon,20146,2561,39.99,39.99,0,238,750000.0,22707,88.72
72200,Universe Sandbox Legacy,Giant Army,Giant Army,2372,579,0.0,0.0,0,14,750000.0,2951,80.38
97100,Section 8: Prejudice,TimeGate Studios,Atari,835,229,0.0,0.0,0,0,750000.0,1064,78.48
1026680,FINAL FANTASY VIII - REMASTERED,Square Enix,Square Enix,3363,1239,19.99,19.99,0,145,750000.0,4602,73.08
462770,Pyre,Supergiant Games,Supergiant Games,8178,860,19.99,19.99,0,10,750000.0,9038,90.48
681280,Descenders,RageSquid,No More Robots,18141,1092,24.99,24.99,0,190,750000.0,19233,94.32
774241,Warhammer: Chaosbane,Eko Software,Nacon,3505,2567,29.99,29.99,0,14,750000.0,6072,57.72
95400,ibb & obb,"Sparpweed, Codeglue",Sparpweed,5959,664,11.99,11.99,0,29,750000.0,6623,89.97
276810,Mordheim: City of the Damned,Rogue Factor,Nacon,5662,2399,19.99,19.99,0,112,750000.0,8061,70.24
548570,RAGE 2,"id Software, Avalanche Studios",Bethesda Softworks,10320,6086,39.99,39.99,0,42,750000.0,16406,62.9
574820,Cat or Bread?,Casioqu,Casioqu,691,55,1.99,1.99,0,0,750000.0,746,92.63
203630,Warlock - Master of the Arcane,Ino-Co Plus,Paradox Interactive,2216,355,24.99,24.99,0,27,750000.0,2571,86.19
593600,PixARK,Snail Games USA,Snail Games USA,9112,3400,19.99,19.99,0,165,750000.0,12512,72.83
1510,Uplink,Introversion Software,Introversion Software,2143,216,11.99,11.99,0,2,750000.0,2359,90.84
1041320,Lords Mobile,IGG SINGAPORE PTE. LTD.,IGG SINGAPORE PTE. LTD.,3761,1856,0.0,0.0,0,1080,750000.0,5617,66.96
1547000,Grand Theft Auto: San Andreas – The Definitive Edition,Rockstar Games,Rockstar Games,6814,2051,59.99,59.99,0,330,750000.0,8865,76.86
3700,Sniper Elite,Rebellion,Rebellion,2906,890,2.71,7.99,66,21,750000.0,3796,76.55
473690,Absolver,Sloclap,Devolver Digital,10497,4039,29.99,29.99,0,22,750000.0,14536,72.21
413420,Danganronpa 2: Goodbye Despair,"Spike Chunsoft Co., Ltd., Abstraction Games","Spike Chunsoft Co., Ltd.",25613,998,9.99,19.99,50,198,750000.0,26611,96.25
447530,VA-11 Hall-A: Cyberpunk Bartender Action,Sukeban Games,"Ysbryd Games, PLAYISM",35526,936,14.99,14.99,0,62,750000.0,36462,97.43
315430,Polarity,Bluebutton Games,Bluebutton Games,3721,969,12.99,12.99,0,0,750000.0,4690,79.34
508170,BlackSmith HIT,ENTERi,Forever Entertainment S. A.,570,119,0.99,0.99,0,0,750000.0,689,82.73
248610,Door Kickers,KillHouse Games,KillHouse Games,9277,561,19.99,19.99,0,18,750000.0,9838,94.3
256290,Child of Light,Ubisoft Montréal,Ubisoft,12122,1098,14.99,14.99,0,12,750000.0,13220,91.69
13250,Unreal Gold,"Epic Games, Inc.",2K,2208,267,0.0,0.0,0,3,750000.0,2475,89.21
758190,Dragon Cliff,Meta Interaction,Meta Interaction,6998,826,9.99,9.99,0,216,750000.0,7824,89.44
1195460,Last Year,Undaunted Games,Undaunted Games,5991,3711,0.0,0.0,0,8,750000.0,9702,61.75
252850,Streamline,Proletariat Inc.,Proletariat Inc.,1426,582,0.0,0.0,0,10,750000.0,2008,71.02
2381590,Only Up,Indiesolodev,Indiesolodev,11002,4035,0.0,0.0,0,22,750000.0,15037,73.17
212390,Continent of the Ninth Seal,"VALOFE, Webzen",VALOFE,1006,403,0.0,0.0,0,1,750000.0,1409,71.4
260230,Valiant Hearts: The Great War / Soldats Inconnus : Mémoires de la Grande Guerre,Ubisoft Montpellier,Ubisoft,24888,1155,14.99,14.99,0,25,750000.0,26043,95.57
296470,Mount Your Friends,Stegersaurus Software Inc.,Stegersaurus Software Inc.,7327,366,1.74,4.99,65,1,750000.0,7693,95.24
219830,King Arthur's Gold,Transhuman Design,Transhuman Design,4390,814,0.0,0.0,0,11,750000.0,5204,84.36
200210,Realm of the Mad God Exalt,"Wild Shadow Studios, Deca Live Operations GmbH",Deca Live Operations GmbH,38723,7897,0.0,0.0,0,1853,750000.0,46620,83.06
824550,SD GUNDAM BATTLE ALLIANCE,ARTDINK,Bandai Namco Entertainment,3683,2160,59.99,59.99,0,8,750000.0,5843,63.03
1135690,Unpacking,Witch Beam,Balor Games,32883,2418,19.99,19.99,0,260,750000.0,35301,93.15
372800,RPG MO,Marxnet,Marxnet,2289,613,0.0,0.0,0,49,750000.0,2902,78.88
2437170,SMITE 2,Titan Forge Games,Hi-Rez Studios,8257,6096,0.0,0.0,0,4975,750000.0,14353,57.53
666860,Bit Heroes Quest,Juppiomenz,Kongregate,2567,619,0.0,0.0,0,236,750000.0,3186,80.57
2140510,Town of Salem 2,BlankMediaGames LLC,Digital Bandidos,5692,2092,0.0,0.0,0,382,750000.0,7784,73.12
78000,Bejeweled 3,"PopCap Games, Inc.","PopCap Games, Inc., Electronic Arts",6963,296,4.99,4.99,0,387,750000.0,7259,95.92
503560,911 Operator,Jutsu Games,Games Operators,14616,1819,2.99,14.99,80,87,750000.0,16435,88.93
429050,Feed and Grow: Fish,Old B1ood,Greens s.r.o.,14733,4239,14.99,14.99,0,189,750000.0,18972,77.66
33229,Tom Clancy's Splinter Cell Conviction,Ubisoft Montreal,Ubisoft,3188,1248,9.99,9.99,0,0,750000.0,4436,71.87
909080,Cube Escape: Paradox,Rusty Lake,Rusty Lake,10264,290,0.0,0.0,0,168,750000.0,10554,97.25
1496790,Gotham Knights,"Warner Bros. Games Montréal, QLOC",Warner Bros. Games,15271,7395,59.99,59.99,0,204,750000.0,22666,67.37
285330,RollerCoaster Tycoon 2: Triple Thrill Pack,Chris Sawyer Productions,Atari,4864,581,9.99,9.99,0,96,750000.0,5445,89.33
1782120,ZERO Sievert,CABO Studio,Modern Wolf,11326,1912,19.99,19.99,0,261,750000.0,13238,85.56
1259980,RIDE 4,Milestone S.r.l.,Milestone S.r.l.,9661,2068,5.99,39.99,85,209,750000.0,11729,82.37
732690,FIVE NIGHTS AT FREDDY'S: HELP WANTED,Steel Wool Studios,ScottGames,11969,494,29.99,29.99,0,29,750000.0,12463,96.04
311290,SpellForce 3 Reforced,Grimlore Games,THQ Nordic,5837,1766,39.99,39.99,0,12,750000.0,7603,76.77
954740,Terminator: Resistance,Teyon,Reef Entertainment,15132,1348,39.99,39.99,0,39,750000.0,16480,91.82
784080,MechWarrior 5: Mercenaries,Piranha Games Inc.,Piranha Games Inc.,10793,1963,29.99,29.99,0,636,750000.0,12756,84.61
941460,Death Trash,Crafting Legends,Crafting Legends,3291,242,19.99,19.99,0,3,750000.0,3533,93.15
2336220,Feed the Cups,Vambear Games,IndieArk,3922,9286,15.99,15.99,0,1161,750000.0,13208,29.69
362490,Exanima,Bare Mettle Entertainment,Bare Mettle Entertainment,10132,2214,14.99,14.99,0,84,750000.0,12346,82.07
2772750,Age of History 3,Łukasz Jakowski,Łukasz Jakowski Games,11105,1607,9.99,9.99,0,481,750000.0,12712,87.36
784150,Workers & Resources: Soviet Republic,3Division,Hooded Horse,20192,1983,39.99,39.99,0,2590,750000.0,22175,91.06
236150,Starpoint Gemini 2,Little Green Men Games,Little Green Men Games,2843,1250,34.99,34.99,0,4,750000.0,4093,69.46
921590,DISSIDIA FINAL FANTASY NT Free Edition,"Square Enix, KOEI TECMO GAMES CO., LTD.",Square Enix,1570,1986,0.0,0.0,0,9,750000.0,3556,44.15
434050,Duke Nukem 3D: 20th Anniversary World Tour,"Nerve Software, Gearbox Software, LLC","Gearbox Publishing, 2K",4802,882,19.99,19.99,0,39,750000.0,5684,84.48
533540,MONMUSU,Tentacle Games,NEKO WORKs,4025,1012,0.0,0.0,0,9,750000.0,5037,79.91
232910,TrackMania² Stadium,Nadeo,Ubisoft,5841,736,9.99,9.99,0,44,750000.0,6577,88.81
382310,Eco,Strange Loop Games,Strange Loop Games,10744,2468,29.99,29.99,0,692,750000.0,13212,81.32
1471410,SYNTHETIK 2,Flow Fire Games,Flow Fire Games,1990,406,19.99,19.99,0,13,750000.0,2396,83.06
398710,Timberman,Digital Melody,Forever Entertainment S. A.,10572,764,0.99,0.99,0,7,750000.0,11336,93.26
272510,NARUTO SHIPPUDEN: Ultimate Ninja STORM Revolution,"CyberConnect2 Co., Ltd.",BANDAI NAMCO Entertainment,7336,1365,9.89,29.99,67,11,750000.0,8701,84.31
448630,Rabiez: Epidemic,Sekerin Productions,New Reality Games,96,131,1.99,1.99,0,0,750000.0,227,42.29
2095300,Breakout 13,ALT Lab,ALT Lab,6283,865,9.99,9.99,0,22,750000.0,7148,87.9
326960,Killing Floor - Toy Master,"David Hensley, Alex Quick",Tripwire Interactive,35,3,0.0,0.0,0,0,750000.0,38,92.11
94400,Nidhogg,Messhof,Messhof,6909,776,9.99,9.99,0,6,750000.0,7685,89.9
248860,NEO Scavenger,Blue Bottle Games,Blue Bottle Games,4693,536,14.99,14.99,0,29,750000.0,5229,89.75
1235140,Yakuza: Like a Dragon,RGG Studio,SEGA,31409,1853,19.99,19.99,0,470,750000.0,33262,94.43
1562700,SANABI,WONDER POTION,NEOWIZ,35011,943,14.99,14.99,0,160,750000.0,35954,97.38
764790,The Messenger,Sabotage,Devolver Digital,11059,801,19.99,19.99,0,35,750000.0,11860,93.25
320040,Moon Hunters,Kitfox Games,Kitfox Games,3975,1120,14.99,14.99,0,2,750000.0,5095,78.02
231160,The Swapper,"Olli Harjola, Otto Hantula, Tom Jubert, Carlo Castellano",Facepalm Games,6929,440,14.99,14.99,0,6,750000.0,7369,94.03
1206610,Rubber Bandits,Flashbulb,Flashbulb,5454,973,9.99,9.99,0,54,750000.0,6427,84.86
2144740,Ghostrunner 2,One More Level,505 Games,7676,1840,7.99,39.99,80,64,750000.0,9516,80.66
799960,Wizard101,KingsIsle Entertainment,"KingsIsle Entertainment, gamigo group",6721,1475,0.0,0.0,0,712,750000.0,8196,82.0
1021210,Cyber Knights: Flashpoint,Trese Brothers,Trese Brothers,1042,55,19.79,29.99,34,527,750000.0,1097,94.99
343780,Cat Goes Fishing,Cat5Games,,13316,840,6.99,6.99,0,117,750000.0,14156,94.07
1142500,Fun with Ragdolls: The Game,Jadon Barnes,Fun & Simple,4341,614,14.99,14.99,0,37,750000.0,4955,87.61
234080,Castlevania: Lords of Shadow – Ultimate Edition,"MercurySteam, Climax Studios",KONAMI,7529,1790,29.99,29.99,0,38,750000.0,9319,80.79
994730,Banner of the Maid,Azure Flame Studio,2P Games,6854,984,16.99,16.99,0,57,750000.0,7838,87.45
745920,Temtem,Crema,Balor Games,31828,7113,44.99,44.99,0,200,750000.0,38941,81.73
281610,Homeworld: Deserts of Kharak,Blackbird Interactive,"Gearbox Publishing, 2K",6789,1730,49.99,49.99,0,23,750000.0,8519,79.69
2488620,F1 24,Codemasters,Electronic Arts,11826,4370,69.99,69.99,0,2067,750000.0,16196,73.02
1064610,Neon Beats,OKYO GAMES,"OKYO GAMES, Dear Villagers",6221,287,0.0,0.0,0,2,750000.0,6508,95.59
2600,Vampire: The Masquerade - Bloodlines,Troika Games,Activision,13141,727,9.99,19.99,50,104,750000.0,13868,94.76
242880,"Sir, You Are Being Hunted",Big Robot Ltd,Big Robot Ltd,3019,868,9.99,19.99,50,0,750000.0,3887,77.67
598980,The Coin Game,devotid,Kwalee,5184,234,19.99,19.99,0,34,750000.0,5418,95.68
616560,Ultimate Epic Battle Simulator,Brilliant Game Studios,Brilliant Game Studios,9304,2851,14.99,14.99,0,17,750000.0,12155,76.54
371970,Barony,Turning Wheel LLC,Turning Wheel LLC,9725,786,19.99,19.99,0,390,750000.0,10511,92.52
718670,Cultist Simulator,Weather Factory,Weather Factory,10292,2711,19.99,19.99,0,582,750000.0,13003,79.15
443810,This Is the Police,Weappy Studio,THQ Nordic,8820,1832,14.99,14.99,0,55,750000.0,10652,82.8
401680,POSTAL Redux,Running With Scissors,Running With Scissors,6216,549,8.99,8.99,0,14,750000.0,6765,91.88
202200,Galactic Civilizations II: Ultimate Edition,Stardock Entertainment,Stardock Entertainment,1269,381,9.99,9.99,0,22,750000.0,1650,76.91
40100,Supreme Commander 2,Gas Powered Games,Square Enix,10975,1456,12.99,12.99,0,182,750000.0,12431,88.29
1402020,SCP: Labrat,Bezbro Games,Bezbro Games,3294,710,0.0,0.0,0,21,750000.0,4004,82.27
1238020,Mass Effect 3 N7 Digital Deluxe Edition (2012),BioWare,Electronic Arts,1922,635,29.99,29.99,0,24,750000.0,2557,75.17
576120,Purgatory II,"New Reality Games, Eduard Mirica",New Reality Games,19,27,1.99,1.99,0,1,750000.0,46,41.3
2820,X3: Terran Conflict,Egosoft,Egosoft,2383,408,3.19,15.99,80,32,750000.0,2791,85.38
1243830,Overcooked! All You Can Eat,"Team17 Digital, Ghost Town Games",Team17 Digital,4457,1684,39.99,39.99,0,325,750000.0,6141,72.58
418500,Rising Storm 2: Vietnam,"Antimatter Games, Tripwire Interactive",Tripwire Interactive,21844,5410,24.99,24.99,0,0,750000.0,27254,80.15
2707900,NIGHT-RUNNERS PROLOGUE,PLANET JEM,PLANET JEM,17531,884,0.0,0.0,0,107,750000.0,18415,95.2
382120,Journey To The Center Of The Earth,InSayn,InSayn,480,216,0.0,0.0,0,0,750000.0,696,68.97
459220,Halo Wars: Definitive Edition,"Ensemble Studios, Behaviour Interactive, 343 Industries",Xbox Game Studios,7788,761,19.99,19.99,0,187,750000.0,8549,91.1
1180660,Tell Me Why,DONTNOD Entertainment,Xbox Game Studios,11457,2426,0.0,0.0,0,328,750000.0,13883,82.53
39150,FINAL FANTASY VIII,Square Enix,Square Enix,8005,1067,11.99,11.99,0,99,750000.0,9072,88.24
220780,Thomas Was Alone,Bithell Games,Bithell Games,8685,582,9.99,9.99,0,2,750000.0,9267,93.72
335670,LISA: The Painful,Dingaling Productions,Serenity Forge,13949,644,19.99,19.99,0,23,750000.0,14593,95.59
1227690,Severed Steel,Greylock Studio,Greylock Studio,6798,315,24.99,24.99,0,69,750000.0,7113,95.57
927350,Hood: Outlaws & Legends,Sumo Digital,Focus Entertainment,3675,4009,0.0,0.0,0,0,750000.0,7684,47.83
587620,Okami HD,"CAPCOM Co., Ltd.","CAPCOM Co., Ltd.",9054,775,19.99,19.99,0,80,750000.0,9829,92.12
405900,Disgaea PC,"Nippon Ichi Software, Inc.","NIS America, Inc.",4021,588,19.99,19.99,0,43,750000.0,4609,87.24
18500,Defense Grid: The Awakening,Hidden Path Entertainment,Hidden Path Entertainment,4946,196,9.99,9.99,0,55,750000.0,5142,96.19
351030,Pixel Puzzles Ultimate Jigsaw Puzzles,Pixel Puzzles,Pixel Puzzles,2018,659,0.0,0.0,0,69,750000.0,2677,75.38
302590,Of Guards And Thieves,"Subvert Games, Polygon Moon","Subvert Games, Polygon Moon",3697,631,0.0,0.0,0,14,750000.0,4328,85.42
369990,"Gremlins, Inc.",Charlie Oscar Lima Tango Interactive Entertainment,Small Fish Big Dreams,7065,1324,19.99,19.99,0,128,750000.0,8389,84.22
11450,Overlord,Triumph Studios,"Codemasters, Electronic Arts",5954,410,4.99,4.99,0,27,750000.0,6364,93.56
954850,Kerbal Space Program 2,Intercept Games,Private Division,8683,20701,49.99,49.99,0,62,750000.0,29384,29.55
1046030,ISLANDERS,"Coatsink, GrizzlyGames, Stage Clear Studios",Coatsink,15434,882,4.99,4.99,0,46,750000.0,16316,94.59
293260,Card Hunter,The Knights of Unity,The Knights of Unity,4487,749,0.0,0.0,0,30,750000.0,5236,85.7
1677770,The Case of the Golden Idol,Color Gray Games,Playstack,8464,152,17.99,17.99,0,51,750000.0,8616,98.24
506140,Shop Heroes,"Cloudcade, Inc.","Cloudcade, Inc.",2458,1220,0.0,0.0,0,53,750000.0,3678,66.83
39510,Gothic II: Gold Edition,Piranha Bytes,THQ Nordic,14520,987,19.99,19.99,0,404,750000.0,15507,93.64
1182620,Impostor Factory,Freebird Games,Freebird Games,11287,486,9.99,9.99,0,12,750000.0,11773,95.87
429570,The Walking Dead: Michonne - A Telltale Miniseries,Telltale Games,Skybound Games,6038,1523,14.99,14.99,0,11,750000.0,7561,79.86
622650,Bendy and the Ink Machine,Joey Drew Studios,Joey Drew Studios,26052,3238,19.99,19.99,0,86,750000.0,29290,88.95
1367550,Kingdom Rush Vengeance - Tower Defense,Ironhide Game Studio,Ironhide Game Studio,9248,545,19.99,19.99,0,192,750000.0,9793,94.43
1611600,WARNO,Eugen Systems,Eugen Systems,10303,2368,39.99,39.99,0,873,750000.0,12671,81.31
421050,Deponia Doomsday,Daedalic Entertainment,Daedalic Entertainment,3291,551,1.99,19.99,90,9,750000.0,3842,85.66
2230410,Eaten by Darkness,Black Cardioid Games,Black Cardioid Games,3,7,0.99,0.99,0,0,750000.0,10,30.0
1182900,A Plague Tale: Requiem,Asobo Studio,Focus Entertainment,18772,1838,49.99,49.99,0,136,750000.0,20610,91.08
613830,CHRONO TRIGGER,Square Enix,Square Enix,9887,1313,14.99,14.99,0,172,750000.0,11200,88.28
375510,New kind of adventure,Mint Age Studios,Back To Basics Gaming,632,881,1.99,1.99,0,0,750000.0,1513,41.77
505230,Pathologic 2,Ice-Pick Lodge,tinyBuild,10034,881,34.99,34.99,0,77,750000.0,10915,91.93
270570,Reversion - The Escape (1st Chapter),3f Interactive,3f Interactive,1196,346,0.99,0.99,0,0,750000.0,1542,77.56
712100,A Total War Saga: THRONES OF BRITANNIA,"CREATIVE ASSEMBLY, Feral Interactive (Mac), Feral Interactive (Linux)","SEGA, Feral Interactive (Mac), Feral Interactive (Linux)",9929,4218,19.99,19.99,0,232,750000.0,14147,70.18
1012790,Into the Radius VR,CM IMMERSIVE,CM IMMERSIVE,10089,694,29.99,29.99,0,33,750000.0,10783,93.56
504130,Manual Samuel - Last Tuesday Edition,Perfectly Paranormal,Curve Games,2796,575,1.99,9.99,80,21,750000.0,3371,82.94
253430,CastleMiner Z,DigitalDNA Games,DigitalDNA Games,8711,2068,5.99,5.99,0,46,750000.0,10779,80.81
2129810,Reignbreaker,Studio Fizbin,Thunderful Publishing,253,47,3.99,9.99,60,3,750000.0,300,84.33
1948980,Hero's Adventure: Road to Passion,半瓶醋工作室（Half Amateur Studio）,XD,18717,3489,17.99,17.99,0,963,750000.0,22206,84.29
451880,Catch a Falling Star,Alister Software,Back To Basics Gaming,463,177,1.99,1.99,0,0,750000.0,640,72.34
597220,West of Loathing,Asymmetric,Asymmetric,9536,222,10.99,10.99,0,53,750000.0,9758,97.72
647830,LEGO Marvel Super Heroes 2,"TT Games, Feral Interactive (Mac)","Warner Bros. Interactive, Feral Interactive (Mac)",7937,1221,19.99,19.99,0,144,750000.0,9158,86.67
536280,Disintegration,V1 Interactive,Untold Tales,360,346,29.99,29.99,0,0,750000.0,706,50.99
552620,ATOM RPG: Post-apocalyptic indie game,AtomTeam,AtomTeam,8888,1887,14.99,14.99,0,75,750000.0,10775,82.49
31290,Back to the Future: The Game,Telltale Games,Telltale Games,2052,271,0.0,0.0,0,1,750000.0,2323,88.33
621830,WRC 7 FIA World Rally Championship,KT Racing,Nacon,9957,2327,19.99,19.99,0,484,750000.0,12284,81.06
364050,Face It - A game to fight inner demons,"Tlön Studios, Ilex Games",Gamestorming,940,304,3.99,3.99,0,0,750000.0,1244,75.56
2060130,Return to Monkey Island,Terrible Toybox,Devolver Digital,7805,713,24.99,24.99,0,20,750000.0,8518,91.63
15700,Oddworld: Abe's Oddysee,Oddworld Inhabitants,Oddworld Inhabitants,3716,639,2.99,2.99,0,7,750000.0,4355,85.33
1414850,Nickelodeon All-Star Brawl,"Ludosity, Fair Play Labs",GameMill Entertainment,3942,1615,49.99,49.99,0,12,750000.0,5557,70.94
1794960,Sonic Origins,Sonic Team,SEGA,3563,1323,29.99,29.99,0,43,750000.0,4886,72.92
265300,Lords Of The Fallen 2014,"CI Games, Deck 13",CI Games,11754,8141,29.99,29.99,0,18,750000.0,19895,59.08
816090,Space Hulk: Deathwing Enhanced Edition,Streum On Studio,Focus Entertainment,7233,2757,2.99,29.99,90,46,750000.0,9990,72.4
1279610,PrprLive,1-reality,1-reality,978,439,0.0,0.0,0,46,750000.0,1417,69.02
1180380,Stay Out,MOBITECH LLC,MOBITECH LLC,16994,8906,0.0,0.0,0,995,750000.0,25900,65.61
482920,Hero Zero,Playata GmbH,RogueWare,3034,666,0.0,0.0,0,143,750000.0,3700,82.0
1434950,HighFleet,Konstantin Koshutin,MicroProse Software,5845,738,29.99,29.99,0,51,750000.0,6583,88.79
1676840,For The King II,IronOak Games,Curve Games,8827,3999,8.49,24.99,66,374,750000.0,12826,68.82
15120,Tom Clancy's Rainbow Six Vegas 2,Ubisoft Montreal,Ubisoft,4861,871,9.99,9.99,0,20,750000.0,5732,84.8
1182020,WGT Golf,"World Golf Tour, LLC","World Golf Tour, LLC",1820,1091,0.0,0.0,0,311,750000.0,2911,62.52
934700,Dead Island 2,Dambuster Studios,Deep Silver,10392,2983,49.99,49.99,0,1023,750000.0,13375,77.7
253230,A Hat in Time,Gears for Breakfast,"Gears for Breakfast, Balor Games",50577,1110,29.99,29.99,0,131,750000.0,51687,97.85
533780,Zombie Defense,Home Net Games,Home Net Games,1811,346,0.0,0.0,0,13,750000.0,2157,83.96
632350,Cyberdimension Neptunia: 4 Goddesses Online,"IDEA FACTORY, COMPILE HEART, TAMSOFT",Idea Factory International,4067,596,29.99,29.99,0,6,750000.0,4663,87.22
230190,War for the Overworld,Brightrock Games,"Mythwright, Brightrock Games",6735,1102,29.99,29.99,0,59,750000.0,7837,85.94
1408680,Nine to Five,Redhill Games,Redhill Games,1541,1759,0.0,0.0,0,0,750000.0,3300,46.7
2200,Quake III Arena,id Software,Bethesda Softworks,3600,153,14.99,14.99,0,17,750000.0,3753,95.92
604240,Shotgun Farmers,Megastorm Games,Megastorm Games,9140,707,3.99,9.99,60,21,750000.0,9847,92.82
2088570,Tiny Rogues,RubyDev,RubyDev,9445,310,9.99,9.99,0,165,750000.0,9755,96.82
1331550,Big Ambitions,Hovgaard Games,Hovgaard Games,9952,760,25.99,25.99,0,460,750000.0,10712,92.91
224960,Tomb Raider I (1996),Core Design,Crystal Dynamics,3877,664,6.99,6.99,0,8,750000.0,4541,85.38
250600,The Plan,Krillbite Studio,Krillbite Studio,21304,1783,0.0,0.0,0,2,750000.0,23087,92.28
6840,Commandos 3: Destination Berlin,Pyro Studios,Kalypso Media Digital,681,407,2.24,4.99,55,6,750000.0,1088,62.59
601840,Griftlands,Klei Entertainment,Klei Entertainment,13088,862,19.99,19.99,0,74,750000.0,13950,93.82
32510,LEGO Star Wars III - The Clone Wars,Traveller's Tales,"LucasArts, Lucasfilm, Disney",8031,450,19.99,19.99,0,160,750000.0,8481,94.69
2334730,Death Must Die,Realm Archive,Realm Archive,18498,1829,6.99,6.99,0,499,750000.0,20327,91.0
268130,Heat Signature,Suspicious Developments,Suspicious Developments,6756,390,14.99,14.99,0,21,750000.0,7146,94.54
22490,Fallout: New Vegas,Obsidian Entertainment,Bethesda Softworks,46753,2153,9.99,9.99,0,318,750000.0,48906,95.6
1097200,Twelve Minutes,Luis Antonio,Annapurna Interactive,5394,2011,24.99,24.99,0,26,750000.0,7405,72.84
298180,The Desolate Hope,Scott Cawthon,Scott Cawthon,1508,131,0.0,0.0,0,2,750000.0,1639,92.01
692890,Roboquest,RyseUp Studios,RyseUp Studios,20701,988,24.99,24.99,0,429,750000.0,21689,95.44
396160,Secret Of Magia,,Senpai Industrial Studios,463,445,1.99,1.99,0,1,750000.0,908,50.99
449680,SAMOLIOTIK,"Volens Nolens Games, Nikita P. Chiril G.",Volens Nolens Games,2475,446,1.49,29.99,95,6,750000.0,2921,84.73
429470,Space Pilgrim Episode I: Alpha Centauri,"Pilgrim Adventures, GrabTheGames Studios","GrabTheGames, TheGamesFortress",1101,149,0.0,0.0,0,1,750000.0,1250,88.08
242680,Nuclear Throne,Vlambeer,Vlambeer,17279,700,11.99,11.99,0,103,750000.0,17979,96.11
790740,Tick Tock: A Tale for Two,Other Tales Interactive,Other Tales Interactive,9497,1559,5.99,5.99,0,24,750000.0,11056,85.9
213850,Magic 2014 — Duels of the Planeswalkers,Stainless Games,Wizards of the Coast LLC,3783,796,0.0,0.0,0,16,750000.0,4579,82.62
334920,Zero-K,Zero-K Team,Zero-K Team,3678,244,0.0,0.0,0,96,750000.0,3922,93.78
385080,Guardians of Victoria,Tall Story Studios,New Reality Games,248,193,1.99,1.99,0,0,750000.0,441,56.24
8800,Civilization IV: Beyond the Sword,Firaxis Games,2K,4423,169,5.99,29.99,80,1395,750000.0,4592,96.32
398850,Epistory - Typing Chronicles,Fishing Cactus,"Fishing Cactus, PID Games, Dear Villagers",6235,346,14.99,14.99,0,8,750000.0,6581,94.74
2273430,BlazBlue Entropy Effect,91Act,"91Act, Astrolabe Games",28794,1496,19.99,19.99,0,1099,750000.0,30290,95.06
323060,Tharsis,Choice Provisions,Choice Provisions,1737,739,7.49,14.99,50,2,750000.0,2476,70.15
1056600,Home Sweet Home : Survive,YGGDRAZIL GROUP PUBLIC COMPANY LIMITED,Shift Now,4561,3669,0.0,0.0,0,1,750000.0,8230,55.42
2828860,The Forever Winter,Fun Dog Studios,Fun Dog Studios,13766,5280,29.99,29.99,0,379,750000.0,19046,72.28
98200,Frozen Synapse,Mode 7,Mode 7,2152,447,24.99,24.99,0,1,750000.0,2599,82.8
47400,Stronghold 3 Gold,Firefly Studios,Firefly Studios,1514,3139,29.99,29.99,0,6,750000.0,4653,32.54
233980,UnEpic,@unepic_fran,Unepic Games,7297,687,12.99,12.99,0,9,750000.0,7984,91.4
667530,Drunken Wrestlers 2,Oleg Skutte,WAYONE GAMES,15326,2256,3.99,3.99,0,57,750000.0,17582,87.17
1895880,Ratchet & Clank: Rift Apart,"Insomniac Games, Nixxes Software",PlayStation Publishing LLC,12370,1307,59.99,59.99,0,95,750000.0,13677,90.44
384180,Prominence Poker,Pipeworks Studios,Jagex Ltd,6733,1305,0.0,0.0,0,158,750000.0,8038,83.76
353380,Steam Link,,Anima Locus,5693,1722,0.0,0.0,0,1,750000.0,7415,76.78
11610,Dragon Nest,Eyedentity Games Inc.,Eyedentity Games Inc.,1651,634,0.0,0.0,0,11,750000.0,2285,72.25
769560,月圆之夜 (Night of Full Moon),Giant Games,Giant Games,8648,1784,0.0,0.0,0,487,750000.0,10432,82.9
287920,Mortal Online,Star Vault AB,Star Vault AB,1545,1410,0.0,0.0,0,3,750000.0,2955,52.28
453090,Parkitect,Texel Raptor,Texel Raptor,7142,418,11.99,29.99,60,74,750000.0,7560,94.47
695630,Chinese Paladin：Sword and Fairy,SOFTSTAR TECHNOLOGY(BEIJING),"SOFTSTAR TECHNOLOGY(BEIJING), SOFTSTAR ENTERTAINMENT",1188,1220,4.99,4.99,0,21,750000.0,2408,49.34
933820,Endzone - A World Apart,Gentlymad Studios,"Assemble Entertainment, WhisperGames",7276,2180,24.99,24.99,0,99,750000.0,9456,76.95
438020,AI: Rampage,Sekerin Productions,New Reality Games,206,314,1.99,1.99,0,1,750000.0,520,39.62
3020,Call of Juarez,Techland,Techland Publishing,3221,789,1.99,9.99,80,14,750000.0,4010,80.32
4770,Rome: Total War - Alexander,The Creative Assembly,SEGA,658,210,0.0,0.0,0,18,750000.0,868,75.81
498240,Batman - The Telltale Series,Telltale,Telltale,13757,2131,14.99,14.99,0,63,750000.0,15888,86.59
12710,Overlord: Raising Hell,Triumph Studios,"Codemasters, Electronic Arts",2175,166,9.99,9.99,0,18,750000.0,2341,92.91
1170880,Grimm's Hollow,ghosthunter,ghosthunter,13689,194,0.0,0.0,0,4,750000.0,13883,98.6
410340,Liftoff: FPV Drone Racing,LuGus Studios,LuGus Studios,10535,572,19.99,19.99,0,423,750000.0,11107,94.85
214190,Minimum,,"Atari Inc., Cubed Productions LLC",2405,1590,0.0,0.0,0,0,750000.0,3995,60.2
341310,Greyfox RPG,Lesley Dodd,Senpai Industrial Studios,1380,458,1.99,1.99,0,1,750000.0,1838,75.08
667720,Red Faction Guerrilla Re-Mars-tered,"Volition, KAIKO",Deep Silver,3257,817,19.99,19.99,0,20,750000.0,4074,79.95
495910,Dungeon Fighter Online,Neople,Neople,3397,2141,0.0,0.0,0,173,750000.0,5538,61.34
1645820,SurrounDead,Zurvivor,PlaySurrounDead,7347,853,11.99,11.99,0,1870,750000.0,8200,89.6
227180,Kingdom Wars,Reverie World Studios,Space Bullet Dynamics Corporation,1871,908,0.0,0.0,0,3,750000.0,2779,67.33
597760,Yuppie Psycho: Executive Edition,Baroque Decay,"Neon Doctrine, Raw Fury",8015,429,5.94,16.99,65,28,750000.0,8444,94.92
486310,Meadow - A Shelter Game,Might and Delight,Might and Delight,5283,626,6.99,6.99,0,7,750000.0,5909,89.41
1488200,Symphony of War: The Nephilim Saga,Dancing Dragon Games,Dancing Dragon Games,12253,699,19.99,19.99,0,409,750000.0,12952,94.6
108200,Ticket to Ride: Classic Edition,Days of Wonder,"Days of Wonder, Twin Sails Interactive",4628,755,0.0,0.0,0,100,750000.0,5383,85.97
2270,Wolfenstein 3D,id Software,Bethesda Softworks,3662,258,4.99,4.99,0,10,750000.0,3920,93.42
1649080,Two Point Campus,Two Point Studios,SEGA,5711,823,29.99,29.99,0,191,750000.0,6534,87.4
1144400,Senren＊Banka,YUZUSOFT,"HIKARI FIELD, NekoNyan Ltd.",30868,358,34.99,34.99,0,406,750000.0,31226,98.85
249590,Teslagrad,Rain Games,Rain Games,2050,380,9.99,9.99,0,0,750000.0,2430,84.36
572890,Pikuniku,"Arnaud De Bock, Rémi Forcadell, Alan Zucconi, Calum Bowen, Sectordub",Devolver Digital,9576,425,12.99,12.99,0,48,750000.0,10001,95.75
219780,Divinity II: Developer's Cut,Larian Studios,"Larian Studios, Focus Home Interactive",4058,742,19.99,19.99,0,22,750000.0,4800,84.54
444480,Broken Dreams,Mihai Morosanu,New Reality Games,340,143,1.99,1.99,0,0,750000.0,483,70.39
1608070,CRISIS CORE –FINAL FANTASY VII– REUNION,"Square Enix, TOSE CO., LTD.",Square Enix,6667,751,49.99,49.99,0,59,750000.0,7418,89.88
1071870,Biped,NEXT Studios,"NEXT Studios, META Publishing",7597,1225,14.99,14.99,0,300,750000.0,8822,86.11
874240,MU Legend,VALOFE,VALOFE,1827,1876,0.0,0.0,0,0,750000.0,3703,49.34
1766740,Choo-Choo Charles,Two Star Games,Two Star Games,14293,1372,1.99,19.99,90,31,750000.0,15665,91.24
1448530,Soccer Manager 2021,Invincibles Studio Ltd,Invincibles Studio Ltd,1546,528,0.0,0.0,0,25,750000.0,2074,74.54
1330470,F.I.S.T.: Forged In Shadow Torch,TiGames,Astrolabe Games,5700,803,15.99,15.99,0,11,750000.0,6503,87.65
1273400,Construction Simulator,weltenbauer. Software Entwicklung GmbH,astragon Entertainment,9193,1967,24.99,24.99,0,310,750000.0,11160,82.37
1106850,Totally Reliable Delivery Service Beta,We're Five Games,tinyBuild,3081,476,0.0,0.0,0,0,750000.0,3557,86.62
1372810,Teamfight Manager,Team Samoyed,Team Samoyed,4843,728,9.99,9.99,0,123,750000.0,5571,86.93
1437880,Heroes of the Three Kingdoms 7,"USERJOY Technology Co.,Ltd.","USERJOY Technology Co.,Ltd., Phoenix Game",2289,552,6.99,6.99,0,323,750000.0,2841,80.57
950100,PRO EVOLUTION SOCCER 2019 LITE,Konami Digital Entertainment,Konami Digital Entertainment,1562,989,0.0,0.0,0,0,750000.0,2551,61.23
438640,LEGO STAR WARS: The Force Awakens,"Traveller's Tales, TT Games, Feral Interactive (Mac)","Warner Bros. Interactive Entertainment, Feral Interactive (Mac)",5606,1074,19.99,19.99,0,28,750000.0,6680,83.92
458710,Kingdom Rush Frontiers - Tower Defense,Ironhide Game Studio,Ironhide Game Studio,9103,305,9.99,9.99,0,185,750000.0,9408,96.76
291410,Duelyst,Counterplay Games Inc.,BANDAI NAMCO Entertainment America,3899,834,0.0,0.0,0,0,750000.0,4733,82.38
611670,The Elder Scrolls V: Skyrim VR,Bethesda Game Studios,Bethesda Softworks,8615,2843,59.99,59.99,0,241,750000.0,11458,75.19
588030,Derail Valley,Altfuture,Altfuture,7100,275,39.99,39.99,0,328,750000.0,7375,96.27
356570,Party Hard,"Pinokl Games, Kverta",tinyBuild,10405,1137,9.99,9.99,0,39,750000.0,11542,90.15
274290,Gods Will Be Watching,Deconstructeam,Devolver Digital,2030,851,9.99,9.99,0,2,750000.0,2881,70.46
7600,Sid Meier's Railroads!,"Firaxis Games, Feral Interactive (Mac)","2K, Feral Interactive (Mac)",2301,950,9.99,9.99,0,73,750000.0,3251,70.78
290300,Rebel Galaxy,Double Damage Games,"Double Damage Games, SNEG",6869,1191,19.99,19.99,0,24,750000.0,8060,85.22
1421250,Tiny Bunny,"Saikono, Sokar",Saikono,18916,692,10.99,10.99,0,37,750000.0,19608,96.47
513590,So Many Cubes,exagongames,NewRealityGames,53,119,1.99,1.99,0,0,750000.0,172,30.81
882790,Fate Seeker,JSL Entertainment,"JSL Entertainment, Phoenix Game",12053,1215,21.09,21.09,0,25,750000.0,13268,90.84
897330,Coloring Pixels,ToastieLabs,ToastieLabs,7622,297,0.0,0.0,0,505,750000.0,7919,96.25
2187290,Wall World,Alawar,Alawar,9127,874,1.04,6.99,85,83,750000.0,10001,91.26
229480,Dungeons & Dragons: Chronicles of Mystara,Iron Galaxy Studios,Capcom,1488,339,14.99,14.99,0,4,750000.0,1827,81.44
239120,Final Fantasy III (3D Remake),Square Enix,Square Enix,2731,583,15.99,15.99,0,48,750000.0,3314,82.41
480430,Hide and Shriek,Funcom,Funcom,4324,914,0.0,0.0,0,8,750000.0,5238,82.55
363490,Escape Machines,Mint Age Studios,Back To Basics Gaming,280,402,1.99,1.99,0,0,750000.0,682,41.06
814370,Monster Sanctuary,moi rai games,Team17,10468,971,19.99,19.99,0,166,750000.0,11439,91.51
619150,while True: learn(),Luden.io,Luden.io,6967,651,7.79,12.99,40,11,750000.0,7618,91.45
222940,THE KING OF FIGHTERS XIII STEAM EDITION,SNK CORPORATION,SNK CORPORATION,9351,1127,0.0,0.0,0,29,750000.0,10478,89.24
44340,Operation Flashpoint: Red River,Codemasters Action Studio,Codemasters,787,723,0.0,0.0,0,1,750000.0,1510,52.12
13560,Tom Clancy's Splinter Cell,Ubisoft,Ubisoft,2951,413,9.99,9.99,0,15,750000.0,3364,87.72
315210,Suicide Squad: Kill the Justice League,Rocksteady Studios,Warner Bros. Games,9370,5371,69.99,69.99,0,159,750000.0,14741,63.56
454200,Neon Hardcorps,Sergey Dovganovskiy,Back To Basics Gaming,145,159,1.99,1.99,0,3,750000.0,304,47.7
307290,Velvet Sundown,Tribe Studios,Tribe Studios,1064,704,0.0,0.0,0,5,750000.0,1768,60.18
1374490,RuneScape: Dragonwilds,Jagex Ltd,"Jagex Ltd, H2 Interactive Co., Ltd., Graph",15430,2970,29.99,29.99,0,851,750000.0,18400,83.86
1458140,Pacific Drive,Ironwood Studios,Kepler Interactive,17126,3370,29.99,29.99,0,406,750000.0,20496,83.56
2515020,FINAL FANTASY XVI,Square Enix,Square Enix,18243,4800,49.99,49.99,0,737,750000.0,23043,79.17
303210,The Beginner's Guide,Everything Unlimited Ltd.,"Everything Unlimited Ltd., Klei Publishing",19369,2633,9.99,9.99,0,7,750000.0,22002,88.03
3480,Peggle Deluxe,"PopCap Games, Inc.","PopCap Games, Inc., Electronic Arts",10634,278,4.99,4.99,0,291,750000.0,10912,97.45
734750,PickCrafter,Fiveamp,Fiveamp,5965,933,0.0,0.0,0,97,750000.0,6898,86.47
314650,SpaceEngine,Cosmographic Software,Cosmographic Software,12102,515,29.99,29.99,0,143,750000.0,12617,95.92
6370,Bloodline Champions,Stunlock Studios,Stunlock Studios,1455,247,0.0,0.0,0,3,750000.0,1702,85.49
289690,LARA CROFT AND THE TEMPLE OF OSIRIS,Crystal Dynamics,Crystal Dynamics,2859,1353,19.99,19.99,0,3,750000.0,4212,67.88
1787090,MyDockFinder,MyDockFinder,MyDockFinder,3981,1561,4.99,4.99,0,2384,750000.0,5542,71.83
277590,Assassin's Creed Freedom Cry,Ubisoft Montreal,Ubisoft,2024,612,14.99,14.99,0,13,750000.0,2636,76.78
33100,Alien Shooter,Sigma Team Inc.,Sigma Team Inc.,4079,206,4.99,4.99,0,26,750000.0,4285,95.19
2457220,Avowed,Obsidian Entertainment,Xbox Game Studios,7522,2135,49.99,49.99,0,157,750000.0,9657,77.89
1577120,The Quarry,Supermassive Games,2K Games,15732,3533,59.99,59.99,0,256,750000.0,19265,81.66
8140,Tomb Raider: Underworld,Crystal Dynamics,Crystal Dynamics,4748,1438,8.99,8.99,0,19,750000.0,6186,76.75
1281630,Anno 1404 - History Edition,Ubisoft Mainz,Ubisoft,2484,564,14.99,14.99,0,260,750000.0,3048,81.5
1403370,Zenith: Nexus,Ramen VR,Ramen VR,3031,1459,0.0,0.0,0,1,750000.0,4490,67.51
469820,Genital Jousting,Free Lives,Devolver Digital,10124,880,6.99,6.99,0,6,750000.0,11004,92.0
637100,Sonic Forces,"Sonic Team, Hardlight",SEGA,4733,3217,39.99,39.99,0,16,750000.0,7950,59.53
70300,VVVVVV,Terry Cavanagh,Terry Cavanagh,9720,377,4.99,4.99,0,11,750000.0,10097,96.27
266210,One Way Heroics,Smoking WOLF,PLAYISM,3816,239,1.08,3.49,69,13,750000.0,4055,94.11
70600,Worms Ultimate Mayhem,Team17 Digital Ltd,Team17 Digital Ltd,5169,669,14.99,14.99,0,23,750000.0,5838,88.54
2108180,Swordhaven: Iron Conspiracy,AtomTeam,AtomTeam,190,32,24.99,24.99,0,4,750000.0,222,85.59
322190,SteamWorld Heist,Image & Form Games,Image & Form Games,5622,390,2.24,14.99,85,27,750000.0,6012,93.51
1216710,Cyber Manhunt,Aluba Van+,"摸鱼游戏, Aluba Van+",13720,1000,9.99,9.99,0,38,750000.0,14720,93.21
1401590,Disney Dreamlight Valley,Gameloft,Gameloft,19111,1682,39.99,39.99,0,3587,750000.0,20793,91.91
1282590,Train Sim World 2,Dovetail Games,Dovetail Games - TSW,6650,1512,19.99,19.99,0,36,750000.0,8162,81.48
422250,ShipLord,EGAMER,SA Industry,519,312,4.99,4.99,0,1,750000.0,831,62.45
928600,F1 2019,Codemasters,"Codemasters, Electronic Arts",19965,2263,0.0,0.0,0,66,750000.0,22228,89.82
1115690,"Yes, Your Grace",Brave At Night,No More Robots,10269,1493,19.99,19.99,0,36,750000.0,11762,87.31
1111460,小白兔电商~Bunny e-Shop,"落叶岛项目组, 橘子班",NVLMaker,9575,614,10.99,10.99,0,10,750000.0,10189,93.97
3330,Zuma Deluxe,"PopCap Games, Inc.","PopCap Games, Inc., Electronic Arts",5144,253,4.99,4.99,0,658,750000.0,5397,95.31
1364100,Lacuna – A Sci-Fi Noir Adventure,DigiTales Interactive,"Assemble Entertainment, WhisperGames, Mayflower Entertainment",2273,198,15.99,15.99,0,3,750000.0,2471,91.99
1164940,Trepang2,Trepang Studios,Team17,13059,917,9.99,39.99,75,120,750000.0,13976,93.44
6870,Battlestations: Midway,Eidos Interactive,Square Enix,712,202,6.99,6.99,0,2,750000.0,914,77.9
300040,Divine Souls F2P MMO,GamePrix,Suba Games,439,442,0.0,0.0,0,0,750000.0,881,49.83
1294660,Divine Knockout (DKO),Red Beard Games,Hi-Rez Studios,4433,2198,0.0,0.0,0,0,750000.0,6631,66.85
674140,Bugsnax,Young Horses,Young Horses,7185,195,24.99,24.99,0,97,750000.0,7380,97.36
1373500,Mist of the Undead,"Hayden, Rothman","Hayden , Rothman",17,17,0.0,0.0,0,0,750000.0,34,50.0
394690,Tower Unite,PixelTail Games,PixelTail Games,18520,2114,19.99,19.99,0,282,750000.0,20634,89.75
474750,Reigns,Nerial,Devolver Digital,6917,1002,2.99,2.99,0,10,750000.0,7919,87.35
303610,Suicide Guy,Fabio Ferrara,Chubby Pixel,2391,322,0.77,5.99,87,7,750000.0,2713,88.13
1939970,Nobody Wants to Die,Critical Hit Games,"PLAION, Deep Silver",3236,516,24.99,24.99,0,56,750000.0,3752,86.25
1240210,There Is No Game: Wrong Dimension,Draw Me A Pixel,Draw Me A Pixel,22907,523,12.99,12.99,0,34,750000.0,23430,97.77
1227530,Partisans 1941,Alter Games,Daedalic Entertainment,6728,1458,29.99,29.99,0,49,750000.0,8186,82.19
298050,Master of Orion,NGD Studios,Wargaming Labs,6076,1842,24.99,24.99,0,305,750000.0,7918,76.74
999730,Secret Neighbor Beta,"Hologryph, Dynamic Pixels",tinyBuild,2263,450,0.0,0.0,0,0,750000.0,2713,83.41
553790,Once in Yaissor,Valera Entertainment,Valera Entertainment,1042,183,1.99,1.99,0,3,750000.0,1225,85.06
241560,The Crew,Ivory Tower in collaboration with Ubisoft Reflections,Ubisoft,10721,6318,0.0,0.0,0,3,750000.0,17039,62.92
408900,Unfortunate Spacemen,"Geoff 'Zag' Keene, Deep Field Games","Deep Field Games, New Blood Interactive",6463,1031,0.0,0.0,0,2,750000.0,7494,86.24
1150440,Aliens: Dark Descent,Tindalos Interactive,Focus Entertainment,13803,1847,39.99,39.99,0,276,750000.0,15650,88.2
1329500,SpiderHeck,Neverjam,tinyBuild,5171,416,5.99,14.99,60,66,750000.0,5587,92.55
1122750,异化之恶〇Abnormal Treatment,Eternal Dream,"Eternal Dream, 迷糊的安安",3414,88,0.0,0.0,0,4,750000.0,3502,97.49
513510,Intralism,KHB-Soft,KHB-Soft,4245,659,2.99,2.99,0,0,750000.0,4904,86.56
665360,Comedy Night,Lighthouse Games Studio,Lighthouse Games Studio,6822,2329,4.99,4.99,0,17,750000.0,9151,74.55
1049890,Little Witch Nobeta,Pupuya Games,"Pupuya Games, SimonCreative, Justdan",9374,1997,24.99,24.99,0,10,750000.0,11371,82.44
71250,Sonic Adventure DX,SEGA,SEGA,15415,1432,7.99,7.99,0,88,750000.0,16847,91.5
410210,Ampersand,PiGravity,Back To Basics Gaming,378,689,1.99,1.99,0,0,750000.0,1067,35.43
707030,POSTAL 4: No Regerts,Running With Scissors,Running With Scissors,8276,3543,19.99,19.99,0,21,750000.0,11819,70.02
1465460,Infection Free Zone,Jutsu Games,Games Operators,11530,3058,17.49,24.99,30,806,750000.0,14588,79.04
91700,E.Y.E: Divine Cybermancy,Streum On Studio,Streum On Studio,6505,1194,9.99,9.99,0,13,750000.0,7699,84.49
98400,Hard Reset Extended Edition,Flying Wild Hog,Good Shepherd Entertainment,3939,869,14.99,14.99,0,1,750000.0,4808,81.93
1874490,Potionomics,Voracious Games,"XSEED Games, Marvelous USA, Inc.",6067,636,24.99,24.99,0,55,750000.0,6703,90.51
324310,Bus Simulator 16,stillalive studios,astragon Entertainment,2624,1084,9.99,9.99,0,7,750000.0,3708,70.77
438180,Super Mustache,Redro Games,Back To Basics Gaming,470,173,1.99,1.99,0,0,750000.0,643,73.09
221260,Little Inferno,Tomorrow Corporation,Tomorrow Corporation,12216,668,8.99,14.99,40,22,750000.0,12884,94.82
586380,VITATIO 2,ColloseusX,Phat Phrog Studios,368,151,0.99,0.99,0,0,750000.0,519,70.91
39690,ArcaniA,Spellbound,THQ Nordic,1688,1338,19.99,19.99,0,7,750000.0,3026,55.78
327640,CaesarIA,rdt.32,rdt.32,840,599,0.0,0.0,0,1,750000.0,1439,58.37
378760,Pixel Starships,SavySoda,SavySoda,2008,724,0.0,0.0,0,163,750000.0,2732,73.5
1578650,Citizen Sleeper,Jump Over The Age,Fellow Traveller,7522,583,19.99,19.99,0,36,750000.0,8105,92.81
258520,The Vanishing of Ethan Carter,The Astronauts,The Astronauts,7805,1026,19.99,19.99,0,4,750000.0,8831,88.38
1903620,Killer Frequency,Team17,Team17,4185,273,24.99,24.99,0,25,750000.0,4458,93.88
321400,Supraball,Supra Games,Supra Games,2504,742,0.0,0.0,0,3,750000.0,3246,77.14
927380,Yakuza Kiwami 2,Ryu Ga Gotoku Studio,SEGA,15870,791,10.99,19.99,45,185,750000.0,16661,95.25
313690,LEGO Batman 3: Beyond Gotham,TT Games Ltd,WB Games,7792,949,19.99,19.99,0,76,750000.0,8741,89.14
420110,NEKOPARA Vol. 2,NEKO WORKs,Sekai Project,12222,376,9.99,9.99,0,14,750000.0,12598,97.02
1876890,Wandering Sword,The Swordman Studio,Spiral Up Games,29332,1588,17.49,24.99,30,1679,750000.0,30920,94.86
1110910,Mortal Shell,Cold Symmetry,Playstack,5956,2640,29.99,29.99,0,9,750000.0,8596,69.29
990630,The Last Campfire,Hello Games,Hello Games,14350,348,1.49,14.99,90,183,750000.0,14698,97.63
636150,Cyberhunt,NukGames,NukGames,1621,325,4.99,4.99,0,67,750000.0,1946,83.3
496240,Onward,Downpour Interactive,Downpour Interactive,6329,2886,24.99,24.99,0,30,750000.0,9215,68.68
362930,Garfield Kart,Artefacts Studio,Microids,12325,1734,4.99,4.99,0,44,750000.0,14059,87.67
293760,Automation - The Car Company Tycoon Game,Camshaft Software Ltd,Camshaft Software Ltd,13506,951,29.99,29.99,0,554,750000.0,14457,93.42
1281590,The Dark Pictures Anthology: House of Ashes,Supermassive Games,BANDAI NAMCO Entertainment Europe,7794,1010,29.99,29.99,0,44,750000.0,8804,88.53
964440,Hell is Others,"Strelka Games, Yonder",A List Games,858,290,14.99,14.99,0,1,750000.0,1148,74.74
2072450,Like a Dragon: Infinite Wealth,RGG Studio,SEGA,18253,1666,69.99,69.99,0,655,750000.0,19919,91.64
1436990,Feign,Teneke Kafalar,"Teneke Kafalar, Kwalee",4368,442,4.99,4.99,0,62,750000.0,4810,90.81
790820,Valkyria Chronicles 4 Complete Edition,SEGA,SEGA,5759,854,49.99,49.99,0,61,750000.0,6613,87.09
1241110,ANARCHY,NewProjekt,NewProjekt,26,20,0.0,0.0,0,0,750000.0,46,56.52
1840080,Homeworld 3,Blackbird Interactive,"Gearbox Publishing, 2K",3238,4791,59.99,59.99,0,32,750000.0,8029,40.33
535760,Unforgiving Trials: The Space Crusade,Amaterasu Software,Amaterasu Software,201,124,0.99,0.99,0,0,750000.0,325,61.85
1466640,Road 96 ,Digixart,Deep Silver,19660,1758,4.99,19.96,75,144,750000.0,21418,91.79
233840,Worms Clan Wars,Team17 Digital Ltd,Team17 Digital Ltd,2469,670,24.99,24.99,0,2,750000.0,3139,78.66
15170,Heroes of Might & Magic V,Nival,Ubisoft,3354,461,9.99,9.99,0,175,750000.0,3815,87.92
2620,Call of Duty (2003),Infinity Ward,Activision,6524,371,9.99,19.99,50,60,750000.0,6895,94.62
311260,The Guild 3,"Purple Lamp, GolemLabs",THQ Nordic,4587,2899,29.99,29.99,0,58,750000.0,7486,61.27
1000360,Hellish Quart,Kubold,Kubold,6524,720,17.99,17.99,0,45,750000.0,7244,90.06
809140,Cliff Empire,Lion's Shade,Lion's Shade,3723,541,17.99,17.99,0,13,750000.0,4264,87.31
12130,Manhunt,Rockstar North,Rockstar Games,4984,2104,9.99,9.99,0,15,750000.0,7088,70.32
822240,Animal Jam,"WildWorks, Inc.","WildWorks, Inc.",2657,1397,0.0,0.0,0,104,750000.0,4054,65.54
1009560,The Tenants,EndGameLoop Games,EndGameLoop Games,5644,1398,19.99,19.99,0,93,750000.0,7042,80.15
415200,Motorsport Manager,Playsport Games,Miniclip,12504,1132,19.99,19.99,0,373,750000.0,13636,91.7
21970,R.U.S.E.,Eugen Systems,Eugen Systems,2630,184,22.49,29.99,25,207,750000.0,2814,93.46
1634680,Ficket: 追剧引擎,一个小目标工作室,一个小目标工作室,1495,612,3.99,3.99,0,316,750000.0,2107,70.95
777130,Blush Blush,Sad Panda Studios,Sad Panda Studios,6314,932,0.0,0.0,0,319,750000.0,7246,87.14
313340,Mountain,David OReilly,David OReilly,14320,1923,0.99,0.99,0,40,750000.0,16243,88.16
356880,Eron,David Mulder,SA Industry,211,136,4.99,4.99,0,2,750000.0,347,60.81
2415010,A Date with Death,Two and a Half Studios,Two and a Half Studios,10302,181,0.0,0.0,0,186,750000.0,10483,98.27
270850,Car Mechanic Simulator 2014,Red Dot Games,PlayWay S.A.,4227,864,6.99,6.99,0,2,750000.0,5091,83.03
599390,Battle for Wesnoth,The Battle for Wesnoth Project,Wesnoth Inc.,5041,315,0.0,0.0,0,145,750000.0,5356,94.12
400910,Rabi-Ribi,"CreSpirit, GemaYue",CreSpirit,11354,504,17.99,17.99,0,36,750000.0,11858,95.75
463530,Empires of the Undergrowth,Slug Disco,"Hooded Horse, Slug Disco",14446,838,29.99,29.99,0,399,750000.0,15284,94.52
25890,Hearts of Iron III,Paradox Development Studio,Paradox Interactive,4539,1422,9.99,9.99,0,49,750000.0,5961,76.14
732430,Superflight,GrizzlyGames,GrizzlyGames,10857,410,2.99,2.99,0,12,750000.0,11267,96.36
258180,Deus Ex: The Fall,,Eidos Interactive Corp.,1639,2849,9.99,9.99,0,2,750000.0,4488,36.52
232430,Gone Home,Fullbright,"Fullbright, Serenity Forge",13786,4103,14.99,14.99,0,3,750000.0,17889,77.06
2063400,Descension,RedRock Game Studios,Brad Barber,1,2,12.0,12.0,0,0,750000.0,3,33.33
494840,UBOAT,Deep Water Studio,PlayWay S.A.,19746,3742,29.99,29.99,0,633,750000.0,23488,84.07
773951,Freeman: Guerrilla Warfare,KK Game Studio,KK Game Studio,8156,4060,24.99,24.99,0,17,750000.0,12216,66.76
799600,Cosmoteer: Starship Architect & Commander,Walternate Realities,Walternate Realities,10618,553,19.99,19.99,0,482,750000.0,11171,95.05
236430,DARK SOULS II,"FromSoftware, Inc.","BANDAI NAMCO Entertainment, FromSoftware, Inc.",39201,5123,39.99,39.99,0,197,750000.0,44324,88.44
981890,Olympic Games Tokyo 2020 – The Official Video Game,SEGA,SEGA,1299,1395,5.99,39.99,85,10,750000.0,2694,48.22
349720,Audition Online,T3 Entertainment,Redbana Corporation,959,620,0.0,0.0,0,0,750000.0,1579,60.73
546980,Midnight Carnival,Delusional Games,Back To Basics Gaming,149,235,1.99,1.99,0,1,750000.0,384,38.8
285310,RollerCoaster Tycoon: Deluxe,Chris Sawyer Productions,Atari,7282,427,5.99,5.99,0,236,750000.0,7709,94.46
874260,The Forgotten City,Modern Storyteller,Dear Villagers,11008,451,24.99,24.99,0,51,750000.0,11459,96.06
263760,Turbo Dismount,Secret Exit Ltd.,Secret Exit Ltd.,5335,371,9.99,9.99,0,10,750000.0,5706,93.5
898750,Super Robot Wars 30,Bandai Namco Forge Digitals Inc.,Bandai Namco Entertainment,5285,817,59.99,59.99,0,283,750000.0,6102,86.61
637310,Stream Service,SirGoose,IFreezeNO,36,34,0.99,0.99,0,0,750000.0,70,51.43
245280,ENSLAVED: Odyssey to the West Premium Edition,Ninja Theory,BANDAI NAMCO Entertainment,6548,1080,19.99,19.99,0,19,750000.0,7628,85.84
756800,Contraband Police,Crazy Rocks,PlayWay S.A.,19433,1046,29.99,29.99,0,429,750000.0,20479,94.89
1222370,Necromunda: Hired Gun,Streum On Studio,Focus Entertainment,4864,2558,5.99,39.99,85,32,750000.0,7422,65.53
967250,DOKA 2 KISHKI EDITION,Agafonoff,Agafonoff,3003,572,2.99,2.99,0,5,750000.0,3575,84.0
2651280,Marvel's Spider-Man 2,"Insomniac Games, Nixxes Software",PlayStation Publishing LLC,14423,4589,59.99,59.99,0,1348,750000.0,19012,75.86
3340270,Revelations,Brock de Beaubien,deBeau Studios,1,1,7.99,7.99,0,0,750000.0,2,50.0
1486350,VRoid Studio v0.13.1,pixiv Inc.,pixiv Inc.,4005,227,0.0,0.0,0,429,750000.0,4232,94.64
247950,Sacred 3,Keen Games,THQ Nordic,1182,3226,14.99,14.99,0,4,750000.0,4408,26.81
1186640,Pumpkin Jack,Evil Raptor,"Headup, Beep Japan",7138,690,29.99,29.99,0,6,750000.0,7828,91.19
776960,Mouse (Sneaking),Easy game,Game for people,932,213,0.99,0.99,0,3,750000.0,1145,81.4
253250,Stonehearth,Radiant Entertainment,(none),9621,3108,19.99,19.99,0,68,750000.0,12729,75.58
382110,Virtual Desktop Classic,"Virtual Desktop, Inc.","Virtual Desktop, Inc.",1426,635,24.99,24.99,0,53,750000.0,2061,69.19
13600,Prince of Persia: The Sands of Time,Kudosoft,Ubisoft,3844,637,9.99,9.99,0,26,750000.0,4481,85.78
1140620,CosmicBreak Universal,"CyberStep, Inc.","CyberStep, Inc.",758,580,0.0,0.0,0,28,750000.0,1338,56.65
314970,Age of Conquest IV,Noble Master LLC,Noble Master LLC,2242,506,0.0,0.0,0,17,750000.0,2748,81.59
914620,Mist Survival,Dimension 32 Entertainment,Dimension 32 Entertainment,10341,3115,10.99,10.99,0,106,750000.0,13456,76.85
1486920,Tempest Rising,Slipgate Ironworks™,"3D Realms, Knights Peak, Saber Interactive",6276,767,39.99,39.99,0,528,750000.0,7043,89.11
1140440,OMON Simulator,"Ukrainian Bears, Hideo Milos","United Nations, Putin The Best, Ukrainian Bears",2226,820,0.99,0.99,0,5,750000.0,3046,73.08
427100,Fernbus Simulator,TML-Studios,Aerosoft GmbH,8322,2863,29.99,29.99,0,70,750000.0,11185,74.4
372360,Tales of Symphonia,BANDAI NAMCO Entertainment Inc.,BANDAI NAMCO Entertainment,4203,715,19.99,19.99,0,51,750000.0,4918,85.46
2796010,Party Club,Lucid11 Interactive,"GameDev.ist, Gamersky Games, Lucid11 Interactive",1584,776,4.99,4.99,0,95,750000.0,2360,67.12
205910,Tiny and Big: Grandpa's Leftovers,Black Pants Studio,Black Pants Studio,3766,345,11.99,11.99,0,1,750000.0,4111,91.61
2109460,VillageRhapsody,YooGame,YooGame,11177,392,2.99,2.99,0,112,750000.0,11569,96.61
491530,Notruf 112 | Emergency Call 112,Crenetic GmbH Studios,Aerosoft GmbH,3315,1019,14.99,14.99,0,6,750000.0,4334,76.49
1070330,Russian Life Simulator,GosDev Production,"Abama Entertainment, GosDev Production",7009,884,0.99,0.99,0,143,750000.0,7893,88.8
2446550,STAR WARS: Battlefront Classic Collection,Aspyr,Aspyr,1748,5881,35.01,35.01,0,33,750000.0,7629,22.91
2080690,Sunkenland,Vector3 Studio,Vector3 Studio,17523,3896,19.99,19.99,0,472,750000.0,21419,81.81
388880,Oxenfree,Night School Studio,Night School Studio,10861,979,9.99,9.99,0,11,750000.0,11840,91.73
8080,Kane and Lynch: Dead Men,IO Interactive,Square Enix,2135,1199,0.0,0.0,0,0,750000.0,3334,64.04
555220,Detention,RedCandleGames,RedCandleGames,11782,2596,11.99,11.99,0,9,750000.0,14378,81.94
213650,Dwarfs - F2P,Power of 2,Tripwire Interactive,1446,248,0.0,0.0,0,2,750000.0,1694,85.36
1921980,Between Horizons – A Sci-Fi Detective Adventure,DigiTales Interactive,Assemble Entertainment,293,30,15.99,15.99,0,4,750000.0,323,90.71
218410,Defender's Quest: Valley of the Forgotten (DX edition),"Level Up Labs, LLC",Level Up Labs,3297,163,14.99,14.99,0,2,750000.0,3460,95.29
482400,System Shock,Nightdive Studios,"Atari, Nightdive Studios",9788,941,39.99,39.99,0,86,750000.0,10729,91.23
523660,HYPERCHARGE: Unboxed,Digital Cybercherries,Digital Cybercherries,3873,411,16.24,24.99,35,55,750000.0,4284,90.41
2810,X3: Reunion,Egosoft,Egosoft,494,191,1.99,9.99,80,8,750000.0,685,72.12
1218740,Rakion Chaos Force,"Neosonyx Co., Ltd.","Neosonyx Co., Ltd.",2163,1323,0.0,0.0,0,90,750000.0,3486,62.05
49540,Aliens: Colonial Marines Collection,Gearbox Software,SEGA,7064,4498,29.99,29.99,0,13,750000.0,11562,61.1
1157390,King Arthur: Knight's Tale,NeocoreGames,NeocoreGames,5721,1112,13.49,44.99,70,231,750000.0,6833,83.73
353130,Time of Dragons,4 I Lab,4 I Lab,1044,629,0.0,0.0,0,0,750000.0,1673,62.4
1493640,Banishers: Ghosts of New Eden,DON'T NOD,Focus Entertainment,5288,840,49.99,49.99,0,86,750000.0,6128,86.29
107200,Space Pirates and Zombies,MinMax Games Ltd.,MinMax Games Ltd.,2819,283,9.99,9.99,0,10,750000.0,3102,90.88
235210,STRIDER / ストライダー飛竜,"Double Helix Games, Capcom",Capcom,3239,789,14.99,14.99,0,9,750000.0,4028,80.41
378370,Nomad,Diminished Studios,Diminished Studios,2804,1833,0.0,0.0,0,12,750000.0,4637,60.47
1332720,Thief Simulator 2,"CookieDev, Ultimate Games S.A.",PlayWay S.A.,4633,519,19.99,19.99,0,99,750000.0,5152,89.93
420290,Blackwake,Mastfire Studios Pty Ltd,Mastfire Studios Pty Ltd,20925,4981,0.0,0.0,0,50,750000.0,25906,80.77
737800,F1 2018,Codemasters,"Codemasters, Electronic Arts",11911,1435,0.0,0.0,0,117,750000.0,13346,89.25
592600,PRO EVOLUTION SOCCER 2018 LITE,"Konami Digital Entertainment Co., Ltd",Konami Digital Entertainment,767,750,0.0,0.0,0,2,750000.0,1517,50.56
375820,Human Resource Machine,Tomorrow Corporation,Tomorrow Corporation,4137,271,7.49,14.99,50,15,750000.0,4408,93.85
1486630,Intravenous,Explosive Squat Games,HypeTrain Digital,4337,476,19.99,19.99,0,38,750000.0,4813,90.11
209540,Strike Suit Zero,Born Ready Games,Born Ready Games,1276,380,19.99,19.99,0,1,750000.0,1656,77.05
1031140,The Horus Heresy: Legions,Everguild Ltd.,Everguild Ltd.,1815,1102,0.0,0.0,0,142,750000.0,2917,62.22
1191840,Legend Creatures(传奇生物),HideChara,HideChara,3536,386,4.99,4.99,0,16,750000.0,3922,90.16
1562420,FOREWARNED,Dreambyte Games,Dreambyte Games,5811,590,12.99,12.99,0,35,750000.0,6401,90.78
1307890,Kingdoms Reborn,Earthshine,Earthshine,8280,833,19.99,19.99,0,191,750000.0,9113,90.86
272470,The Incredible Adventures of Van Helsing II,NeocoreGames,NeocoreGames,1767,796,14.99,14.99,0,8,750000.0,2563,68.94
1574580,Strange Horticulture,Bad Viking,Iceberg Interactive,12466,686,15.99,15.99,0,134,750000.0,13152,94.78
287370,COH 2 - The Western Front Armies: US Forces,"Relic Entertainment, Feral Interactive (Mac), Feral Interactive (Linux)","Relic Entertainment, Feral Interactive (Mac), Feral Interactive (Linux)",303,98,12.99,12.99,0,0,750000.0,401,75.56
3320,Insaniquarium Deluxe,"PopCap Games, Inc.","PopCap Games, Inc., Electronic Arts",5732,191,4.99,4.99,0,60,750000.0,5923,96.78
9050,DOOM 3,id Software,id Software,6980,847,0.0,0.0,0,49,750000.0,7827,89.18
314000,Pool Nation FX Lite,Cherry Pop Games,Cherry Pop Games,1760,666,0.0,0.0,0,88,750000.0,2426,72.55
1594940,Little Witch in the Woods,SUNNY SIDE UP,SUNNY SIDE UP,7251,891,19.99,19.99,0,56,750000.0,8142,89.06
35130,Lara Croft and the Guardian of Light,Crystal Dynamics,Crystal Dynamics,4155,388,9.99,9.99,0,4,750000.0,4543,91.46
290730,My Lands: Black Gem Hunting,"Gravvit Ltd, Forbes  Consult Ltd",ELYLAND  INVESTMENT COMPANY Ltd,2766,540,0.0,0.0,0,65,750000.0,3306,83.67
1532690,BLACKTAIL,THE PARASIGHT,Focus Entertainment,1854,422,5.99,29.99,80,12,750000.0,2276,81.46
104200,BEEP,Big Fat Alien,Big Fat Alien,3919,699,0.0,0.0,0,0,750000.0,4618,84.86
338540,Navy Field 2 : Conqueror of the Ocean,SDEnterNet,SDEnterNet,619,771,0.0,0.0,0,0,750000.0,1390,44.53
2870,X Rebirth,Egosoft,Egosoft,3166,4102,5.99,29.99,80,7,750000.0,7268,43.56
438680,One Troll Army,FlyAnvil,tinyBuild,1254,207,0.0,0.0,0,3,750000.0,1461,85.83
342980,Destination Sol,MovingBlocks,MovingBlocks,1071,285,0.0,0.0,0,1,750000.0,1356,78.98
705220,Tactical Monsters Rumble Arena,Camex Games,Camex Games,3996,497,0.0,0.0,0,0,750000.0,4493,88.94
260430,The Four Kings Casino and Slots,Digital Leisure Inc.,Digital Leisure Inc.,2698,1256,0.0,0.0,0,55,750000.0,3954,68.23
423710,Invasion: Brain Craving,New Reality Games,New Reality Games,149,186,1.99,1.99,0,0,750000.0,335,44.48
244090,Sid Meier’s Ace Patrol: Pacific Skies,Firaxis Games,2K,276,162,1.24,4.99,75,0,750000.0,438,63.01
435120,Rusty Lake Hotel,Rusty Lake,Rusty Lake,8845,374,1.99,1.99,0,80,750000.0,9219,95.94
211400,Deadlight,"Tequila Works, S.L.",Xbox Game Studios,9944,2685,14.99,14.99,0,2,750000.0,12629,78.74
1811990,Wildfrost,"Deadpan Games, Gaziter",Chucklefish,6737,1439,19.99,19.99,0,114,750000.0,8176,82.4
2732820,The Great Rebellion,Kvltgames,AIP,515,13,15.99,15.99,0,0,750000.0,528,97.54
517710,Redout: Enhanced Edition,34BigThings srl,34BigThings srl,3902,665,19.99,19.99,0,1,750000.0,4567,85.44
70400,Recettear: An Item Shop's Tale,EasyGameStation,Carpe Fulgur LLC,6953,285,19.99,19.99,0,12,750000.0,7238,96.06
1283220,Devolverland Expo,Flying Wild Hog,Devolver Digital,5110,616,0.0,0.0,0,0,750000.0,5726,89.24
402560,Tabletopia,Tabletopia,Tabletopia,998,592,0.0,0.0,0,20,750000.0,1590,62.77
338180,Batla,[geim].pro,Abyss Lights Studio LLP,1950,1130,0.0,0.0,0,1,750000.0,3080,63.31
39680,The Guild II Renaissance,Runeforge Game Studio,THQ Nordic,3230,674,9.99,9.99,0,32,750000.0,3904,82.74
7000,Tomb Raider: Legend,Crystal Dynamics,Crystal Dynamics,4690,664,6.99,6.99,0,23,750000.0,5354,87.6
1286350,BPM: BULLETS PER MINUTE,Awe Interactive,Awe Interactive,10091,1023,19.99,19.99,0,24,750000.0,11114,90.8
433950,Bit Blaster XL,Adamvision Studios,Adamvision Studios,5929,219,0.99,0.99,0,3,750000.0,6148,96.44
641080,Trials Rising,RedLynx,Ubisoft,1836,1047,19.99,19.99,0,20,750000.0,2883,63.68
224920,Legacy of Kain: Soul Reaver,Crystal Dynamics,Crystal Dynamics,1400,505,0.0,0.0,0,1,750000.0,1905,73.49
1094710,Royal Crown,Meerkat Games Corporation,LINE Games Corporation,2208,990,0.0,0.0,0,0,750000.0,3198,69.04
244050,Rise of Flight United,"1C Game Studios, 777 Studios",FOR-GAMES CR LTD,1454,1127,0.0,0.0,0,18,750000.0,2581,56.33
1238080,Burnout Paradise Remastered,"Stellar Entertainment, Criterion Games",Electronic Arts,4592,2795,19.99,19.99,0,33,750000.0,7387,62.16
403900,Clergy Splode,PiGravity,Back To Basics Gaming,227,298,1.99,1.99,0,0,750000.0,525,43.24
570780,古剑奇谭(GuJian),"上海烛龙信息科技有限公司, Aurogon Shanghai",北京网元圣唐娱乐科技有限公司,4316,1059,11.99,11.99,0,42,750000.0,5375,80.3
1392820,Milk inside a bag of milk inside a bag of milk,Nikita Kryukov,Nikita Igorevich Studio,28937,998,1.49,1.49,0,13,750000.0,29935,96.67
45740,Dead Rising 2,Capcom Vancouver,Capcom,6325,1775,4.99,19.99,75,64,750000.0,8100,78.09
420560,Firefighting Simulator - The Squad,Chronos Unterhaltungssoftware,astragon Entertainment,4085,954,24.99,24.99,0,24,750000.0,5039,81.07
603360,CryptoMoneya,azimuth team,azimuth team,149,70,1.99,1.99,0,0,750000.0,219,68.04
205650,The Testament of Sherlock Holmes,Frogwares,Frogwares,2852,718,19.99,19.99,0,5,750000.0,3570,79.89
341000,Mad Games Tycoon,Eggcode,Eggcode,3991,406,14.99,14.99,0,5,750000.0,4397,90.77
665180,Dark Elf,ONEONE1,Paradise Project,4391,513,0.0,0.0,0,4,750000.0,4904,89.54
261180,Lethal League,Team Reptile,Team Reptile,5716,351,13.99,13.99,0,9,750000.0,6067,94.21
1928980,Nightingale,Inflexion Games,Inflexion Games,10981,5225,29.99,29.99,0,149,750000.0,16206,67.76
234390,Teleglitch: Die More Edition,Test3 Projects,Paradox Interactive,2434,435,12.99,12.99,0,2,750000.0,2869,84.84
1112400,Project Torque - Free 2 Play MMO Racing Game,"Invictus Games Ltd., JOGARA LTD",JOGARA LTD,1388,503,0.0,0.0,0,2,750000.0,1891,73.4
2909400,FINAL FANTASY VII REBIRTH,Square Enix,Square Enix,15548,4627,49.99,49.99,0,1818,750000.0,20175,77.07
1948800,Yi Xian: The Cultivation Card Game,Darksun Studio,Gamirror Games,4531,1601,0.0,0.0,0,761,750000.0,6132,73.89
846470,Moss VR,Polyarc,Polyarc,3072,157,9.99,19.99,50,4,750000.0,3229,95.14
22650,Alien Breed 2: Assault,Team17 Digital Ltd,Team17 Digital Ltd,701,305,9.99,9.99,0,0,750000.0,1006,69.68
805850,Wrecked,Marco Amadei,Corvostudio di Amadei Marco,1768,513,0.0,0.0,0,0,750000.0,2281,77.51
7650,X-COM: Terror From the Deep,"MicroProse Software, Inc",2K,788,79,4.99,4.99,0,16,750000.0,867,90.89
743890,Mega Man X Legacy Collection,"CAPCOM CO., LTD","CAPCOM CO., LTD",3273,945,19.99,19.99,0,47,750000.0,4218,77.6
1048540,Kao the Kangaroo: Round 2 (2003 re-release),Tate Multimedia,Tate Multimedia,7345,514,0.79,1.99,60,5,750000.0,7859,93.46
1364390,Animaze by FaceRig,Holotech Studios Inc.,Holotech Studios Inc.,2283,1019,0.0,0.0,0,290,750000.0,3302,69.14
1363430,Propagation VR,WanadevStudio,WanadevStudio,5298,324,0.0,0.0,0,19,750000.0,5622,94.24
385070,Atonement: Scourge of Time,Astronomic Games,New Reality Games,275,120,5.99,5.99,0,0,750000.0,395,69.62
460810,Vanquish,"PlatinumGames, Little Stone Software",SEGA,6426,765,19.99,19.99,0,12,750000.0,7191,89.36
740250,Neos VR,Frooxius,Solirax,1204,1070,0.0,0.0,0,2,750000.0,2274,52.95
1801110,BOKURA,tokoronyori,Kodansha,9216,837,2.74,5.49,50,57,750000.0,10053,91.67
293540,Guns and Robots,Masthead Studios Ltd,"Masthead Studios Ltd, Thegamewallstudios, Gamigo AG",1113,578,0.0,0.0,0,0,750000.0,1691,65.82
407130,Tank Mechanic Simulator,DeGenerals S.A.,PlayWay S.A.,7346,960,19.99,19.99,0,41,750000.0,8306,88.44
282900,Hyperdimension Neptunia Re;Birth1,"IDEA FACTORY Co., Ltd., COMPILE HEART Co., Ltd., FELISTELLA Co., Ltd.","Idea Factory International, Inc., IDEA FACTORY Co., Ltd.",11414,692,14.99,14.99,0,20,750000.0,12106,94.28
1085510,Garfield Kart - Furious Racing,Artefacts Studio,Microids,12719,1770,14.99,14.99,0,20,750000.0,14489,87.78
1069160,SKALD: Against the Black Priory,High North Studios AS,Raw Fury,2785,173,14.99,14.99,0,44,750000.0,2958,94.15
356500,STAR WARS Galactic Battlegrounds Saga,Ensemble Studios,"Disney, Lucasfilm, LucasArts",3972,370,2.39,5.99,60,169,750000.0,4342,91.48
284950,Pixel Puzzles: Japan,Pixel Puzzles,Pixel Puzzles,2135,499,0.0,0.0,0,3,750000.0,2634,81.06
447850,The Next Door,Labory,SA Industry,483,422,4.99,4.99,0,1,750000.0,905,53.37
304530,Agents of Mayhem,Deep Silver Volition,Deep Silver,2781,1970,29.99,29.99,0,3,750000.0,4751,58.54
1123770,Curse of the Dead Gods,Passtech Games,Focus Entertainment,7207,1357,3.99,19.99,80,84,750000.0,8564,84.15
691260,POPULATION: ONE,"BigBox VR, Inc.","BigBox VR, Inc.",2070,431,19.99,19.99,0,18,750000.0,2501,82.77
690530,灵魂筹码 Soul at Stake,Chongming Studio,Chongming Studio,6347,2089,17.99,17.99,0,1,750000.0,8436,75.24
1275670,Outcore: Desktop Adventure,Doctor Shinobi,Doctor Shinobi,14753,404,0.0,0.0,0,35,750000.0,15157,97.33
2365810,Pseudoregalia,rittzler,rittzler,14588,439,5.99,5.99,0,41,750000.0,15027,97.08
512790,Quern - Undying Thoughts,Zadbox Entertainment,"Blue Brain Games, Zadbox Entertainment",3248,296,7.49,24.99,70,5,750000.0,3544,91.65
530330,Blameless,Vaclav Hudec,Blameless Games,4195,790,0.0,0.0,0,3,750000.0,4985,84.15
239430,Q.U.B.E: Director's Cut,Toxic Games,Toxic Games,1545,324,9.99,9.99,0,0,750000.0,1869,82.66
94200,Jamestown,Final Form Games,Final Form Games,2203,138,9.99,9.99,0,0,750000.0,2341,94.11
94590,Puzzle Agent 2,Telltale,Telltale,937,146,1.99,4.99,60,0,750000.0,1083,86.52
393530,Insanity Clicker,PlayFlock,PlayFlock,1996,966,0.0,0.0,0,36,750000.0,2962,67.39
368990,Despair,AGC,AGC,632,1205,0.99,0.99,0,0,750000.0,1837,34.4
234510,Rising Storm Game of the Year Edition,"Tripwire Interactive, Anti Matter Games",Tripwire Interactive,106,1,2.99,19.99,85,0,750000.0,107,99.07
986130,Shadows of Doubt,ColePowered Games,Fireshine Games,12941,2487,24.99,24.99,0,286,750000.0,15428,83.88
351920,Crazy Machines 3,Fakt Software,Daedalic Entertainment,9350,554,9.99,9.99,0,11,750000.0,9904,94.41
340840,The Corridor: On Behalf Of The Dead,Desktop Daydreams Studios,Desktop Daydreams Studios,24,9,0.89,5.99,85,0,750000.0,33,72.73
1293160,The Medium,Bloober Team,"Bloober Team SA, NA PUBLISHING INC.",7765,974,12.49,49.99,75,6,750000.0,8739,88.85
1340530,Mr. Prepper: Prologue,Rejected Games,"PlayWay S.A., Rejected Games",2114,429,0.0,0.0,0,3,750000.0,2543,83.13
547960,Space Beret,Amaterasu Software,Amaterasu Software,354,331,0.99,0.99,0,0,750000.0,685,51.68
586980,MadOut2 BigCityOnline [CLOSED],MadOut Games,MadOut Games,3348,1157,0.0,0.0,0,1,750000.0,4505,74.32
1660080,Aloft,Astrolabe Interactive Inc.,Funcom,2013,383,24.99,24.99,0,329,750000.0,2396,84.02
671510,DESOLATE,Nearga,HypeTrain Digital,5258,2623,14.99,14.99,0,7,750000.0,7881,66.72
38420,Fallout Tactics: Brotherhood of Steel,14° East,Bethesda Softworks,2063,548,9.99,9.99,0,18,750000.0,2611,79.01
607080,Psychonauts 2,Double Fine Productions,Double Fine Productions,12433,510,59.99,59.99,0,97,750000.0,12943,96.06
22610,Alien Breed: Impact,Team17 Software Ltd.,Team17 Digital Ltd,1334,455,9.99,9.99,0,2,750000.0,1789,74.57
357190,ULTIMATE MARVEL VS. CAPCOM 3,"CAPCOM CO., LTD.","CAPCOM U.S.A., INC.",6299,583,24.99,24.99,0,229,750000.0,6882,91.53
1296610,Peglin,Red Nexus Games Inc.,"Red Nexus Games Inc., IndieArk",13369,2624,19.99,19.99,0,574,750000.0,15993,83.59
977880,Eastward,Pixpil,"Chucklefish, XD",13339,2501,24.99,24.99,0,48,750000.0,15840,84.21
1792250,Serious Sam: Siberian Mayhem,"Croteam, Timelock Studio",Devolver Digital,4121,331,19.99,19.99,0,29,750000.0,4452,92.57
1096710,Hello Neighbor Alpha 4,Dynamic Pixels,tinyBuild,4237,768,0.0,0.0,0,43,750000.0,5005,84.66
298160,Eldevin,Hunted Cow Games,Hunted Cow Games,1385,351,0.0,0.0,0,15,750000.0,1736,79.78
385730,WWE 2K16,"Visual Concepts, Yuke's Co., LTD",2K,1808,989,0.0,0.0,0,4,750000.0,2797,64.64
1364020,Boundary,Studio Surgical Scalpels,Huya Games,8915,6936,0.0,0.0,0,0,750000.0,15851,56.24
824270,KovaaK's,KovaaK Games,KovaaK Games,32776,2529,9.99,9.99,0,1719,750000.0,35305,92.84
1179680,Wurm Online,Code Club AB,Code Club AB,1444,884,0.0,0.0,0,151,750000.0,2328,62.03
8600,RACE 07,SimBin,SimBin,2277,389,7.99,7.99,0,9,750000.0,2666,85.41
442070,Drawful 2,"Jackbox Games, Inc.","Jackbox Games, Inc.",2983,1036,9.99,9.99,0,22,750000.0,4019,74.22
2015270,Rotwood,Klei Entertainment,Klei Entertainment,5690,1840,29.99,29.99,0,66,750000.0,7530,75.56
318600,The Flame in the Flood,The Molasses Flood,CD PROJEKT RED,5443,1723,14.99,14.99,0,5,750000.0,7166,75.96
883860,Cadria Item Shop,Moehaus Co. Ltd,BEST KIRIN GLOBAL LIMITED,1129,425,0.0,0.0,0,294,750000.0,1554,72.65
226580,F1 2014,Codemasters,"Codemasters, Electronic Arts",2475,458,0.0,0.0,0,10,750000.0,2933,84.38
1079260,Fireworks Mania - An Explosive Simulator,Laumania ApS,Laumania ApS,6454,209,14.99,14.99,0,34,750000.0,6663,96.86
214770,Guacamelee! Gold Edition,Drinkbox Studios,"Drinkbox Studios, Kepler Ghost",5539,411,14.99,14.99,0,3,750000.0,5950,93.09
418030,Subsistence,ColdGames,ColdGames,9481,3632,13.99,13.99,0,180,750000.0,13113,72.3
402710,Osiris: New Dawn,Fenix Fire Entertainment,Fenix Fire Entertainment,8064,6961,0.0,0.0,0,13,750000.0,15025,53.67
2294450,CaseCracker2,BlackRobe," NPC Entertainment, BlackRobe",559,55,11.99,11.99,0,19,750000.0,614,91.04
673750,Super Bunny Man,Catobyte,Catobyte Ltd,8567,1316,14.99,14.99,0,131,750000.0,9883,86.68
449200,Calcu-Late,Blazing Fanfish,Back To Basics Gaming,215,152,1.99,1.99,0,0,750000.0,367,58.58
1281800,Samsara Room,Rusty Lake,Rusty Lake,8956,246,0.0,0.0,0,48,750000.0,9202,97.33
2194780,BeachHead Rogue,Digital Fusion Inc.,Digital Fusion Inc.,12,1,4.99,4.99,0,1,750000.0,13,92.31
1353300,Idle Slayer,Pablo Leban,Pablo Leban,7488,1279,0.0,0.0,0,1300,750000.0,8767,85.41
562860,Ion Fury,"Voidpoint, LLC",3D Realms,7029,695,24.99,24.99,0,27,750000.0,7724,91.0
34010,Alpha Protocol,Obsidian Entertainment,SEGA,3988,923,19.99,19.99,0,10,750000.0,4911,81.21
1504570,Cultivation Tales,Ac Games,Ac Games,5126,8513,19.99,19.99,0,7,750000.0,13639,37.58
436180,Spacelords,MercurySteam,Mercury Steam Entertainment s.l.,1727,1511,0.0,0.0,0,5,750000.0,3238,53.34
1218210,Coromon,TRAGsoft,indie.io,5703,979,19.99,19.99,0,250,750000.0,6682,85.35
872670,SCP: 5K,Affray Interactive,Balor Games,10178,2500,19.99,19.99,0,131,750000.0,12678,80.28
421120,Samorost 3,Amanita Design,Amanita Design,4707,337,19.99,19.99,0,10,750000.0,5044,93.32
353640,Train Valley,"Alexey Davydov, Sergey Dvoynikov, Timofey Shargorodskiy, Flazm","Flazm, META Publishing",2964,339,9.99,9.99,0,10,750000.0,3303,89.74
266410,iRacing,"iRacing.com Motorsport Simulations, iRacing","iRacing.com Motorsport Simulations, iRacing",4323,700,11.59,11.59,0,354,750000.0,5023,86.06
2172180,Howl,Mi'pu'mi Games GmbH,astragon Entertainment,55,2,9.99,9.99,0,1,750000.0,57,96.49
1129310,Receiver 2,Wolfire Games,Wolfire Games,2483,243,19.99,19.99,0,74,750000.0,2726,91.09
333600,NEKOPARA Vol. 1,NEKO WORKs,Sekai Project,25629,1295,9.99,9.99,0,34,750000.0,26924,95.19
2967460,RED TREES RAIL. CO.,Shayride Studios,Shayride Studios,3,1,4.99,4.99,0,0,750000.0,4,75.0
929010,Swag and Sorcery,"Lazy Bear Games, Uroboros Games",tinyBuild,1728,1460,12.99,12.99,0,10,750000.0,3188,54.2
785740,This Is the Police 2,Weappy Studio,THQ Nordic,4650,1507,14.99,14.99,0,38,750000.0,6157,75.52
723780,Modern Combat Versus,Gameloft,Gameloft,4412,2377,0.0,0.0,0,0,750000.0,6789,64.99
1571440,Lunch Lady,Manic Mice,Manic Mice,10868,1826,4.99,4.99,0,26,750000.0,12694,85.62
313730,Sunrider: Mask of Arcadius,Love in Space,Sekai Project,2571,211,0.0,0.0,0,5,750000.0,2782,92.42
248550,Megabyte Punch,Team Reptile,Team Reptile,999,114,14.99,14.99,0,1,750000.0,1113,89.76
1275890,Baldi's Basics Plus,Basically Games,"Basically Games, LLC",7265,172,9.99,9.99,0,91,750000.0,7437,97.69
1135230,Ember Knights,Doom Turtle,Twin Sails Interactive,5814,375,19.99,19.99,0,128,750000.0,6189,93.94
1963040,The Lost Village,FunYoo Games,FunYoo Games,5638,1534,11.99,11.99,0,65,750000.0,7172,78.61
344760,Reign Of Kings,Code}{atch,Code}{atch,8530,6393,9.99,9.99,0,5,750000.0,14923,57.16
675260,Batman: The Enemy Within - The Telltale Series,Telltale,Telltale,8401,738,14.99,14.99,0,50,750000.0,9139,91.92
893180,Catherine Classic,ATLUS,SEGA,8694,1269,19.99,19.99,0,42,750000.0,9963,87.26
919640,Steel Division 2,Eugen Systems,Eugen Systems,7215,1850,39.99,39.99,0,268,750000.0,9065,79.59
1276790,Ruined King: A League of Legends Story,Airship Syndicate,Riot Forge,9677,1186,29.99,29.99,0,46,750000.0,10863,89.08
1506630,Minicraft Shooter,Boom Team,Boom Team,2,10,0.99,0.99,0,0,750000.0,12,16.67
12360,FlatOut: Ultimate Carnage Collector's Edition,"Bugbear Entertainment, ZOOM Platform Media, Jordan Freeman Group",Strategy First,5978,685,3.99,19.99,80,42,750000.0,6663,89.72
316790,Grim Fandango Remastered,"Double Fine Productions, Shiny Shoe",Double Fine Productions,7433,769,14.99,14.99,0,19,750000.0,8202,90.62
1583230,High On Life,"Squanch Games, Inc.","Squanch Games, Inc.",17202,2146,39.99,39.99,0,299,750000.0,19348,88.91
624270,The Painscreek Killings,EQ Studios,EQ Studios,4753,464,4.99,19.99,75,12,750000.0,5217,91.11
1098292,DOOM Eternal: The Ancient Gods - Part One,id Software,Bethesda Softworks,4140,1989,9.99,9.99,0,0,750000.0,6129,67.55
629380,Cosmic Pioneer,Amaterasu Software,Amaterasu Software,41,35,0.99,0.99,0,0,750000.0,76,53.95
656350,UnderMine,Thorium,Thorium,8280,778,19.99,19.99,0,98,750000.0,9058,91.41
1173820,FINAL FANTASY VI,Square Enix,Square Enix,3484,327,17.99,17.99,0,174,750000.0,3811,91.42
587790,Deadly Animal Duel,Night Animals,New Reality Games,16,41,1.99,1.99,0,1,750000.0,57,28.07
314020,Morphopolis,"Dan  Walters, Ceri Williams",Dan  Walters,4018,811,3.99,3.99,0,1,750000.0,4829,83.21
1761390,Hatsune Miku: Project DIVA Mega Mix+,SEGA,SEGA,17905,1128,39.39,39.39,0,270,750000.0,19033,94.07
1114940,I Wanna Maker,The Elephant Crew,The Elephant Crew,4592,242,0.0,0.0,0,54,750000.0,4834,94.99
406970,The Uncertain: Last Quiet Day,ComonGames,ComonGames,4404,1383,9.99,9.99,0,1,750000.0,5787,76.1
677160,We Were Here Too,Total Mayhem Games,Total Mayhem Games,7976,1949,2.49,9.99,75,78,750000.0,9925,80.36
202530,Sonic the Hedgehog 4 - Episode I,SEGA,SEGA,1401,2064,9.99,9.99,0,7,750000.0,3465,40.43
24840,Medal of Honor: Airborne,EA Los Angeles,Electronic Arts,4023,942,0.0,0.0,0,9,750000.0,4965,81.03
337340,Finding Paradise,Freebird Games,"Freebird Games, Serenity Forge",18353,410,9.99,9.99,0,16,750000.0,18763,97.81
319150,Hazard Ops,Yingpei Games,Infernum Productions AG,672,272,0.0,0.0,0,0,750000.0,944,71.19
1158980,Idle Big Devil,"HONG KONG SPARK SOFTWARE TECHNOLOGY CO., LIMITED","HONG KONG SPARK SOFTWARE TECHNOLOGY CO., LIMITED",3139,692,0.0,0.0,0,10,750000.0,3831,81.94
24800,Command & Conquer: Red Alert 3 - Uprising,EA Los Angeles,Electronic Arts,4450,874,19.88,19.88,0,292,750000.0,5324,83.58
200940,Sonic CD,Blit Software,SEGA,4871,561,0.0,0.0,0,3,750000.0,5432,89.67
846770,DYSMANTLE,10tons Ltd,10tons Ltd,1642,104,19.99,19.99,0,431,750000.0,1746,94.04
1335790,Operation: Tango,Clever Plays,"Team17, Clever Plays",6990,1007,4.99,19.99,75,30,750000.0,7997,87.41
295790,Never Alone (Kisima Ingitchuna),"Upper One Games, E-Line Media",E-Line Media,6833,1626,14.99,14.99,0,4,750000.0,8459,80.78
388210,Day of the Tentacle Remastered,"Double Fine Productions, Shiny Shoe",Double Fine Productions,4302,135,14.99,14.99,0,16,750000.0,4437,96.96
355790,Styx: Shards of Darkness,Cyanide Studio,Nacon,4954,1002,19.99,19.99,0,34,750000.0,5956,83.18
267530,The LEGO Movie - Videogame,"TT Fusion, Traveller's Tales",Warner Bros. Interactive Entertainment,4571,693,19.99,19.99,0,30,750000.0,5264,86.84
24780,SimCity 4 Deluxe Edition,"EA - Maxis, Aspyr (Mac)","Electronic Arts, Aspyr (Mac)",7456,1652,19.99,19.99,0,331,750000.0,9108,81.86
211740,Thief II: The Metal Age,Looking Glass Studios,Eidos Interactive Corp.,1852,105,6.99,6.99,0,12,750000.0,1957,94.63
1000010,Crown Trick,NEXT Studios,"Team17, NEXT Studios",4497,766,19.99,19.99,0,14,750000.0,5263,85.45
224940,Legacy of Kain: Soul Reaver 2 (2001),Crystal Dynamics,Crystal Dynamics,693,351,6.99,6.99,0,1,750000.0,1044,66.38
900270,Reventure,Pixelatto,Pixelatto,8752,472,12.34,12.34,0,17,750000.0,9224,94.88
334310,Plebby Quest: The Crusades,PiedPipers Team,NEOWIZ,2414,398,3.99,19.99,80,28,750000.0,2812,85.85
435790,10 Second Ninja X,Four Circle Interactive,Curve Games,2492,688,9.99,9.99,0,3,750000.0,3180,78.36
434460,Rock of Ages 2: Bigger & Boulder,ACE Team,SEGA,2857,496,14.99,14.99,0,8,750000.0,3353,85.21
301970,Screencheat,Samurai Punk,Samurai Punk,1734,159,14.99,14.99,0,2,750000.0,1893,91.6
438480,Rock 'N' Roll Defense,NukGames,NukGames,2374,367,0.49,4.99,90,42,750000.0,2741,86.61
2683150,Ale & Tale Tavern,Scienart Games,"GrabTheGames, UpgradePoint",6308,762,5.99,14.99,60,190,750000.0,7070,89.22
2128940,THE 4 SINS,奇门互娱,"Gamirror Games, 奇门互娱",959,2983,9.99,9.99,0,10,750000.0,3942,24.33
420740,The Deed,"Pilgrim Adventures, GrabTheGames Studios","GrabTheGames, WhisperGames, TheGamesFortress",2745,298,0.49,0.99,51,1,750000.0,3043,90.21
1880330,Sanfu,Shiying Studio,Gamirror Games,13769,2880,10.99,10.99,0,16,750000.0,16649,82.7
569860,Thimbleweed Park,Terrible Toybox,Terrible Toybox,3673,263,19.99,19.99,0,5,750000.0,3936,93.32
588140,ESCAPE FROM VOYNA: Dead Forest,Dead Turtle,Dead Turtle,0,1,6.99,6.99,0,0,750000.0,1,0.0
215510,Rocketbirds: Hardboiled Chicken,Ratloop Asia,Reverb Publishing,2487,643,4.99,4.99,0,0,750000.0,3130,79.46
1072420,DRAGON QUEST BUILDERS 2,"Square Enix, KOEI TECMO GAMES CO., LTD.",Square Enix,6679,554,49.99,49.99,0,425,750000.0,7233,92.34
65780,ARMA: Gold Edition,Bohemia Interactive,Bohemia Interactive,967,306,9.99,9.99,0,6,750000.0,1273,75.96
586140,BlazBlue Centralfiction,Arc System Works,Arc System Works,10363,664,39.99,39.99,0,221,750000.0,11027,93.98
1519350,Madden NFL 22,Tiburon,Electronic Arts,3856,3395,0.0,0.0,0,24,750000.0,7251,53.18
1197570,Until We Die,Pixeye Games,Pixeye Games,2891,1541,16.99,16.99,0,8,750000.0,4432,65.23
218740,Pid,Might and Delight,Might and Delight,2023,402,19.99,19.99,0,1,750000.0,2425,83.42
7830,Men of War,"Best Way, Digitalmindsoft",Fulqrum Publishing,3261,357,4.99,4.99,0,20,750000.0,3618,90.13
1367590,Tormented Souls,"Dual Effect, Abstract Digital",PQube,5544,545,19.99,19.99,0,17,750000.0,6089,91.05
812810,missed messages.,Angela He,Angela He,14604,592,0.0,0.0,0,2,750000.0,15196,96.1
1604000,Milk outside a bag of milk outside a bag of milk,Nikita Kryukov,Nikita Kryukov,18167,556,8.99,8.99,0,23,750000.0,18723,97.03
332500,GRAV,"BitMonster, Inc.","BitMonster, Inc.",3261,3656,19.99,19.99,0,1,750000.0,6917,47.14
2665680,Tower of Babel: Survivors of Chaos,NANOO,NANOO,1817,1035,10.39,12.99,20,3392,750000.0,2852,63.71
218510,Planets Under Attack,Targem Games,Topware Interactive,808,311,11.99,11.99,0,1,750000.0,1119,72.21
488210,JDM Tuner Racing,JDM4iK,Conglomerate 5,221,215,0.69,4.99,86,0,750000.0,436,50.69
1615290,Ravenous Devils,Bad Vices Games,Bad Vices Games,8044,649,4.99,4.99,0,25,750000.0,8693,92.53
563120,Desolate Wastes: Vendor Chronicles,Rotatipyra,New Reality Games,112,84,1.99,1.99,0,0,750000.0,196,57.14
1036890,Shadow Warrior 3: Definitive Edition,Flying Wild Hog,Devolver Digital,3493,1607,39.99,39.99,0,4,750000.0,5100,68.49
311730,DEAD OR ALIVE 5 Last Round: Core Fighters,"Team NINJA, KOEI TECMO GAMES CO., LTD.","KOEI TECMO GAMES CO., LTD.",6884,3128,0.0,0.0,0,36,750000.0,10012,68.76
1590910,Forgive Me Father,Byte Barrel,Fulqrum Publishing,4083,742,19.99,19.99,0,61,750000.0,4825,84.62
575860,Tomb Joe,Amaterasu Software,Amaterasu Software,107,107,0.99,0.99,0,15,750000.0,214,50.0
6830,Commandos 2: Men of Courage,Pyro Studios,Kalypso Media Digital,2320,381,2.24,4.99,55,26,750000.0,2701,85.89
383270,Hue,Fiddlesticks Games,Curve Games,9736,788,14.99,14.99,0,14,750000.0,10524,92.51
1286580,Ship of Fools,Fika Productions,Team17,4328,979,21.99,21.99,0,67,750000.0,5307,81.55
1579380,Shadow Tactics: Aiko's Choice,Mimimi Games,Daedalic Entertainment,4144,292,4.99,19.99,75,13,750000.0,4436,93.42
1371580,Myth of Empires,Angela Game,Imperium Interactive Entertainment,11440,5372,29.99,29.99,0,2060,750000.0,16812,68.05
239250,Castlevania: Lords of Shadow 2,MercurySteam,KONAMI,4930,900,39.99,39.99,0,17,750000.0,5830,84.56
792300,The Beast Inside,Illusion Ray,Illusion Ray,9414,1941,24.99,24.99,0,35,750000.0,11355,82.91
220860,McPixel,Sos Sosowski,Sos Sosowski,3295,621,4.99,4.99,0,1,750000.0,3916,84.14
375950,Viridi,"Zoe Vartanian, Badru, Isa Hutchinson, Michael Bell",Ice Water Games,8563,757,0.0,0.0,0,111,750000.0,9320,91.88
225600,Blade Symphony,Puny Human,Puny Human,3188,1615,0.0,0.0,0,0,750000.0,4803,66.38
1166290,Death and Taxes,Placeholder Gameworks,"Placeholder Gameworks, Hawthorn Games",6106,922,12.99,12.99,0,30,750000.0,7028,86.88
1110390,Unturned - Dedicated Server,,Brown Studios,1319,238,0.0,0.0,0,24,750000.0,1557,84.71
426000,HunieCam Studio,HuniePot,HuniePot,5475,785,6.99,6.99,0,59,750000.0,6260,87.46
402390,Hyperdrive Massacre,34BigThings srl,"34BigThings srl, Digital Tribe",202,170,9.99,9.99,0,0,750000.0,372,54.3
2475490,Mouthwashing,Wrong Organ,CRITICAL REFLEX,28745,1119,12.99,12.99,0,69,750000.0,29864,96.25
1546970,Grand Theft Auto III – The Definitive Edition,Rockstar Games,Rockstar Games,2801,1416,59.99,59.99,0,61,750000.0,4217,66.42
280180,Hover,"Midgar Studio, Fusty Game",Nacon,1704,418,19.99,19.99,0,2,750000.0,2122,80.3
1849250,EA SPORTS WRC,Codemasters,Electronic Arts,6135,3674,24.99,49.99,50,262,750000.0,9809,62.54
1237320,Sonic Frontiers,Sonic Team,SEGA,22196,2284,39.99,39.99,0,144,750000.0,24480,90.67
278460,Skyborn,Dancing Dragon Games,Dancing Dragon Games,1484,223,14.99,14.99,0,0,750000.0,1707,86.94
730310,DYNASTY WARRIORS 9,"KOEI TECMO GAMES CO., LTD.","KOEI TECMO GAMES CO., LTD.",3564,6493,44.99,44.99,0,29,750000.0,10057,35.44
643270,OLDTV,Creability,Creability,5148,293,0.0,0.0,0,1,750000.0,5441,94.61
1119980,In Sound Mind,We Create Stuff,Black Lantern Collective,5535,277,3.49,34.99,90,15,750000.0,5812,95.23
1078730,Soccer Manager 2020,Soccer Manager Ltd,Soccer Manager Ltd,1187,371,0.0,0.0,0,15,750000.0,1558,76.19
714120,Little Misfortune,Killmonday Games AB,Killmonday Games AB,11125,962,19.99,19.99,0,16,750000.0,12087,92.04
680780,DEATH TRAIN - Warning: Unsafe VR Experience,Nomad Assembly,Nomad Assembly,18,15,19.99,19.99,0,0,750000.0,33,54.55
501080,Fishing: Barents Sea,Misc Games,Misc Games,2043,513,24.99,24.99,0,25,750000.0,2556,79.93
1812450,Bellwright,Donkey Crew,"Donkey Crew, Snail Games USA",9666,2330,29.99,29.99,0,1252,750000.0,11996,80.58
207690,Botanicula,Amanita Design,Amanita Design,5974,311,14.99,14.99,0,7,750000.0,6285,95.05
236370,Interstellar Marines,Zero Point Software,Zero Point Software,4245,3619,9.99,9.99,0,1,750000.0,7864,53.98
1339140,BATTLE OF REBELS,KOREK PRODUCTION,"Funbox Media Ltd, GS2 Games Inc",6,1,0.0,0.0,0,0,750000.0,7,85.71
757240,Aimtastic,Pixel Pointer Studios,Eternity Studios,2486,166,0.0,0.0,0,6,750000.0,2652,93.74
705210,Cube Racer,Simon Blasen,Simon Blasen,1791,189,0.0,0.0,0,552,750000.0,1980,90.45
1568440,Sands of Fire,Three-Sixty Pacific,Ziggurat,1,0,2.09,6.99,70,0,750000.0,1,100.0
1178030,Star Fetchers,Svavelstickan,Svavelstickan,6965,195,0.0,0.0,0,3,750000.0,7160,97.28
699170,Fell Seal: Arbiter's Mark,6 Eyes Studio,Fulqrum Publishing,5281,706,29.99,29.99,0,47,750000.0,5987,88.21
250340,Blockland,"Eric Hartman, Ben Garney, Anthony Rotondo",Step 1 Games LLC,4059,1492,9.99,9.99,0,26,750000.0,5551,73.12
365960,rFactor 2,Studio 397,Studio 397,6766,1774,29.99,29.99,0,239,750000.0,8540,79.23
2878200,Supreme Ruler Global Outbreak,BattleGoat Studios,BattleGoat Studios,1,0,19.99,19.99,0,1,750000.0,1,100.0
1179580,KAKU: Ancient Seal,BINGOBELL,BINGOBELL,683,218,24.99,24.99,0,71,750000.0,901,75.8
251150,The Legend of Heroes: Trails in the Sky,Nihon Falcom,"XSEED Games, Marvelous USA, Inc.",8966,597,9.99,19.99,50,69,750000.0,9563,93.76
587860,Tales of Escape,OnSkull Games,OnSkull Games,1298,836,0.0,0.0,0,2,750000.0,2134,60.82
2361390,全球戒备,Bu Yi Ltd.,"苦柚Games, Bu Yi Ltd.",102,41,0.0,0.0,0,0,750000.0,143,71.33
2302660,Homicipher,八名木Games,Gamirror Games,6305,235,13.99,13.99,0,62,750000.0,6540,96.41
2695940,PANICORE,ZTEK Studio,ZTEK Studio,8491,2056,9.99,9.99,0,182,750000.0,10547,80.51
1286530,Black Skylands: Origins,Hungry Couch Games,tinyBuild,471,77,0.0,0.0,0,0,750000.0,548,85.95
26900,Crayon Physics Deluxe,Kloonigames,Kloonigames,969,157,19.99,19.99,0,1,750000.0,1126,86.06
1477830,HudSight - crosshair overlay,Eduard Kozadaev,Eduard Kozadaev,4141,536,7.99,7.99,0,1120,750000.0,4677,88.54
963330,Nya Nya Nya Girls (ʻʻʻ)_(=^･ω･^=)_(ʻʻʻ),Zloy Krot Studio,"Zloy Krot Studio, firstgamedev",460,99,0.99,0.99,0,1281,750000.0,559,82.29
222750,Wargame: Airland Battle,Eugen Systems,Eugen Systems,3847,559,19.99,19.99,0,13,750000.0,4406,87.31
449140,Istrolid,treeform,treeform,2325,337,0.0,0.0,0,6,750000.0,2662,87.34
1342330,Mad Games Tycoon 2,Eggcode,Eggcode,6607,434,24.99,24.99,0,124,750000.0,7041,93.84
218820,Mercenary Kings: Reloaded Edition,Tribute Games Inc.,Tribute Games Inc.,1707,719,19.99,19.99,0,0,750000.0,2426,70.36
215930,Jagged Alliance 2 - Wildfire,I-deal Games,Topware Interactive,1347,380,4.49,8.99,50,157,750000.0,1727,78.0
1032430,Blood Trail,Electrovore,Electrovore,4917,1176,24.99,24.99,0,74,750000.0,6093,80.7
1172650,INDUSTRIA,Bleakmill,"Headup, Beep Japan",2314,940,1.99,19.99,90,2,750000.0,3254,71.11
40960,Stronghold 2: Steam Edition,Firefly Studios,Firefly Studios,4656,590,14.99,14.99,0,128,750000.0,5246,88.75
688420,Bad North: Jotunn Edition,"Plausible Concept, Oskar Stålberg",Raw Fury,11367,831,14.99,14.99,0,64,750000.0,12198,93.19
292410,Street Racing Syndicate,Eutechnyx,Funbox Media Ltd,3446,625,2.99,2.99,0,9,750000.0,4071,84.65
1150760,Gloomwood,"Dillon Rogers, David Szymanski, Nate Berens, Thomas Porta",New Blood Interactive,6231,308,19.99,19.99,0,39,750000.0,6539,95.29
1191330,Inferna,INFERNA UG (haftungsbeschränkt),INFERNA UG (haftungsbeschränkt),1335,814,0.0,0.0,0,52,750000.0,2149,62.12
1407530,Warrior Beneath Heaven,Keyue Game Studio,Keyue Game Studio,5,2,1.99,1.99,0,0,750000.0,7,71.43
266310,GameGuru Classic,DarkBasicSoftwareLimited,DarkBasicSoftwareLimited,1517,569,19.99,19.99,0,4,750000.0,2086,72.72
2531310,The Last of Us Part II Remastered,"Naughty Dog LLC, Nixxes Software, Iron Galaxy Studios",PlayStation Publishing LLC,22421,2353,49.99,49.99,0,4405,750000.0,24774,90.5
924140,Hand Simulator: Survival,HFM Games,HFM Games,8591,1347,2.99,2.99,0,5,750000.0,9938,86.45
425580,The Room Two,Fireproof Games,Fireproof Games,19460,468,4.99,4.99,0,30,750000.0,19928,97.65
239660,Soldier Front 2,Dragonfly,Aeria Games,1547,411,0.0,0.0,0,0,750000.0,1958,79.01
1160220,Paradise Killer,Kaizen Game Works,Fellow Traveller,3761,288,19.99,19.99,0,8,750000.0,4049,92.89
1129190,Our Life: Beginnings & Always,GB Patch Games,GB Patch Games,12306,146,0.0,0.0,0,237,750000.0,12452,98.83
9310,"Warhammer 40,000: Dawn of War – Winter Assault",Relic Entertainment,SEGA,2072,278,0.0,0.0,0,42,750000.0,2350,88.17
952070,RESIDENT EVIL RESISTANCE,"CAPCOM Co., Ltd., NeoBards Entertainment Ltd.","CAPCOM Co., Ltd.",3168,5152,11.99,59.99,80,24,750000.0,8320,38.08
2059790,再刷一把 PlayAgain,滑稽工作室,滑稽工作室,2998,1521,8.99,8.99,0,21,750000.0,4519,66.34
410710,System Shock: Enhanced Edition,"Looking Glass Studios, Nightdive Studios","Nightdive Studios, Atari",1946,226,9.99,9.99,0,6,750000.0,2172,89.59
6800,Commandos: Behind Enemy Lines,Pyro Studios,Kalypso Media Digital,3378,377,2.24,4.99,55,54,750000.0,3755,89.96
1730590,The Entropy Centre,Stubby Games,Playstack,3312,367,19.99,19.99,0,15,750000.0,3679,90.02
618140,Barro,SC Jogos,SC Jogos,3713,1009,4.99,4.99,0,118,750000.0,4722,78.63
34900,Bad Rats: the Rats' Revenge,Invent4 Entertainment,Strategy First,11745,3126,1.99,1.99,0,6,750000.0,14871,78.98
965200,Walking Zombie 2,Alda Games,Alda Games,10981,1534,0.0,0.0,0,109,750000.0,12515,87.74
797430,HD Poker: Texas Hold'em,Z4,Z4,3652,900,0.0,0.0,0,126,750000.0,4552,80.23
1252600,ANOTHER EDEN,"WFS, Inc.","WFS, Inc.",1290,575,0.0,0.0,0,120,750000.0,1865,69.17
800270,Terraforming Mars,Artefacts Studio,Twin Sails Interactive,4758,1871,19.99,19.99,0,361,750000.0,6629,71.78
298900,Space Hulk: Deathwing,Streum On Studio,Focus Entertainment,3101,2601,29.99,29.99,0,3,350000.0,5702,54.38
368390,The Darkside Detective,Spooky Doorway,Akupara Games,4464,260,5.24,14.99,65,10,350000.0,4724,94.5
283880,Heroine's Quest: The Herald of Ragnarok,Crystal Shard,Crystal Shard,1194,169,0.0,0.0,0,5,350000.0,1363,87.6
314410,Rampage Knights,Rake in Grass,Rake in Grass,3298,260,12.99,12.99,0,4,350000.0,3558,92.69
403560,Eaten Alive,Space Cat Studios,Back To Basics Gaming,199,327,1.99,1.99,0,2,350000.0,526,37.83
375530,"Football, Tactics & Glory",Creoteam,"Creoteam, Toplitz Productions",3546,478,24.99,24.99,0,58,350000.0,4024,88.12
2351560,Apocalypse Party,Breaker Games,"Breaker Games, Kepler Ghost",3708,1363,4.99,9.99,50,567,350000.0,5071,73.12
691020,Fog Of War - Free Edition,Monkeys Lab.,Monkeys Lab.,916,827,0.0,0.0,0,1,350000.0,1743,52.55
1712840,Tiny Tina's Assault on Dragon Keep: A Wonderlands One-shot Adventure,"Gearbox Software, Stray Kite Studios",2K,2260,1122,9.99,9.99,0,16,350000.0,3382,66.82
381990,Dragon Saga,Gravity Interactive,Gravity Interactive,953,519,0.0,0.0,0,11,350000.0,1472,64.74
1556200,Predator: Hunting Grounds,IllFonic,Balor Games,3540,1040,19.99,19.99,0,42,350000.0,4580,77.29
33110,Alien Shooter: Revisited,Sigma Team Inc.,Sigma Team Inc.,509,282,4.99,4.99,0,1,350000.0,791,64.35
328080,Rise to Ruins,Raymond Doerr,SixtyGig Games,6737,915,14.99,14.99,0,26,350000.0,7652,88.04
429180,Project CARS - Pagani Edition,Slightly Mad Studios,"Slightly Mad Studios, BANDAI NAMCO Entertainment",978,520,0.0,0.0,0,2,350000.0,1498,65.29
1386900,Observer: System Redux,"Bloober Team, Anshar Studios",Bloober Team SA,2181,341,29.99,29.99,0,6,350000.0,2522,86.48
2445690,Lost Castle 2,Hunter Studio,Hunter Studio,6425,1865,17.99,17.99,0,1121,350000.0,8290,77.5
1084520,雀姬/姫麻雀,Jack Tech,Smile Tech,1547,1270,0.0,0.0,0,90,350000.0,2817,54.92
757320,Atomicrops,Bird Bath Games,Raw Fury,5218,442,14.99,14.99,0,106,350000.0,5660,92.19
2803960,VR NINJA DOJO,"Fivefor Co., Ltd.","Fivefor Co., Ltd.",2,2,8.99,8.99,0,0,350000.0,4,50.0
1204050,Pixel Studio for pixel art,Hippo Games,Hippo Games,4581,194,0.0,0.0,0,130,350000.0,4775,95.94
3320100,Drowned God: Conspiracy of the Ages.,"Next Path Media, FSTR",Next Path Media,10,5,6.99,6.99,0,0,350000.0,15,66.67
200900,Cave Story+,"Nicalis, Inc., Studio Pixel","Nicalis, Inc.",7105,539,14.99,14.99,0,7,350000.0,7644,92.95
920490,Driver Booster for Steam,IObit,IObit,7795,1435,0.0,0.0,0,826,350000.0,9230,84.45
436110,Medusa's Labyrinth,Guru Games,Guru Games,861,248,0.0,0.0,0,1,350000.0,1109,77.64
400940,Budget Cuts,Neat Corporation,"Neat Corporation, Creature Label",1483,362,10.49,14.99,30,2,350000.0,1845,80.38
1220010,Home Behind 2,TPP Studio,Spiral Up Games,6072,892,19.99,19.99,0,176,350000.0,6964,87.19
757310,Sable,Shedworks,Raw Fury,4858,756,24.99,24.99,0,18,350000.0,5614,86.53
39650,The Guild II,4HEAD Studios,THQ Nordic,580,236,9.99,9.99,0,2,350000.0,816,71.08
2666510,Rusty's Retirement,Mister Morris Games,Mister Morris Games,12386,392,6.99,6.99,0,1185,350000.0,12778,96.93
1433140,The Texas Chain Saw Massacre,Sumo Digital,Gun Interactive,14423,7117,14.99,14.99,0,336,350000.0,21540,66.96
1024380,Second Extinction,Systemic Reaction™,Systemic Reaction™,3799,2516,0.0,0.0,0,2,350000.0,6315,60.16
466300,Planescape: Torment: Enhanced Edition,Beamdog,Beamdog,4697,261,19.99,19.99,0,32,350000.0,4958,94.74
816340,Kingdom Rush Origins - Tower Defense,Ironhide Game Studio,Ironhide Game Studio,6792,292,14.99,14.99,0,136,350000.0,7084,95.88
1239520,Madden NFL 21,Electronic Arts,Electronic Arts,2607,2565,0.0,0.0,0,20,350000.0,5172,50.41
1003890,Blacksad: Under the Skin,"Pendulo Studios, YS Interactive",Microids,5031,929,19.99,19.99,0,4,350000.0,5960,84.41
837380,DeoVR Video Player,INFOMEDIJI d.o.o.,INFOMEDIJI d.o.o.,539,345,0.0,0.0,0,73,350000.0,884,60.97
280640,Dark Shadows - Army of Evil,Burian Media Enterprises,Volens Nolens Games,104,209,0.74,4.99,85,4,350000.0,313,33.23
359900,The Incredible Adventures of Van Helsing III,NeocoreGames,NeocoreGames,857,472,14.99,14.99,0,7,350000.0,1329,64.48
684410,Bridge Constructor Portal,ClockStone,Headup,6123,555,9.99,9.99,0,40,350000.0,6678,91.69
892420,懒人修仙传,托更的修罗,托更的修罗,769,509,3.99,3.99,0,41,350000.0,1278,60.17
209650,Call of Duty: Advanced Warfare - Gold Edition,"Sledgehammer Games, Raven Software",Activision,16240,8817,15.99,39.99,60,63,350000.0,25057,64.81
1318690,shapez,Tobias Springer,"tobspr Games, Doyoyo Games",13165,516,0.99,9.99,90,328,350000.0,13681,96.23
764030,Realm Revolutions,Aleksandr Golovkin,Aleksandr Golovkin,273,95,0.0,0.0,0,57,350000.0,368,74.18
443580,Antenna,LWNA,LWNA,2034,637,0.0,0.0,0,2,350000.0,2671,76.15
1404850,Luck be a Landlord,TrampolineTales,TrampolineTales,9928,702,9.99,9.99,0,149,350000.0,10630,93.4
764050,Maelstrom,"Gunpowder Games, Inc., Tideturners",Forthright Entertainment,2139,433,0.0,0.0,0,3,350000.0,2572,83.16
245470,Democracy 3,Positech Games,Positech Games,5381,1862,24.99,24.99,0,10,350000.0,7243,74.29
39160,Dungeon Siege III,Obsidian Entertainment,Square Enix,1642,1225,14.99,14.99,0,9,350000.0,2867,57.27
530070,Train Sim World 2020,Dovetail Games,Dovetail Games - TSW,5414,1577,12.99,12.99,0,8,350000.0,6991,77.44
466500,35MM,Носков Сергей,Носков Сергей,2991,1202,8.99,8.99,0,2,350000.0,4193,71.33
274500,Brigador: Up-Armored Edition,"Stellar Jockeys, Gausswerks",Stellar Jockeys,5127,335,24.99,24.99,0,8,350000.0,5462,93.87
861540,Dicey Dungeons,Terry Cavanagh,Terry Cavanagh,9953,1161,14.99,14.99,0,71,350000.0,11114,89.55
755800,Hades' Star,Parallel Space Inc,Parallel Space Inc,1874,703,0.0,0.0,0,148,350000.0,2577,72.72
60,Ricochet,Valve,Valve,4989,1039,4.99,4.99,0,4,350000.0,6028,82.76
277430,Halo: Spartan Assault,"Vanguard Games, 343 Industries",Xbox Game Studios,3675,1012,2.99,2.99,0,5,350000.0,4687,78.41
520440,GUILTY GEAR Xrd REV 2,Arc System Works,Arc System Works,9994,598,29.99,29.99,0,140,350000.0,10592,94.35
526160,The Wild Eight,Eight Points,HypeTrain Digital,5407,2490,24.99,24.99,0,7,350000.0,7897,68.47
547680,Guild Quest,Hyper Hippo Games,Hyper Hippo Games,1135,589,0.0,0.0,0,2,350000.0,1724,65.84
1170760,XIII - Classic,Ubisoft Paris Studio,Microids,2107,250,12.99,12.99,0,2,350000.0,2357,89.39
2993780,FANTASY LIFE i: The Girl Who Steals Time,LEVEL5 Inc.,LEVEL5 Inc.,7019,575,59.99,59.99,0,19498,350000.0,7594,92.43
976590,Bus Simulator 21 Next Stop,stillalive studios,astragon Entertainment,4164,1802,24.99,24.99,0,64,350000.0,5966,69.8
518150,Intruder,Superboss Games,Superboss Games,5956,627,19.99,19.99,0,9,350000.0,6583,90.48
321270,UNLOVED,BlueEagle Productions,Paul Schneider,1454,525,4.99,4.99,0,29,350000.0,1979,73.47
1469330,Unlimited Fight,"Erasmo Cândido Mutemba, Dilto João Banze, Osvaldo Dos Santos Cândido Mutemba",PIS Games,5,2,1.99,1.99,0,0,350000.0,7,71.43
1229380,Everhood,"Chris Nordgren, Jordi Roca","Foreign Gnomes, Surefire.Games",12763,634,9.99,9.99,0,19,350000.0,13397,95.27
512250,Oh...Sir!! The Insult Simulator,Vile Monarch,Good Shepherd Entertainment,3370,332,1.99,1.99,0,2,350000.0,3702,91.03
98800,Dungeons of Dredmor,"Gaslamp Games, Inc.","Gaslamp Games, Inc.",4978,323,7.99,7.99,0,18,350000.0,5301,93.91
384490,NECROPOLIS: BRUTAL EDITION,Harebrained Schemes,"Paradox Interactive, Bandai Namco",3010,1623,29.99,29.99,0,1,350000.0,4633,64.97
2763670,Arctic Eggs,"The Water Museum, cockydoody, abmarnie, Cameron Ginex",CRITICAL REFLEX,3576,115,9.99,9.99,0,3,350000.0,3691,96.88
360740,Downwell,Moppin,Devolver Digital,7921,279,2.99,2.99,0,16,350000.0,8200,96.6
258760,Scania Truck Driving Simulator,SCS Software,SCS Software,1554,358,9.99,9.99,0,3,350000.0,1912,81.28
435530,The Final Station,DO MY BEST,tinyBuild,7705,1133,14.99,14.99,0,25,350000.0,8838,87.18
412470,Metal War Online: Retribution,GDT Limited,GDT Limited,612,435,0.0,0.0,0,4,350000.0,1047,58.45
692530,Community Garden,Somnium Space Ltd.,Somnium Space Ltd.,2,9,9.99,9.99,0,0,350000.0,11,18.18
1410640,Syberia: The World Before,Microids Studio Paris,Microids,3909,435,39.99,39.99,0,11,350000.0,4344,89.99
1662940,Anatomy of Fear,GenemesicX,GenemesicX,12,14,2.99,2.99,0,0,350000.0,26,46.15
264140,Pixel Piracy,Vitali Kirpu,Vitali Kirpu,4814,2543,14.99,14.99,0,4,350000.0,7357,65.43
1016120,PGA TOUR 2K21,HB Studios Multimedia Ltd.,2K,6382,1233,0.0,0.0,0,93,350000.0,7615,83.81
1591520,Clownfield 2042,RIVERSIDE SPORTS,RIVERSIDE SPORTS,3914,714,0.99,0.99,0,0,350000.0,4628,84.57
2071280,Ravenswatch,Passtech Games,Nacon,12942,3211,24.99,24.99,0,2578,350000.0,16153,80.12
13570,Tom Clancy's Splinter Cell Chaos Theory,Ubisoft Montreal,Ubisoft,4785,348,9.99,9.99,0,26,350000.0,5133,93.22
893030,Music Racer,AbstractArt,AbstractArt,3213,430,1.99,1.99,0,1,350000.0,3643,88.2
1563180,Internet Cafe Simulator 2,Cheesecake Dev,Cheesecake Dev,9146,3275,5.99,19.99,70,45,350000.0,12421,73.63
829590,CryoFall,AtomicTorch Studio,Daedalic Entertainment,4856,1311,19.99,19.99,0,101,350000.0,6167,78.74
102840,Shank 2,Klei Entertainment,Klei Entertainment,2821,609,9.99,9.99,0,4,350000.0,3430,82.24
1283410,Tails of Iron,Odd Bug Studio,United Label,10939,1433,24.99,24.99,0,39,350000.0,12372,88.42
233700,Sword of the Stars: The Pit,Kerberos Productions,Kerberos Productions,1279,248,9.99,9.99,0,2,350000.0,1527,83.76
1525700,Tavern Master,Untitled Studio,Untitled Studio,10464,868,14.99,14.99,0,216,350000.0,11332,92.34
496680,SweatShop,DUCK,Sometimes You,224,236,0.99,0.99,0,0,350000.0,460,48.7
1583320,Pro Soccer Online,Skywall Studios LLC,Skywall Studios LLC,21717,2463,4.99,4.99,0,690,350000.0,24180,89.81
1533420,Neon White,Angel Matrix,Annapurna Interactive,17398,325,24.99,24.99,0,160,350000.0,17723,98.17
243040,Startopia,"My Little Planet Ltd, Mucky Foot Productions Ltd",My Little Planet Ltd,838,96,6.99,6.99,0,4,350000.0,934,89.72
333950,Medieval Engineers,Keen Software House,Keen Software House,3794,3392,9.99,9.99,0,24,350000.0,7186,52.8
557810,Clicker Guild,Fox Dawn,Fox Dawn,358,292,0.0,0.0,0,2,350000.0,650,55.08
293780,Crawl,Powerhoof,Powerhoof,6673,366,14.99,14.99,0,8,350000.0,7039,94.8
1275630,Drug Dealer Simulator: Free Sample,Byterunners Game Studio,Movie Games S.A.,2376,345,0.0,0.0,0,0,350000.0,2721,87.32
595280,Throne of Lies: Medieval Politics,"PT.farm Inc., Imperium42®, LLC",PT.farm Inc.,2070,648,0.0,0.0,0,0,350000.0,2718,76.16
386280,Vendetta - Curse of Raven's Cry,Reality Pump Studios,"TopWare Interactive, ACE",346,373,8.74,34.99,75,1,350000.0,719,48.12
493370,Ragnarok Clicker,Playsaurus,Gravity Interactive,828,310,0.0,0.0,0,20,350000.0,1138,72.76
333640,Caves of Qud,Freehold Games,Kitfox Games,9912,498,29.99,29.99,0,425,350000.0,10410,95.22
934780,American Fugitive,Fallen Tree Games Ltd,Curve Games,2308,780,19.99,19.99,0,12,350000.0,3088,74.74
2194530,Yog-Sothoth’s Yard,Bone Nail,"Bone Nail, Shochiku (Japan)",11065,640,10.99,10.99,0,226,350000.0,11705,94.53
408410,X-Morph: Defense,EXOR Studios,EXOR Studios,3506,317,19.99,19.99,0,13,350000.0,3823,91.71
262940,Broken Sword 5 - the Serpent's Curse,Revolution Software Ltd,Revolution Software Ltd,2361,296,8.49,24.99,66,3,350000.0,2657,88.86
979060,Bloons Adventure Time TD,Ninja Kiwi,Ninja Kiwi,3743,559,0.0,0.0,0,101,350000.0,4302,87.01
868360,Project Hospital,Oxymoron Games,Oxymoron Games,7392,956,24.99,24.99,0,387,350000.0,8348,88.55
1148590,DOOM 64,"id Software, Nightdive Studios",Bethesda Softworks,7272,505,4.99,4.99,0,58,350000.0,7777,93.51
329070,SpyParty,"Chris Hecker, John Cimino",Chris Hecker,1199,326,24.99,24.99,0,8,350000.0,1525,78.62
498660,Mind Spheres,Microblast Games,SA Industry,618,181,4.99,4.99,0,0,350000.0,799,77.35
456670,Hand of Fate 2,Defiant Development,Defiant Development,4795,885,29.99,29.99,0,15,350000.0,5680,84.42
897450,The Survivalists,Team17,Team17,7069,2148,24.99,24.99,0,48,350000.0,9217,76.7
253940,Septerra Core,,Topware Interactive,893,289,3.99,7.99,50,4,350000.0,1182,75.55
1084160,Jagged Alliance 3,Haemimont Games,THQ Nordic,11576,1364,44.99,44.99,0,363,350000.0,12940,89.46
589780,The Red Strings Club,Deconstructeam,Devolver Digital,12057,782,14.99,14.99,0,8,350000.0,12839,93.91
979110,Space Haven,Bugbyte Ltd.,Bugbyte Ltd.,7778,1231,24.99,24.99,0,237,350000.0,9009,86.34
1138850,Heavenly Bodies,2pt Interactive,"2pt Interactive, Team17",3753,175,19.99,19.99,0,19,350000.0,3928,95.54
2495450,Winter Memories,Dojin Otome,Kagura Games,8944,229,13.99,19.99,30,268,350000.0,9173,97.5
3920,Sid Meier's Pirates!,Firaxis Games,2K,6520,374,9.99,9.99,0,108,350000.0,6894,94.57
753420,Dungreed,TEAM HORAY,TEAM HORAY,8672,621,9.99,9.99,0,123,350000.0,9293,93.32
513560,Hunger Dungeon,No Stuck Game Studio,No Stuck Game Studio,1645,634,0.0,0.0,0,1,350000.0,2279,72.18
231140,Cities XL Platinum,Focus Entertainment,Focus Entertainment,944,677,1.49,9.99,85,9,350000.0,1621,58.24
1476720,Retro Run,lilleBror,lilleBror,5,2,0.99,0.99,0,0,350000.0,7,71.43
729000,Wytchwood,Alientrap,Alientrap,3744,288,19.99,19.99,0,9,350000.0,4032,92.86
249990,FORCED: Slightly Better Edition,BetaDwarf,BetaDwarf,2058,721,14.99,14.99,0,1,350000.0,2779,74.06
2768430,ATLYSS,Kiseff,KisSoft,16289,484,9.99,9.99,0,297,350000.0,16773,97.11
299740,Miscreated,Entrada Interactive LLC,Entrada Interactive LLC,20860,10748,29.99,29.99,0,37,350000.0,31608,66.0
2155180,Pioneers of Pagonia,Envision Entertainment,Envision Entertainment,3430,629,34.99,34.99,0,161,350000.0,4059,84.5
514900,>observer_,Bloober Team SA,Bloober Team ,4583,1241,29.99,29.99,0,3,350000.0,5824,78.69
470310,TROUBLESHOOTER: Abandoned Children,Dandylion,Dandylion,8645,552,6.24,24.99,75,86,350000.0,9197,94.0
314660,Oddworld: New 'n' Tasty,"Just Add Water (Developments), Ltd.","Oddworld Inhabitants, Inc.",2996,495,19.99,19.99,0,3,350000.0,3491,85.82
294040,Loot Hero DX,VaragtP,VaragtP,1111,388,2.99,2.99,0,0,350000.0,1499,74.12
875310,LIBERATED,"Atomic Wolf, L.INC","Walkabout, L.INC",632,180,19.99,19.99,0,1,350000.0,812,77.83
1255630,WWE 2K22,Visual Concepts,2K,7313,2700,0.0,0.0,0,33,350000.0,10013,73.04
1351080,Pharaoh: A New Era,Triskell Interactive,Dotemu,3396,1175,22.99,22.99,0,178,350000.0,4571,74.29
382560,Hot Lava,Klei Entertainment,Klei Entertainment,5422,393,19.99,19.99,0,16,350000.0,5815,93.24
1267470,Warriors of the Nile,Stove Studio,Gamirror Games,1980,537,12.99,12.99,0,3,350000.0,2517,78.67
571310,SteamWorld Dig 2,Image & Form Games,Image & Form Games,7243,338,2.99,19.99,85,22,350000.0,7581,95.54
401190,Dinosaur Hunt,Racing Bros,ANPA.US,2576,1273,0.99,0.99,0,0,350000.0,3849,66.93
2646460,Soulmask,CampFire Studio,Qooland Games,11979,2887,29.99,29.99,0,2760,350000.0,14866,80.58
926990,WolfQuest: Anniversary Edition,eduweb,eduweb,10029,219,29.99,29.99,0,869,350000.0,10248,97.86
1024480,Immortal Realms: Vampire Wars,Palindrome Interactive,Kalypso Media,344,215,7.49,29.99,75,1,350000.0,559,61.54
1651560,Fabledom,Grenaa Games,"Dear Villagers, Doyoyo Games",5342,862,20.99,20.99,0,598,350000.0,6204,86.11
699920,Despotism 3k,Konfa Games,Konfa Games,2862,817,7.99,7.99,0,12,350000.0,3679,77.79
839770,Phoenix Point,Snapshot Games Inc.,Snapshot Games Inc.,4599,1745,24.99,24.99,0,177,350000.0,6344,72.49
402840,Crusaders of the Lost Idols,Codename Entertainment Inc.,Codename Entertainment Inc.,2420,504,0.0,0.0,0,180,350000.0,2924,82.76
979080,Rebel Forces,FreezeNova,FreezeNova,1323,288,0.0,0.0,0,2,350000.0,1611,82.12
674750,Yet Another Zombie Defense HD,Awesome Games Studio,Awesome Games Studio,2511,473,3.99,3.99,0,13,350000.0,2984,84.15
268650,From the Depths,Brilliant Skies Ltd.,Brilliant Skies Ltd.,10558,1305,24.99,24.99,0,482,350000.0,11863,89.0
2232840,Garten of Banban,Euphoric Brothers,Euphoric Brothers,6120,5577,0.0,0.0,0,22,350000.0,11697,52.32
33120,Alien Shooter 2: Reloaded,Sigma Team Inc.,Sigma Team Inc.,3012,271,4.99,4.99,0,26,350000.0,3283,91.75
915810,Midnight Ghost Hunt,Vaulted Sky Games,Coffee Stain Publishing,5712,1727,19.99,19.99,0,12,350000.0,7439,76.78
336510,Anno Online,Blue Byte,Ubisoft,495,532,0.0,0.0,0,0,350000.0,1027,48.2
25900,King's Bounty: The Legend,Katauri Interactive,Fulqrum Publishing,3013,304,6.99,6.99,0,101,350000.0,3317,90.84
952860,河洛群俠傳 (Ho Tu Lo Shu ： The Books of Dragon),香港商河洛互動娛樂股份有限公司,"香港商河洛互動娛樂股份有限公司, 方块游戏",8704,1928,17.99,17.99,0,171,350000.0,10632,81.87
2248760,Car For Sale Simulator,Red Axe Games,Red Axe Games,14778,3674,16.99,16.99,0,220,350000.0,18452,80.09
1105420,Game of Thrones Winter is Coming,YOUZU (SINGAPORE) PTE. LTD.,YOUZU (SINGAPORE) PTE. LTD.,1583,1019,0.0,0.0,0,547,350000.0,2602,60.84
572410,Steel Division: Normandy 44,Eugen Systems,Eugen Systems,4638,1593,19.99,19.99,0,34,350000.0,6231,74.43
750130,The Sinking City Remastered,Frogwares,Frogwares,3503,1150,5.99,39.99,85,38,350000.0,4653,75.28
40400,AI War: Fleet Command,Arcen Games,Arcen Games,1307,275,9.99,9.99,0,4,350000.0,1582,82.62
1220140,Cartel Tycoon,Moon Moose,tinyBuild,2699,837,29.99,29.99,0,73,350000.0,3536,76.33
805940,RUSSIA BATTLEGROUNDS,Agafonoff,Agafonoff,3424,1018,2.99,2.99,0,3,350000.0,4442,77.08
38700,Toki Tori,Two Tribes,Two Tribes Publishing,1855,256,0.79,4.99,84,3,350000.0,2111,87.87
26500,Cogs,"Lazy 8 Studios, https://lazy8studios.com",,795,104,5.99,5.99,0,0,350000.0,899,88.43
667600,Sky Force Reloaded,Infinite Dreams,Infinite Dreams,2277,180,9.99,9.99,0,29,350000.0,2457,92.67
3297010,Futon and Rocket Launcher,EXO Games,EXO Games,20,0,3.99,3.99,0,0,350000.0,20,100.0
578620,GORN,Free Lives,Devolver Digital,7680,483,7.99,19.99,60,14,350000.0,8163,94.08
17440,SPORE Creepy & Cute Parts Pack,Maxis™,Electronic Arts,1809,217,19.99,19.99,0,20,350000.0,2026,89.29
1104280,The Slormancer,Slormite Studios,"Slormite Studios, Abiding Bridge",5174,1149,19.99,19.99,0,2052,350000.0,6323,81.83
1203630,Record of Lodoss War-Deedlit in Wonder Labyrinth-,"Team Ladybug, WSS playground","WSS playground, Alliance Arts",6262,471,8.99,19.99,55,4,350000.0,6733,93.0
252610,Death Road to Canada,"Rocketcat Games, Madgarden",Rocketcat Games,8712,673,14.99,14.99,0,269,350000.0,9385,92.83
220740,Chaos on Deponia,Daedalic Entertainment,Daedalic Entertainment,2527,267,19.99,19.99,0,11,350000.0,2794,90.44
1140270,Monster Prom 2: Monster Camp,Beautiful Glitch,Beautiful Glitch,5774,199,2.99,11.99,75,36,350000.0,5973,96.67
340050,Survivalist,Bob,Ginormocorp Incorporated,2025,508,4.99,4.99,0,6,350000.0,2533,79.94
493650,Deep Space Dash,Delusional Games,Back To Basics Gaming,117,240,1.99,1.99,0,0,350000.0,357,32.77
447920,Drift (Over) Drive,Retraissance,New Reality Games,28,31,1.99,1.99,0,0,350000.0,59,47.46
327070,Gloria Victis: Medieval MMORPG,Black Eye Games,Black Eye Games,7014,3324,0.0,0.0,0,1,350000.0,10338,67.85
2162800,shapez 2 - Factory,tobspr Games,"tobspr Games, Gamirror Games",10856,205,14.99,29.99,50,2399,350000.0,11061,98.15
813230,ANIMAL WELL,Billy Basso,Bigmode,19956,834,24.99,24.99,0,75,350000.0,20790,95.99
7660,X-COM: Apocalypse,"MicroProse Software, Inc",2K,792,105,4.99,4.99,0,11,350000.0,897,88.29
598330,SimAirport,LVGameDev LLC,LVGameDev LLC,3125,815,24.99,24.99,0,46,350000.0,3940,79.31
2217000,Rivals of Aether II,Aether Studios,"Aether Studios, offbrand games",5963,1331,29.99,29.99,0,596,350000.0,7294,81.75
234270,Ken Follett's The Pillars of the Earth,Daedalic Entertainment,Daedalic Entertainment,6557,522,19.99,19.99,0,11,350000.0,7079,92.63
1808800,Duck Simulator 2,Orius Games,Orius Games,2696,106,0.0,0.0,0,0,350000.0,2802,96.22
304730,Train Fever,Urban Games,Good Shepherd Entertainment,2251,1251,19.99,19.99,0,9,350000.0,3502,64.28
1126290,Lost,DSGame,DSGame,6228,1467,2.5,2.5,0,3,350000.0,7695,80.94
825310,Dude Simulator 2,Kiddy,Kiddy,1144,874,0.79,4.99,84,1,350000.0,2018,56.69
435400,Hidden Folks,Hidden Folks,Hidden Folks,8952,309,14.99,14.99,0,7,350000.0,9261,96.66
600750,Star Trek Timelines,Tilting Point,Tilting Point,938,492,0.0,0.0,0,199,350000.0,1430,65.59
326160,Shroud of the Avatar: Forsaken Virtues,Catnip Games,Catnip Games,1658,1457,0.0,0.0,0,16,350000.0,3115,53.23
1079800,Pistol Whip,Cloudhead Games Ltd.,Cloudhead Games Ltd.,3780,236,11.99,29.99,60,11,350000.0,4016,94.12
562360,"Planes, Bullets and Vodka",NukGames,NukGames,1698,296,4.99,4.99,0,49,350000.0,1994,85.16
327410,A Bird Story,Freebird Games,Freebird Games,8718,1558,3.99,3.99,0,5,350000.0,10276,84.84
984110,SYNTHETIK: Arena,Flow Fire Games,Flow Fire Games,2099,223,0.0,0.0,0,3,350000.0,2322,90.4
1624540,Storyteller,Daniel Benmergui,Annapurna Interactive,6518,893,14.99,14.99,0,76,350000.0,7411,87.95
983970,Haven,The Game Bakers,The Game Bakers,4547,490,24.99,24.99,0,11,350000.0,5037,90.27
1271700,HOT WHEELS UNLEASHED,Milestone S.r.l.,Milestone S.r.l.,5693,1556,29.99,29.99,0,21,350000.0,7249,78.53
2290,Final DOOM,id Software,id Software,1090,179,0.0,0.0,0,1,350000.0,1269,85.89
550010,Happy Room,Mana Potion Studios,Mana Potion Studios,2640,271,4.99,4.99,0,11,350000.0,2911,90.69
400240,The Deer,"Fabio Ferrara, Giulia Airoldi",Chubby Pixel,1400,843,0.65,1.99,67,0,350000.0,2243,62.42
444490,POLYWAR,exagongames,New Reality Games,362,149,1.99,1.99,0,0,350000.0,511,70.84
1971650,OCTOPATH TRAVELER II,"Square Enix, ACQUIRE Corp.",Square Enix,12882,692,59.99,59.99,0,398,350000.0,13574,94.9
254960,Silent Storm Gold Edition,Nival,THQ Nordic,901,116,9.99,9.99,0,9,350000.0,1017,88.59
2315690,WWE 2K24,Visual Concepts,2K,5683,1922,59.99,59.99,0,294,350000.0,7605,74.73
1587130,Blood West,Hyperstrange,"New Blood Interactive, Hyperstrange",4318,476,24.99,24.99,0,61,350000.0,4794,90.07
1559390,Fate Seeker II,JSL Entertainment,"JSL Entertainment, Phoenix Game",12142,1428,22.6,22.6,0,38,350000.0,13570,89.48
3321220,Escape from Nightmare School,Script,ScriptGames,3,0,0.99,0.99,0,0,350000.0,3,100.0
570770,古剑奇谭二(GuJian2),"上海烛龙信息科技有限公司, Aurogon Shanghai",北京网元圣唐娱乐科技有限公司,2194,642,15.99,15.99,0,11,350000.0,2836,77.36
966330,Flower,thatgamecompany,Annapurna Interactive,3666,917,6.99,6.99,0,6,350000.0,4583,79.99
498320,Trolley Gold,Mantis Games,Displacement Studios,69,179,1.99,1.99,0,0,350000.0,248,27.82
808290,Runes of Magic,Runewaker Entertainment,Gameforge 4D GmbH‬,967,445,0.0,0.0,0,100,350000.0,1412,68.48
1377380,Night of the Dead,Jackto Studios,Jackto Studios,8877,2518,29.99,29.99,0,368,350000.0,11395,77.9
1035930,Nyasha,Zloy Krot Studio,"IR Studio, firstgamedev",362,94,0.99,0.99,0,0,350000.0,456,79.39
1714320,Find Love or Die Trying,Sunseeker Games,Sunseeker Games,11616,391,4.99,4.99,0,6,350000.0,12007,96.74
2210,Quake 4,"RavenSoft, id Software",Bethesda Softworks,3001,423,14.99,14.99,0,18,350000.0,3424,87.65
1197260,The Perfect Tower II,Fire Sword Studios,Fire Sword Studios,3201,438,0.0,0.0,0,491,350000.0,3639,87.96
857980,Void Bastards,Blue Manchu,Blue Manchu,4527,739,29.99,29.99,0,11,350000.0,5266,85.97
326410,Windward,Tasharen Entertainment Inc.,Tasharen Entertainment Inc.,2872,719,9.99,9.99,0,3,350000.0,3591,79.98
99910,Puzzle Pirates,Grey Havens,Grey Havens,1687,420,0.0,0.0,0,110,350000.0,2107,80.07
2084030,Pitch Black: A Dusklight Story - Episode One,"Purple Jam, Harry Cooper, Connor Harrison, Jordan Barry",Purple Jam Ltd,5,1,5.99,5.99,0,0,350000.0,6,83.33
387860,the static speaks my name,the whale husband,the whale husband,4594,1039,0.0,0.0,0,2,350000.0,5633,81.56
487120,Citadel: Forged with Fire,Blue Isle Studios,Blue Isle Publishing,3981,1885,14.99,14.99,0,10,350000.0,5866,67.87
1328350,Turbo Overkill,Trigger Happy Interactive,Apogee Entertainment,6161,325,19.99,19.99,0,27,350000.0,6486,94.99
269770,Secrets of Grindea,Pixel Ferrets,Pixel Ferrets,7388,882,11.24,14.99,25,35,350000.0,8270,89.33
3483,Peggle Extreme,"PopCap Games, Inc.",Electronic Arts,2282,133,0.0,0.0,0,21,350000.0,2415,94.49
370360,TIS-100,Zachtronics,Zachtronics,3750,126,6.99,6.99,0,18,350000.0,3876,96.75
1900,Earth 2160,Reality Pump Studios,"Topware Interactive, ACE",994,411,4.99,9.99,50,4,350000.0,1405,70.75
204240,The Bridge,"Ty Taylor, Vega Castañeda",The Quantum Astrophysicists Guild,3747,557,9.99,9.99,0,1,350000.0,4304,87.06
1190970,House Flipper 2,Frozen District,Frozen District,11633,2058,39.99,39.99,0,2543,350000.0,13691,84.97
540840,Lara Croft GO,Square Enix Montréal,Crystal Dynamics,3480,275,9.99,9.99,0,2,350000.0,3755,92.68
9160,Master Levels for Doom II,id Software,id Software,593,206,0.0,0.0,0,1,350000.0,799,74.22
695920,Super Seducer : How to Talk to Girls,RLR Training Inc,,1463,301,12.99,12.99,0,5,350000.0,1764,82.94
340540,TDP4:Team Battle,JAVELIN OÜ,JAVELIN OÜ,469,399,0.0,0.0,0,0,350000.0,868,54.03
25800,Europa Universalis III Complete,Paradox Development Studio,Paradox Interactive,1646,325,14.99,14.99,0,36,350000.0,1971,83.51
363890,RPG Maker MV,"Gotcha Gotcha Games, KADOKAWA, Yoji Ojima",Gotcha Gotcha Games,7542,748,79.99,79.99,0,657,350000.0,8290,90.98
243930,Bound By Flame,Spiders,Focus Entertainment,2596,1213,6.99,6.99,0,8,350000.0,3809,68.15
1121640,The Wandering Village,Stray Fawn Studio,"Stray Fawn Publishing, WhisperGames",5457,529,29.99,29.99,0,164,350000.0,5986,91.16
2068280,Nordic Ashes: Survivors of Ragnarok,Noxfall Studios,Noxfall Studios,5280,677,9.99,9.99,0,139,350000.0,5957,88.64
19980,Prince of Persia,Ubisoft Montreal,Ubisoft,2730,754,9.99,9.99,0,12,350000.0,3484,78.36
1368030,ANNO: Mutationem,ThinkingStars,ThinkingStars,4839,1145,24.99,24.99,0,22,350000.0,5984,80.87
528510,Turbo Pug 3D,"Wulo Games, DEADBIT",Back To Basics Gaming,261,118,1.99,1.99,0,1,350000.0,379,68.87
1310520,Occupy Mars: Prologue,▲ Pyramid Games,Pyramid Games S.A.,1217,343,0.0,0.0,0,1,350000.0,1560,78.01
354640,The Settlers Online,Blue Byte,Ubisoft,397,672,0.0,0.0,0,0,350000.0,1069,37.14
1874880,Arma Reforger,Bohemia Interactive,Bohemia Interactive,23326,7297,39.99,39.99,0,11466,350000.0,30623,76.17
208750,Apotheon,Alientrap,Alientrap,3365,374,14.99,14.99,0,3,350000.0,3739,90.0
386620,"Cook, Serve, Delicious! 2!!",Vertigo Gaming Inc.,Vertigo Gaming Inc.,2621,317,14.99,14.99,0,21,350000.0,2938,89.21
215470,Primal Carnage,Lukewarm Media,Circle 5 Publishing,4462,1371,4.99,4.99,0,0,350000.0,5833,76.5
57650,Dungeons,Realmforge Studios,Kalypso Media Digital,378,456,0.99,9.99,90,1,350000.0,834,45.32
1205520,Pentiment,Obsidian Entertainment,Xbox Game Studios,7379,367,19.99,19.99,0,39,350000.0,7746,95.26
226720,LOST PLANET 3,Spark Unlimited,Capcom,2333,1393,24.99,24.99,0,10,350000.0,3726,62.61
434170,The Jackbox Party Pack 3,"Jackbox Games, Inc.","Jackbox Games, Inc.",6080,204,24.99,24.99,0,124,350000.0,6284,96.75
663390,Rento Fortune: Online Dice Board Game (大富翁),LAN - GAMES LTD,LAN - GAMES LTD,1708,1678,4.99,4.99,0,50,350000.0,3386,50.44
2555030,Limsod,Limsod Games,Limsod Games,11,4,4.99,4.99,0,0,350000.0,15,73.33
212630,Tom Clancy's Ghost Recon: Future Soldier,"Ubisoft Paris, Red Storm Entertainment",Ubisoft,3912,1702,19.99,19.99,0,22,350000.0,5614,69.68
115110,Stacking,Double Fine Productions,Double Fine Productions,1587,193,9.99,9.99,0,1,350000.0,1780,89.16
224300,Legacy of Kain: Defiance (2003),Crystal Dynamics,Crystal Dynamics,1004,175,6.99,6.99,0,9,350000.0,1179,85.16
608990,The Archotek Project,The Archotek Project Team,The Archotek Project Team ,528,438,0.99,0.99,0,0,350000.0,966,54.66
41100,Hammerfight,Konstantin Koshutin,KranX Productions,1456,554,0.0,0.0,0,2,350000.0,2010,72.44
1362420,Siege Survival: Gloria Victis Prologue,"Black Eye Games, FishTankStudio",Ravenscourt,846,124,0.0,0.0,0,0,350000.0,970,87.22
2357910,Home Safety Hotline,Night Signal Entertainment,Night Signal Entertainment,2034,177,14.99,14.99,0,23,350000.0,2211,91.99
1278060,Orqa FPV.SkyDive,ORQA,ORQA,1796,384,0.0,0.0,0,77,350000.0,2180,82.39
869760,Stoneshard: Prologue,Ink Stains Games,HypeTrain Digital,3118,470,0.0,0.0,0,0,350000.0,3588,86.9
422970,Devil Daggers,Sorath,Sorath,8641,427,9.99,9.99,0,25,350000.0,9068,95.29
1412190,BEACHED,Gradient Studios,Gradient Studios,2286,1238,0.0,0.0,0,22,350000.0,3524,64.87
372540,The Lost Mythologies,Basaltic studio,Basaltic studio,1139,577,0.0,0.0,0,0,350000.0,1716,66.38
558990,Opus Magnum,Zachtronics,Zachtronics,5848,153,19.99,19.99,0,139,350000.0,6001,97.45
1938010,WILD HEARTS,"KOEI TECMO GAMES CO., LTD.",Electronic Arts,5709,6481,69.99,69.99,0,26,350000.0,12190,46.83
1556790,Isonzo,BlackMill Games,BlackMill Games,12376,2614,29.99,29.99,0,149,350000.0,14990,82.56
296870,Dreaming Sarah,"Asteristic Game Studio, Anthony Septim",Asteristic Game Studio,2550,258,5.99,5.99,0,1,350000.0,2808,90.81
1484720,Dead Estate,Milkbar Lads,2 Left Thumbs,5503,300,14.99,14.99,0,87,350000.0,5803,94.83
1097130,Circuit Superstars,Original Fire Games,Original Fire Games,1955,311,19.99,19.99,0,25,350000.0,2266,86.28
237630,DuckTales: Remastered,WayForward,Capcom,6472,909,14.99,14.99,0,21,350000.0,7381,87.68
265210,Viscera Cleanup Detail: Santa's Rampage,RuneStorm,RuneStorm,5285,502,2.49,2.49,0,9,350000.0,5787,91.33
1264280,Slipways,Beetlewing,Beetlewing,2000,154,16.99,16.99,0,10,350000.0,2154,92.85
95300,Capsized,Alientrap,Alientrap,825,257,9.99,9.99,0,0,350000.0,1082,76.25
363930,Dead Age,Silent Dreams,Headup,4467,1008,14.99,14.99,0,10,350000.0,5475,81.59
1252780,Bloons Monkey City,Ninja Kiwi,Ninja Kiwi,5676,546,0.0,0.0,0,217,350000.0,6222,91.22
1272320,Diplomacy is Not an Option,Door 407,Door 407,8217,1456,29.99,29.99,0,464,350000.0,9673,84.95
522470,The House of Da Vinci,Blue Brain Games,Blue Brain Games,5619,821,4.99,19.99,75,28,350000.0,6440,87.25
207490,Rayman Origins,Ubisoft Montpellier,Ubisoft,4839,309,19.99,19.99,0,37,350000.0,5148,94.0
1822030,The Library of Babel,Tanuki Game Studio,"Neon Doctrine, Raw Fury",60,18,18.99,18.99,0,0,350000.0,78,76.92
40950,Stronghold HD (2012),Firefly Studios,Firefly Studios,9459,438,5.99,5.99,0,106,350000.0,9897,95.57
466170,Idling to Rule the Gods,Shugasu GmbH,Shugasu GmbH,1638,278,0.0,0.0,0,1157,350000.0,1916,85.49
423880,Carpe Diem,Moonlit Works,Moonlit Works,7614,928,0.0,0.0,0,1,350000.0,8542,89.14
108210,Memoir '44 Online,Days of Wonder,"Days of Wonder, Twin Sails Interactive",393,222,0.0,0.0,0,1,350000.0,615,63.9
8170,Battlestations Pacific,Eidos Studio Hungary,Square Enix,1825,733,0.0,0.0,0,7,350000.0,2558,71.34
2378620,Anomaly Agent,Phew Phew Games,"Phew Phew Games, GameDev.ist",8006,355,11.99,11.99,0,7,350000.0,8361,95.75
222520,Champions of Regnum,Nimble Giant Entertainment,Nimble Giant Entertainment,818,379,0.0,0.0,0,51,350000.0,1197,68.34
312450,Order of Battle: World War II,The Artistocrats,Slitherine Ltd.,2350,652,0.0,0.0,0,167,350000.0,3002,78.28
647960,Rusted Warfare - RTS,Corroding Games,Corroding Games,6035,206,4.99,4.99,0,174,350000.0,6241,96.7
1288320,Way of the Hunter,Nine Rocks Games,THQ Nordic,7111,1842,29.99,29.99,0,172,350000.0,8953,79.43
895620,Spellcaster University,Sneaky Yak Studio,"Sneaky Yak Studio, WhisperGames",3357,691,24.99,24.99,0,36,350000.0,4048,82.93
1732190,FATAL FRAME / PROJECT ZERO: Maiden of Black Water,"KOEI TECMO GAMES CO., LTD.","KOEI TECMO GAMES CO., LTD.",4789,1040,27.99,39.99,30,22,350000.0,5829,82.16
318430,Squishy the Suicidal Pig,"Tomi Maarela, Elias Viglione",Panic Art Studios,2815,555,5.99,5.99,0,0,350000.0,3370,83.53
297020,The Culling Of The Cows,Dried Lemons,Dried Lemons,2557,879,4.99,4.99,0,1,350000.0,3436,74.42
746580,HARDCORE MECHA,RocketPunch Games,"RocketPunch Games, Lightning Games",2168,445,19.99,19.99,0,1,350000.0,2613,82.97
2056220,Bloody Hell,Pun Intended,Pun Intended,5840,123,0.0,0.0,0,12,350000.0,5963,97.94
1468720,Ultimate Epic Battle Simulator 2,Brilliant Game Studios,Brilliant Game Studios,5392,1017,19.99,19.99,0,85,350000.0,6409,84.13
307960,IL-2 Sturmovik: Battle of Stalingrad,FOR-GAMES CR LTD,FOR-GAMES CR LTD,7142,1888,12.49,49.99,75,179,350000.0,9030,79.09
32390,STAR WARS Jedi Knight - Mysteries of the Sith,LucasArts,"LucasArts, Lucasfilm, Disney",650,329,2.99,2.99,0,2,350000.0,979,66.39
1216320,Shieldwall,Nezon Production,Nezon Production,5662,836,17.99,17.99,0,41,350000.0,6498,87.13
214870,Painkiller Hell & Damnation,The Farm 51,Prime Matter,3258,919,19.99,19.99,0,4,350000.0,4177,78.0
471550,Nine Parchments,Frozenbyte,Frozenbyte,3427,997,3.99,19.99,80,18,350000.0,4424,77.46
513230,The Underground Man,Mehsoft,Mehsoft,1110,282,1.99,1.99,0,0,350000.0,1392,79.74
2878600,Harry Potter: Quidditch Champions,Unbroken Studios,Warner Bros. Games,2258,657,29.99,29.99,0,28,350000.0,2915,77.46
1035510,Ultimate Zombie Defense,Terror Dog Studio,Terror Dog Studio,2741,447,4.99,4.99,0,15,350000.0,3188,85.98
376870,Minecraft: Story Mode - A Telltale Games Series,Telltale Games,Telltale Games,6332,1880,0.0,0.0,0,9,350000.0,8212,77.11
572430,Party Hard 2,"Pinokl Games, Kverta, Hologryph",tinyBuild,2368,640,3.99,19.99,80,23,350000.0,3008,78.72
214730,Space Rangers HD: A War Apart,"SNK Games, Elemental Games, Katauri Interactive",Fulqrum Publishing,6289,377,14.99,14.99,0,140,350000.0,6666,94.34
2437510,BTD:BTD,rucsgames,rucsgames,22,4,10.99,10.99,0,0,350000.0,26,84.62
2239550,Watch Dogs: Legion,Ubisoft Toronto,Ubisoft,5796,4334,59.99,59.99,0,197,350000.0,10130,57.22
499420,Star Fields,AG media,Back To Basics Gaming,103,82,1.99,1.99,0,0,350000.0,185,55.68
21980,Call of Juarez: Bound in Blood,Techland,Techland Publishing,3957,588,1.99,9.99,80,19,350000.0,4545,87.06
29800,Caster,Elecorn,Elecorn,3156,811,9.99,9.99,0,0,350000.0,3967,79.56
317410,Color Symphony,REMIMORY,REMIMORY,942,345,0.0,0.0,0,3,350000.0,1287,73.19
313740,Sakura Spirit,Winged Cloud,Winged Cloud,5448,1504,9.99,9.99,0,1,350000.0,6952,78.37
784950,CONFLICT OF NATIONS: WORLD WAR 3,Dorado Games,Dorado Games,4033,1224,0.0,0.0,0,301,350000.0,5257,76.72
260410,Get Off My Lawn!,Digital Leisure Inc.,Digital Leisure Inc.,1266,451,0.0,0.0,0,1,350000.0,1717,73.73
404590,Vikings - Wolves of Midgard,Games Farm,Kalypso Media Digital,2630,1785,5.99,29.99,80,3,350000.0,4415,59.57
991170,Barn Finders,Duality Games,"Duality Games, PlayWay S.A., HeartBeat Games",3418,729,19.99,19.99,0,22,350000.0,4147,82.42
1593030,Terra Nil,"Free Lives, Clockwork Acorn",Devolver Digital,6118,869,24.99,24.99,0,99,350000.0,6987,87.56
1016950,Blood Bowl 3,Cyanide Studio,Slitherine Ltd.,2370,2491,29.99,29.99,0,184,350000.0,4861,48.76
1495250,LineVox,Piece Of Voxel,Piece Of Voxel,10,10,9.99,9.99,0,0,350000.0,20,50.0
1236300,Resident Evil Re:Verse,"CAPCOM Co., Ltd.","CAPCOM Co., Ltd.",1557,3056,0.0,0.0,0,9,350000.0,4613,33.75
231200,Kentucky Route Zero: PC Edition,Cardboard Computer,Cardboard Computer,3346,812,24.99,24.99,0,4,350000.0,4158,80.47
225320,Tomb Raider III (1998),Core Design,Crystal Dynamics,1253,239,6.99,6.99,0,3,350000.0,1492,83.98
1184050,Gears Tactics,"Splash Damage, The Coalition",Xbox Game Studios,5455,1813,29.99,29.99,0,44,350000.0,7268,75.06
986220,RAN: Lost Islands,Jolly Roger Game,Jolly Roger Game,103,200,0.0,0.0,0,1,350000.0,303,33.99
485980,Syrian Warfare,Cats Who Play,Cats Who Play,4543,689,13.99,13.99,0,28,350000.0,5232,86.83
253490,CABAL Online,ESTgames Corp.,ESTsoft Inc.,746,349,0.0,0.0,0,0,350000.0,1095,68.13
886250,PokerStars VR,Lucky VR Inc.,The Stars Group Inc.,5700,1442,0.0,0.0,0,171,350000.0,7142,79.81
1196630,Nexomon: Extinction,VEWO Interactive Inc.,"PQube, VEWO Interactive Inc.",2951,286,19.99,19.99,0,70,350000.0,3237,91.16
586200,Street Fighter 30th Anniversary Collection,Digital Eclipse,"Capcom U.S.A, Inc.",2132,918,29.99,29.99,0,56,350000.0,3050,69.9
1092700,Hello Neighbor Pre-Alpha,Dynamic Pixels,tinyBuild,1809,187,0.0,0.0,0,11,350000.0,1996,90.63
212010,Galaxy on Fire 2 Full HD,Fishlabs Entertainment GmbH,bitComposer Games,1637,513,7.99,7.99,0,10,350000.0,2150,76.14
940710,Colt Canyon,Retrific,Headup,1497,195,14.99,14.99,0,17,350000.0,1692,88.48
356040,Sheltered,"Unicube, Team 17 Digital Ltd",Team17 Digital Ltd,4972,1120,14.99,14.99,0,22,350000.0,6092,81.62
1173810,FINAL FANTASY V,Square Enix,Square Enix,1713,222,17.99,17.99,0,95,350000.0,1935,88.53
1028470,Dis The Game,Leaf,DisStream,917,651,0.0,0.0,0,0,350000.0,1568,58.48
264380,Narcissu 1st & 2nd,stage-nana,Sekai Project,4675,206,0.0,0.0,0,14,350000.0,4881,95.78
606800,Startup Company,Hovgaard Games,Hovgaard Games,4942,1120,12.99,12.99,0,49,350000.0,6062,81.52
2166060,Amanda the Adventurer,MANGLEDmaw Games,DreadXP,5993,391,8.99,8.99,0,27,350000.0,6384,93.88
527760,Just Hero,Anatoliy Loginovskikh,Sometimes You,177,170,0.99,0.99,0,0,350000.0,347,51.01
274560,Revolution Ace,"Laser Guided Games, LLC","Laser Guided Games, LLC",1392,530,4.99,4.99,0,0,350000.0,1922,72.42
1225560,Unravel,Coldwood Interactive,Electronic Arts,4556,481,4.99,19.99,75,10,350000.0,5037,90.45
2420,The Ship: Single Player,Outerlight Ltd.,Blazing Griffin Ltd.,664,269,9.99,9.99,0,1,350000.0,933,71.17
1098540,Monsters sandbox,xFAIRx,xFAIRx,13,6,0.99,0.99,0,0,350000.0,19,68.42
448070,Red Risk,Microblast Games,SA Industry,546,391,4.99,4.99,0,0,350000.0,937,58.27
593280,Cat Quest,The Gentlebros,Kepler Interactive,9225,501,3.24,12.99,75,32,350000.0,9726,94.85
321800,Icewind Dale: Enhanced Edition,Beamdog,Beamdog,2977,338,19.99,19.99,0,57,350000.0,3315,89.8
652980,Loading Screen Simulator,CakeEaterGames,CakeEaterGames,7477,1136,0.0,0.0,0,6,350000.0,8613,86.81
504210,SHENZHEN I/O,Zachtronics,Zachtronics,3958,205,14.99,14.99,0,45,350000.0,4163,95.08
213330,LEGO Batman 2: DC Super Heroes,TT Games,Warner Bros. Interactive Entertainment,6957,426,19.99,19.99,0,84,350000.0,7383,94.23
922320,Sniper 3D Assassin: Free to Play,Fun Games For Free,Fun Games For Free,1070,595,0.0,0.0,0,24,350000.0,1665,64.26
1213700,Spirit of the North,Infuse Studio,Silver Lining Interactive,4556,823,19.99,19.99,0,18,350000.0,5379,84.7
1461810,《蜀山：初章》买断版,重楼工作室,重楼工作室,4452,1533,24.99,24.99,0,31,350000.0,5985,74.39
536270,Ancestors: The Humankind Odyssey,Panache Digital Games,Private Division,8006,2180,39.99,39.99,0,103,350000.0,10186,78.6
12320,Sacred Gold,Studio II,THQ Nordic,3597,613,9.99,9.99,0,37,350000.0,4210,85.44
992310,Backbone: Prologue,EggNut,Raw Fury,3989,133,0.0,0.0,0,2,350000.0,4122,96.77
3170,King's Bounty: Armored Princess,Katauri Interactive,Fulqrum Publishing,1116,115,9.99,9.99,0,47,350000.0,1231,90.66
200170,Worms Revolution,Team17 Digital Ltd,Team17 Digital Ltd,7646,1126,2.99,14.99,80,23,350000.0,8772,87.16
1708520,F1 Manager 2022,Frontier Developments,Frontier Developments,7986,2830,0.0,0.0,0,53,350000.0,10816,73.84
41050,Serious Sam Classic: The First Encounter,Croteam,Devolver Digital,3008,125,5.99,5.99,0,11,350000.0,3133,96.01
354290,LoveBeat,"CRAZYDIAMOND CO., LTD.","CRAZYDIAMOND CO., LTD.",1228,402,0.0,0.0,0,195,350000.0,1630,75.34
204180,Waveform,Eden Industries,Eden Industries,1774,369,1.99,1.99,0,0,350000.0,2143,82.78
619910,Just Cause 3: Multiplayer Mod,nanos GbR,"nanos GbR, Square Enix",2078,580,0.0,0.0,0,2,350000.0,2658,78.18
719310,King's Table - The Legend of Ragnarok,Imagitec,Ziggurat,4,9,4.99,4.99,0,0,350000.0,13,30.77
334040,Down To One,Gadget Games,My Way Games,850,1291,0.54,4.99,89,7,350000.0,2141,39.7
269670,BADLAND: Game of the Year Edition,Frogmind,Frogmind,2637,440,1.79,11.99,85,6,350000.0,3077,85.7
545650,High Profits,Double Coconut,Double Coconut,464,494,0.0,0.0,0,8,350000.0,958,48.43
245390,"I Have No Mouth, and I Must Scream","The Dreamers Guild, QUByte Interactive","Nightdive Studios, Atari",2496,290,9.99,9.99,0,16,350000.0,2786,89.59
251990,Long Live The Queen,Hanako Games,Hanako Games,6681,357,9.99,9.99,0,16,350000.0,7038,94.93
499520,The Turing Test,BULKHEAD,BULKHEAD,6915,979,24.99,24.99,0,2,350000.0,7894,87.6
308060,Black The Fall,Sand Sailor Studio,Square Enix,1356,385,14.99,14.99,0,1,350000.0,1741,77.89
243200,The Dark Eye: Memoria,Daedalic Entertainment,Daedalic Entertainment,2113,247,19.99,19.99,0,2,350000.0,2360,89.53
1592670,Soda Crisis,Team Soda,bilibili,2824,201,10.99,10.99,0,2,350000.0,3025,93.36
543460,Dead Rising 4,"Capcom Game Studio Vancouver, Inc.",Capcom,4433,3373,5.99,29.99,80,46,350000.0,7806,56.79
913740,WORLD OF HORROR,panstasz,"Ysbryd Games, PLAYISM",8588,793,19.99,19.99,0,23,350000.0,9381,91.55
323320,Grow Home,"Reflections, a Ubisoft Studio","Infogrames, Atari",5010,455,7.99,7.99,0,5,350000.0,5465,91.67
381940,Trials on Tatooine,ILMxLAB,ILMxLAB,1094,286,0.0,0.0,0,2,350000.0,1380,79.28
1173510,XSOverlay,Xiexe,Xiexe,1234,209,9.99,9.99,0,975,350000.0,1443,85.52
1042550,Digimon Story Cyber Sleuth: Complete Edition,"h.a.n.d., Inc., Media.Vision Inc.",BANDAI NAMCO Entertainment Inc.,9933,1026,4.99,49.99,90,968,350000.0,10959,90.64
1972440,Shotgun King: The Final Checkmate,PUNKCAKE Delicieux,PUNKCAKE Delicieux,5883,537,9.99,9.99,0,71,350000.0,6420,91.64
423580,Project Highrise,SomaSim,Kasedo Games,3876,693,19.99,19.99,0,60,350000.0,4569,84.83
994220,NEOVERSE,Tinogames Inc.,Tinogames Inc.,3155,588,19.99,19.99,0,4,350000.0,3743,84.29
391260,Labyronia RPG,Labyrinthine,Senpai Industrial Studios,944,331,1.99,1.99,0,1,350000.0,1275,74.04
1114150,CarX Street,"CarX Technologies, LLC","CarX Technologies, LLC",7566,3121,8.99,19.99,55,499,350000.0,10687,70.8
115120,Iron Brigade,Double Fine Productions,"Double Fine Productions, Xbox Game Studios",982,170,14.99,14.99,0,2,350000.0,1152,85.24
900040,ELEX II,Piranha Bytes,THQ Nordic,4696,1687,49.99,49.99,0,61,350000.0,6383,73.57
1230140,ATRI -My Dear Moments-,"Frontwing, 枕",ANIPLEX.EXE,20584,298,20.99,20.99,0,72,350000.0,20882,98.57
241260,Sherlock Holmes: Crimes and Punishments,Frogwares,Frogwares,6469,722,29.99,29.99,0,19,350000.0,7191,89.96
557780,Atom Fishing II,Woolf,R-Age,1200,387,0.0,0.0,0,0,350000.0,1587,75.61
473950,Manifold Garden,William Chyr Studio,William Chyr Studio,6901,328,4.99,19.99,75,18,350000.0,7229,95.46
208730,Game of Thrones,Cyanide Studios,,1681,640,14.99,14.99,0,2,350000.0,2321,72.43
2656540,Ballads of Hongye: REBORN,珠海金山数字网络科技有限公司,"海南西山居互动娱乐科技有限公司, Gamirror Games",3089,498,1.99,1.99,0,59,350000.0,3587,86.12
520720,Dear Esther: Landmark Edition,"The Chinese Room, Robert Briscoe",Secret Mode,5103,1746,9.99,9.99,0,5,350000.0,6849,74.51
2521380,Legacy of Kain Soul Reaver 1&2 Remastered,"Aspyr, Crystal Dynamics",Aspyr,2418,242,29.99,29.99,0,167,350000.0,2660,90.9
814480,Mini World: Block Art,MINOVATE HONG KONG LIMITED,MINOVATE HONG KONG LIMITED,2519,1835,0.0,0.0,0,105,350000.0,4354,57.85
1443200,Class of '09,SBN3,SBN3,6720,323,9.99,9.99,0,46,350000.0,7043,95.41
366250,METAL SLUG,Dotemu,SNK CORPORATION,3983,474,7.99,7.99,0,13,350000.0,4457,89.37
1367170,Planet's Edge,New World Computing,Ziggurat,5,1,7.99,7.99,0,0,350000.0,6,83.33
543900,METAL GEAR SURVIVE,KONAMI,KONAMI,3678,1903,17.99,29.99,40,15,350000.0,5581,65.9
345350,LIGHTNING RETURNS: FINAL FANTASY XIII,Square Enix,Square Enix,3508,919,19.99,19.99,0,47,350000.0,4427,79.24
287120,Ionball 2: Ionstorm,Ironsun Studios,KISS ltd,460,202,4.99,4.99,0,0,350000.0,662,69.49
1295920,The Mortuary Assistant,DarkStone Digital,DreadXP,6867,579,24.99,24.99,0,80,350000.0,7446,92.22
951440,Volcanoids,Volcanoid,Volcanoid,7404,1511,19.99,19.99,0,65,350000.0,8915,83.05
243800,Gas Guzzlers Extreme,Gamepires,Gamepires,3444,555,24.99,24.99,0,5,350000.0,3999,86.12
465520,PRICE,YETU GAME,YETU GAME,4793,301,0.0,0.0,0,0,350000.0,5094,94.09
419480,Starpoint Gemini Warlords,Little Green Men Games,Little Green Men Games,2593,939,34.99,34.99,0,13,350000.0,3532,73.41
204530,Infested Planet,Rocket Bear Games,Rocket Bear Games,2767,190,14.99,14.99,0,6,350000.0,2957,93.57
4850,Cossacks: Back to War,GSC Game World,GSC World Publishing,2445,317,4.99,4.99,0,124,350000.0,2762,88.52
848350,Katamari Damacy REROLL,MONKEYCRAFT Co. Ltd.,BANDAI NAMCO Entertainment,5615,406,29.99,29.99,0,26,350000.0,6021,93.26
2918150,ONE PIECE Bounty Rush,SEGA,Bandai Namco Entertainment Inc.,1787,864,0.0,0.0,0,1469,350000.0,2651,67.41
452060,Caveblazers,Deadpan Games,Yogscast Games,3762,632,0.89,9.99,91,32,350000.0,4394,85.62
346120,Boring Man - Online Tactical Stickman Combat,Spasman Games,Spasman Games,4800,651,0.0,0.0,0,12,350000.0,5451,88.06
341720,Among Ripples,Eat Create Sleep,Eat Create Sleep,980,460,0.0,0.0,0,0,350000.0,1440,68.06
214360,Tower Wars,SuperVillain Studios,SuperVillain Studios,1265,486,7.99,7.99,0,1,350000.0,1751,72.24
15320,IL-2 Sturmovik: 1946,1C: Maddox Games,Fulqrum Publishing,2642,363,9.99,9.99,0,20,350000.0,3005,87.92
1293860,The Riftbreaker: Prologue,EXOR Studios,"EXOR Studios, Surefire.Games",3916,184,0.0,0.0,0,1,350000.0,4100,95.51
397720,Romance of the Three Kingdoms Maker,"KOEI TECMO GAMES CO., LTD.","KOEI TECMO GAMES CO., LTD.",217,109,9.99,9.99,0,13,350000.0,326,66.56
960690,One Step From Eden,Thomas Moon Kang,"Balor Games, Maple Whispering Limited",6940,495,19.99,19.99,0,22,350000.0,7435,93.34
1477070,Depersonalization,MeowNature,Gamirror Games,5571,384,19.99,19.99,0,175,350000.0,5955,93.55
296970,Renowned Explorers: International Society,Abbey Games,Abbey Games,2609,238,19.99,19.99,0,7,350000.0,2847,91.64
527770,Russian SuperHero Dead Ivan,Anatoliy Loginovskikh,Sometimes You,131,136,0.99,0.99,0,0,350000.0,267,49.06
1618540,Ghost Exorcism INC.,StudioGoupil,StudioGoupil,4104,1320,11.99,11.99,0,9,350000.0,5424,75.66
1580520,Lost Eidolons,"Ocean Drive Studio, Inc.","Ocean Drive Studio, Inc.",1372,592,34.99,34.99,0,23,350000.0,1964,69.86
553310,Lethal League Blaze,Team Reptile,Team Reptile,6209,200,19.99,19.99,0,30,350000.0,6409,96.88
557600,Gorogoa,Buried Signal,Annapurna Interactive,17531,435,14.99,14.99,0,21,350000.0,17966,97.58
644570,Material Girl,Dieselmine,Paradise Project,7359,688,0.0,0.0,0,6,350000.0,8047,91.45
33460,From Dust,Ubisoft Montpellier,Ubisoft,1917,943,14.99,14.99,0,4,350000.0,2860,67.03
562540,Cabals: Card Blitz,Kyy Games,BISBOG SA,59,52,0.0,0.0,0,2,350000.0,111,53.15
467960,Home Behind,TPP Studio,TPP Studio,5049,917,5.99,5.99,0,12,350000.0,5966,84.63
651670,Star Renegades,"Massive Damage, Inc.",Raw Fury,2357,483,24.99,24.99,0,26,350000.0,2840,82.99
661130,ChilloutVR,Alpha Blend Interactive,Alpha Blend Interactive,1905,451,0.0,0.0,0,35,350000.0,2356,80.86
627950,1914: Prelude to Chaos,Amaterasu Software,Amaterasu Software,99,79,0.99,0.99,0,0,350000.0,178,55.62
322110,20XX,"Batterystaple Games, Fire Hose Games",Batterystaple Games,4021,377,14.99,14.99,0,11,350000.0,4398,91.43
1062810,Inkbound,Shiny Shoe,Shiny Shoe,3225,468,29.99,29.99,0,178,350000.0,3693,87.33
840800,Outlaws of the Old West,Virtual Basement LLC,Wandering Wizard,3715,2533,19.99,19.99,0,8,350000.0,6248,59.46
1051690,Nightmare Reaper,Blazing Bit Games,Blazing Bit Games,3324,225,24.99,24.99,0,12,350000.0,3549,93.66
466130,White Day: A Labyrinth Named School,SONNORI Corp,"PQube, SONNORI Corp",3238,765,29.99,29.99,0,48,350000.0,4003,80.89
1737340,Noobs Want to Live,元气弹工作室(GD Studio),Lightning Games,4362,502,4.99,4.99,0,23,350000.0,4864,89.68
1877970,Swinging-Man,Cuddle Code,Cuddle Code,9,2,4.99,4.99,0,0,350000.0,11,81.82
344740,CRYPTARK,Alientrap,Alientrap,1502,320,14.99,14.99,0,7,350000.0,1822,82.44
1740720,Have a Nice Death,Magic Design Studios,Arc Games,8588,1351,24.99,24.99,0,91,350000.0,9939,86.41
611020,CityBattle | Virtual Earth,LLC RIKOR IMT,LLC RIKOR IMT,1008,499,0.0,0.0,0,0,350000.0,1507,66.89
61700,Might & Magic: Clash of Heroes,Capybara Games,Ubisoft,2153,385,0.0,0.0,0,19,350000.0,2538,84.83
493200,RiME,"Tequila Works, QLOC","Grey Box, Six Foot",4585,494,29.99,29.99,0,1,350000.0,5079,90.27
1296360,Archvale,idoz & phops,Balor Games,1992,250,14.99,14.99,0,5,350000.0,2242,88.85
225000,Tomb Raider V: Chronicles (2000),Core Design,Crystal Dynamics,628,235,6.99,6.99,0,3,350000.0,863,72.77
33320,Prince of Persia: The Forgotten Sands,Ubisoft Montreal,Ubisoft,1767,768,9.99,9.99,0,5,350000.0,2535,69.7
1330000,Stolen Realm,Burst2Flame Games,Burst2Flame Games,2755,477,19.99,19.99,0,74,350000.0,3232,85.24
1121910,"I Love You, Colonel Sanders! A Finger Lickin’ Good Dating Simulator",Psyop,KFC,11583,1025,0.0,0.0,0,5,350000.0,12608,91.87
1124660,STORM AREA 51: AYY LMAO EDITION,Agafonoff,Agafonoff,789,224,2.99,2.99,0,1,350000.0,1013,77.89
1092710,Hello Neighbor Alpha 1,Dynamic Pixels,tinyBuild,3212,267,0.0,0.0,0,22,350000.0,3479,92.33
391780,Uebergame,Duion,Duion,254,223,0.0,0.0,0,1,350000.0,477,53.25
1097420,No-brainer Heroes 挂机吧！勇者,小团团工作室,小团团工作室,1253,424,9.99,9.99,0,11,350000.0,1677,74.72
24870,Need for Speed: Shift,Slightly Mad Studios,Electronic Arts,2205,622,0.0,0.0,0,4,350000.0,2827,78.0
235800,Audiosurf 2,Dylan Fitterer,Dylan Fitterer,4945,1025,14.99,14.99,0,9,350000.0,5970,82.83
456750,The Room Three,Fireproof Games,Fireproof Games,11581,501,5.99,5.99,0,46,350000.0,12082,95.85
480650,Yu-Gi-Oh! Legacy of the Duelist,Other Ocean Interactive,KONAMI,4041,754,4.99,19.99,75,81,350000.0,4795,84.28
708720,Gridiron,1336 Studios,1336 Studios,1597,422,0.0,0.0,0,1,350000.0,2019,79.1
292630,Uriel's Chasm,Rail Slave Games,KPL,491,2219,4.99,4.99,0,0,350000.0,2710,18.12
312780,Way of the Samurai 4,ACQUIRE Corp.,"Spike Chunsoft Co., Ltd.",1493,386,2.49,24.99,90,14,350000.0,1879,79.46
275490,Canyon Capers,CrazyMoo Games,Sunset Sugar Studios,858,1044,6.99,6.99,0,0,350000.0,1902,45.11
473560,Cosmic Dust & Rust,16bit Nights,Back To Basics Gaming,278,195,1.99,1.99,0,2,350000.0,473,58.77
1295510,DRAGON QUEST XI S: Echoes of an Elusive Age - Definitive Edition,Square Enix,Square Enix,9368,675,39.99,39.99,0,936,350000.0,10043,93.28
1509510,Settlement Survival,Gleamer Studio,"Team17, Gleamer Studio",6309,971,5.37,21.49,75,111,350000.0,7280,86.66
314450,Star Saviors,Sharpened Edge Studios,,1378,297,1.99,1.99,0,0,350000.0,1675,82.27
237950,UFO: Afterlight,Altar Games,Bohemia Interactive,337,180,6.99,6.99,0,7,350000.0,517,65.18
1361510,Teenage Mutant Ninja Turtles: Shredder's Revenge,Tribute Games Inc.,Dotemu,12978,770,24.99,24.99,0,50,350000.0,13748,94.4
1067310,Gravitas,Galaxy Shark Studios,Galaxy Shark Studios,6738,137,0.0,0.0,0,3,350000.0,6875,98.01
1437820,Heroes of the Three Kingdoms,"USERJOY Technology Co.,Ltd.","USERJOY Technology Co.,Ltd., Phoenix Game",1152,98,0.99,0.99,0,74,350000.0,1250,92.16
42670,Singularity,Raven Software,Activision,5183,395,9.89,29.99,67,11,350000.0,5578,92.92
502550,Strike.is: The Game,Freakinware Limited,Freakinware Limited,909,332,0.0,0.0,0,2,350000.0,1241,73.25
1431610,Prison Simulator: Prologue,Baked Games,"Baked Games, PlayWay S.A.",2597,315,0.0,0.0,0,2,350000.0,2912,89.18
385270,Jet Racing Extreme: The First Encounter,Real Dynamics,Real Dynamics,1011,399,3.99,3.99,0,0,350000.0,1410,71.7
1700,Arx Fatalis,Arkane Studios,Bethesda Softworks,1958,273,4.99,4.99,0,6,350000.0,2231,87.76
24810,Command & Conquer 3: Kane’s Wrath,EA Los Angeles,Electronic Arts,4778,294,19.88,19.88,0,346,350000.0,5072,94.2
604500,Tank Force,XDEVS LTD,XDEVS LTD,1850,944,0.0,0.0,0,173,350000.0,2794,66.21
1637730,Crystal Project,Andrew Willman,Andrew Willman,2070,167,13.99,13.99,0,29,350000.0,2237,92.53
203830,The Dark Eye: Chains of Satinav,Daedalic Entertainment,Daedalic Entertainment,2042,311,1.99,19.99,90,4,350000.0,2353,86.78
2653790,The Exit 8,KOTAKE CREATE,PLAYISM,7846,548,2.79,3.99,30,46,350000.0,8394,93.47
406350,KartKraft,Motorsport Games,Motorsport Games,2668,991,24.99,24.99,0,11,350000.0,3659,72.92
461910,Forge of Gods (RPG),Panoramik Inc,Panoramik Inc,1991,663,0.0,0.0,0,0,350000.0,2654,75.02
604540,Empire of Sin,Romero Games,Paradox Interactive,2840,3174,39.99,39.99,0,50,350000.0,6014,47.22
312610,METAL SLUG X,"SNK CORPORATION, Dotemu",SNK CORPORATION,3139,421,7.99,7.99,0,10,350000.0,3560,88.17
454120,Starbase,Frozenbyte,Frozenbyte,3824,2782,10.49,34.99,70,6,350000.0,6606,57.89
1230170,Gunsmith Simulator: Prologue,GameHunters,PlayWay S.A.,1355,233,0.0,0.0,0,5,350000.0,1588,85.33
247910,Sniper Elite: Nazi Zombie Army 2,,Rebellion,3493,628,14.99,14.99,0,7,350000.0,4121,84.76
417290,Ghost of a Tale,SeithCG,SeithCG,4498,405,19.99,19.99,0,6,350000.0,4903,91.74
978460,Emily is Away <3,Kyle Seeley,Kyle Seeley,5618,496,9.99,9.99,0,17,350000.0,6114,91.89
664430,WWE 2K18,"Visual Concepts, Yuke's Co., LTD",2K,1164,996,0.0,0.0,0,2,350000.0,2160,53.89
201210,Pox Nora,Desert Owl Games LLC,Desert Owl Games LLC,649,204,0.0,0.0,0,22,350000.0,853,76.08
1520,DEFCON,Introversion Software,Introversion Software,3657,525,11.99,11.99,0,8,350000.0,4182,87.45
201570,Really Big Sky,Boss Baddie,Ripstone,1422,472,4.99,4.99,0,0,350000.0,1894,75.08
266010,LYNE,Thomas Bowker,Thomas Bowker,7825,355,2.99,2.99,0,9,350000.0,8180,95.66
1881200,TRYP FPV: Drone Racer Simulator,UNDEAD BATTERY,UNDEAD BATTERY,2187,385,16.99,16.99,0,33,350000.0,2572,85.03
441870,OutDrive,DNVR Prod,DNVR Prod,3529,1120,2.27,2.99,24,2,350000.0,4649,75.91
278970,Digger Online,DiggerGames,DiggerGames,8751,9229,7.99,7.99,0,8,350000.0,17980,48.67
255320,Edna & Harvey: The Breakout,Daedalic Entertainment,Daedalic Entertainment,1396,229,14.99,14.99,0,8,350000.0,1625,85.91
1218250,We Went Back,Dead Thread Games,Dead Thread Games,3956,671,0.0,0.0,0,2,350000.0,4627,85.5
1457080,The Mageseeker: A League of Legends Story,Digital Sun,Riot Forge,2126,394,29.99,29.99,0,6,350000.0,2520,84.37
1927720,Monument Valley,ustwo games,ustwo games,6189,120,7.99,7.99,0,58,350000.0,6309,98.1
1651880,Welcome To Lakewood,Space Slug Studios,Space Slug Studios,7,2,0.99,0.99,0,0,350000.0,9,77.78
2399420,Le Mans Ultimate,Studio 397,Studio 397,5903,1520,21.99,39.99,45,984,350000.0,7423,79.52
1236990,Boris and the Dark Survival,Joey Drew Studios,Joey Drew Studios,3170,377,2.99,2.99,0,6,350000.0,3547,89.37
696170,SENRAN KAGURA Peach Beach Splash,Tamsoft,"XSEED Games, Marvelous USA, Inc., Marvelous",3350,790,29.99,29.99,0,3,350000.0,4140,80.92
1305420,Agrou,Osmose Studio,Wankil Studio,2436,351,4.99,4.99,0,0,350000.0,2787,87.41
1937500,Let's School,Pathea Games,"Pathea Games, PM Studios, inc.",5853,440,19.99,19.99,0,205,350000.0,6293,93.01
1114220,Gedonia,Kazakov Oleg,Kazakov Oleg,3213,439,14.99,14.99,0,10,350000.0,3652,87.98
873940,Crying Suns,Alt Shift,Alt Shift,3664,603,24.99,24.99,0,12,350000.0,4267,85.87
94300,The Dream Machine: Chapter 1 & 2,Cockroach Inc.,The Sleeping Machine,1893,280,3.99,3.99,0,3,350000.0,2173,87.11
1324130,Stranded: Alien Dawn,Haemimont Games,Paradox Interactive,8504,1510,34.99,34.99,0,538,350000.0,10014,84.92
1094030,Lurk in the Dark : Prologue,IDEA FRUITION,IDEA FRUITION,1873,239,0.0,0.0,0,1,350000.0,2112,88.68
604990,Stratside,Albert Espín,Albert Espín,5,0,4.99,4.99,0,0,350000.0,5,100.0
1184810,Mainframe Defenders,Synthetic Domain,Synthetic Domain,609,82,5.99,5.99,0,16,350000.0,691,88.13
504490,The God's Chain,CRASS Studios,CRASS Infotech,152,256,4.99,4.99,0,4,350000.0,408,37.25
220820,Zombie Driver HD,Exor Studios,Exor Studios,3280,653,9.99,9.99,0,5,350000.0,3933,83.4
250620,Among the Sleep - Enhanced Edition,Krillbite Studio,Krillbite Studio,6728,877,16.99,16.99,0,12,350000.0,7605,88.47
1214280,Walking Simulator,Pugscape,Pugscape,8261,1133,0.0,0.0,0,2,350000.0,9394,87.94
22200,Zeno Clash,ACE Team,ACE Team,2621,424,9.99,9.99,0,12,350000.0,3045,86.08
270450,Robot Roller-Derby Disco Dodgeball,Erik Asmussen,Erik Asmussen,3572,292,9.99,9.99,0,1,350000.0,3864,92.44
2192640,The Iron Union,Horn of the sea,Horn of the sea,4,1,0.99,0.99,0,0,350000.0,5,80.0
461560,MANDAGON,Blind Sky Studios,Blind Sky Studios,5385,281,0.0,0.0,0,2,350000.0,5666,95.04
306040,The Howler,"Antanas Marcelionis, Renė Petrulienė",Antanas Marcelionis,1631,468,0.0,0.0,0,0,350000.0,2099,77.7
311310,Naval Action,Bermuda Computer Club,Bermuda Computer Club,7428,6110,19.99,19.99,0,550,350000.0,13538,54.87
638490,Soldat,"Transhuman Design, Soldat Team",Transhuman Design,1640,94,0.0,0.0,0,3,350000.0,1734,94.58
105000,A New Beginning - Final Cut,Daedalic Entertainment,Daedalic Entertainment,1481,503,9.99,9.99,0,4,350000.0,1984,74.65
230270,N++ (NPLUSPLUS),Metanet Software Inc.,Metanet Software Inc.,3003,203,14.99,14.99,0,10,350000.0,3206,93.67
662320,METRO CONFLICT: THE ORIGIN,"RED DUCK, INC.","RED DUCK, INC.",801,661,0.0,0.0,0,0,350000.0,1462,54.79
386880,Rake,Konsordo,Konsordo,3096,1268,4.99,4.99,0,1,350000.0,4364,70.94
1639790,Northern Journey,Slid Studio,Slid Studio,3004,94,11.99,11.99,0,3,350000.0,3098,96.97
214790,The Basement Collection,"Edmund McMillen, Tyler Glaiel",Edmund McMillen,1295,206,3.99,3.99,0,2,350000.0,1501,86.28
1194930,Blackthorn Arena,PersonaeGame Studio,Light Up Games,2599,1178,12.49,24.99,50,2,350000.0,3777,68.81
495140,NARUTO: Ultimate Ninja STORM,CyberConnect2 Co. Ltd.,BANDAI NAMCO Entertainment,4984,1561,9.99,19.99,50,39,350000.0,6545,76.15
312750,Final Fantasy IV (3D Remake),"Square Enix, DotEmu SAS.",Square Enix,2479,470,15.99,15.99,0,48,350000.0,2949,84.06
1194630,The Dark Pictures Anthology: Little Hope,Supermassive Games,BANDAI NAMCO Entertainment Europe,6525,2368,19.99,19.99,0,38,350000.0,8893,73.37
658570,FURIDASHI: Drift Cyber Sport,Drift Physics Crew,Drift Physics Crew,973,214,11.99,11.99,0,0,350000.0,1187,81.97
6550,Devil May Cry 3 Special Edition,"CAPCOM Co., Ltd.",Capcom,2470,1501,0.0,0.0,0,8,350000.0,3971,62.2
340170,FINAL FANTASY TYPE-0 HD,Square Enix,Square Enix,1892,1155,29.99,29.99,0,8,350000.0,3047,62.09
236450,PAC-MAN Championship Edition DX+,"Mine Loader Software Co., Ltd.",BANDAI NAMCO Entertainment,7496,353,2.49,9.99,75,15,350000.0,7849,95.5
250260,Jazzpunk: Director's Cut,Necrophone Games,Necrophone Games,7165,504,14.99,14.99,0,4,350000.0,7669,93.43
2795640,BOXHEAD:Immortal,"Fire Source Studio, Sean Cooper",Fire Source Studio,93,19,4.99,4.99,0,2,350000.0,112,83.04
979070,Just Die Already,DoubleMoose Games,Curve Games,2796,597,2.24,14.99,85,20,350000.0,3393,82.4
617670,Zup! S,Quiet River,Quiet River,10555,265,1.99,1.99,0,17,350000.0,10820,97.55
607890,Sword Art Online: Hollow Realization Deluxe Edition,AQURIA,BANDAI NAMCO Entertainment,5999,1572,19.99,39.99,50,21,350000.0,7571,79.24
214700,Thirty Flights of Loving,Blendo Games,"Blendo Games, Klei Publishing",1152,674,4.99,4.99,0,0,350000.0,1826,63.09
3146110,Hit of Chernobyl,Really Skinny Nerd,Really Skinny Nerd,22,10,0.0,0.0,0,0,350000.0,32,68.75
363680,Battlefleet Gothic: Armada (Classic),Tindalos Interactive,Focus Entertainment,3994,1827,14.99,14.99,0,26,350000.0,5821,68.61
2291850,Underground Blossom,Rusty Lake,Rusty Lake,6098,106,4.99,4.99,0,40,350000.0,6204,98.29
201480,Serious Sam: The Random Encounter,"Vlambeer, Croteam",Devolver Digital,391,406,0.99,4.99,80,0,350000.0,797,49.06
263980,Out There Somewhere,MiniBoss,Senpai Industrial Studios,6433,483,9.99,9.99,0,1,350000.0,6916,93.02
914710,Cat Quest II,The Gentlebros,Kepler Interactive,6092,273,3.74,14.99,75,44,350000.0,6365,95.71
13240,Unreal Tournament: Game of the Year Edition,"Epic Games, Inc.","Epic Games, Inc.",4139,149,0.0,0.0,0,26,350000.0,4288,96.53
788770,Meteor 60 Seconds!,AvoCavo,AvoCavo,4523,167,0.0,0.0,0,2,350000.0,4690,96.44
214970,Intrusion 2,Aleksei Abramenko,Aleksei Abramenko,1850,221,9.99,9.99,0,1,350000.0,2071,89.33
286100,You Have to Win the Game,Minor Key Games,Minor Key Games,5271,404,0.0,0.0,0,4,350000.0,5675,92.88
329440,Sonic Lost World,Sonic Team,SEGA,3094,1857,29.99,29.99,0,7,350000.0,4951,62.49
240440,Quadrilateral Cowboy,Blendo Games,"Blendo Games, Klei Publishing",867,73,19.99,19.99,0,1,350000.0,940,92.23
1995520,Pax Dei,Mainframe Industries,Mainframe Industries,4097,2145,29.99,29.99,0,145,350000.0,6242,65.64
598810,Carcassonne - Tiles & Tactics,Artefacts Studio,Twin Sails Interactive,2068,350,9.99,9.99,0,85,350000.0,2418,85.53
2622240,Shadow Strikers,PIS Games,PIS Games,2,2,4.99,4.99,0,0,350000.0,4,50.0
1977170,Jusant,DON'T NOD,DON'T NOD,4649,346,24.99,24.99,0,25,350000.0,4995,93.07
256330,WRC 4 FIA World Rally Championship,Milestone S.r.l.,Nacon,1504,497,9.99,9.99,0,7,350000.0,2001,75.16
718850,Age of Wonders: Planetfall,Triumph Studios,Paradox Interactive,5137,1294,29.99,29.99,0,112,350000.0,6431,79.88
1629520,A Little to the Left,Max Inferno,Secret Mode,12461,1075,5.99,14.99,60,422,350000.0,13536,92.06
742300,Mega Man 11,"CAPCOM CO., LTD.","CAPCOM CO., LTD.",4106,481,29.99,29.99,0,20,350000.0,4587,89.51
1239080,Door Kickers 2: Task Force North,KillHouse Games,KillHouse Games,10389,459,24.99,24.99,0,505,350000.0,10848,95.77
264240,CONSORTIUM,Interdimensional Games Inc,Interdimensional Games Inc,1088,425,0.0,0.0,0,0,350000.0,1513,71.91
919370,Overdungeon,Pocketpair,Pocketpair,2447,629,14.99,14.99,0,3,350000.0,3076,79.55
959080,Unsung Warriors - Prologue,Osarion,Osarion,1347,72,0.0,0.0,0,1,350000.0,1419,94.93
397870,Arcane Sorcery,Andrew Rowe,Andrew Rowe,41,25,0.0,0.0,0,0,350000.0,66,62.12
1062160,Poly Bridge 2,Dry Cactus,Dry Cactus,7387,367,14.99,14.99,0,51,350000.0,7754,95.27
227860,Castle Story,Sauropod Studio,Sauropod Studio,6479,3584,9.99,9.99,0,36,350000.0,10063,64.38
380150,STASIS,THE BROTHERHOOD,THE BROTHERHOOD,1817,401,3.19,7.99,60,2,350000.0,2218,81.92
65080,Kaptain Brawe: A Brawe New World,Cateia Games,Cateia Games,130,36,14.99,14.99,0,0,350000.0,166,78.31
2920570,Dale & Dawson Stationery Supplies,Striped Panda Studios,Striped Panda Studios,7128,586,7.99,7.99,0,95,350000.0,7714,92.4
219760,Beyond Divinity,Larian Studios,Larian Studios,366,360,5.99,5.99,0,2,350000.0,726,50.41
599750,Crisis in the Kremlin,Nostalgames,Nostalgames,1170,217,4.99,4.99,0,2,350000.0,1387,84.35
327140,Tilt Brush,Google,Google,1117,71,0.0,0.0,0,8,350000.0,1188,94.02
253650,Sparkle 2 Evo,,Forever Entertainment S. A.,1540,554,4.99,4.99,0,1,350000.0,2094,73.54
1263550,Combat Arms: the Classic,"VALOFE, NEXON",VALOFE,1247,680,0.0,0.0,0,79,350000.0,1927,64.71
557260,iREC,Labory,SA Industry,182,200,4.99,4.99,0,0,350000.0,382,47.64
233470,Evoland,Shiro Games,Shiro Games,4847,1020,9.99,9.99,0,2,350000.0,5867,82.61
366090,Colony Survival,Pipliz,Pipliz,7711,683,24.95,24.95,0,171,350000.0,8394,91.86
2464530,VOIN,Nikita Sozidar,tinyBuild,771,46,4.99,19.99,75,23,350000.0,817,94.37
353270,Hyperdimension Neptunia Re;Birth3 V Generation,"Idea Factory, Compile Heart, Felistella","Idea Factory, Idea Factory International",3254,195,14.99,14.99,0,11,350000.0,3449,94.35
1043260,Gladiator Guild Manager,Entertainment Forge,"GrabTheGames, Gamirror Games, UpgradePoint",2900,637,4.94,14.99,67,16,350000.0,3537,81.99
312840,Fahrenheit: Indigo Prophecy Remastered,"Quantic Dream, Aspyr Media (remastered version)",Quantic Dream,5552,1357,9.99,9.99,0,11,350000.0,6909,80.36
3194160,Escape From Infection Zone,Funbang,Funbang,5,0,39.99,39.99,0,0,350000.0,5,100.0
3167550,Tiny Pasture,CaveLiquid,Gamersky Games,4251,350,5.99,5.99,0,2256,350000.0,4601,92.39
778700,Amorous,Team Amorous,Snaggletooth Studios,5608,1265,0.0,0.0,0,24,350000.0,6873,81.59
1072920,HomeWork Is Crazy / 作业疯了,三脚猫,Gamirror Games,324,904,7.99,7.99,0,0,350000.0,1228,26.38
2904000,The Spell Brigade,Bolt Blaster Games,Bolt Blaster Games,7014,1188,12.99,12.99,0,3580,350000.0,8202,85.52
1869090,Witches of the Fourth Multiplayer,"EdgeStudios, Fareed",EdgeStudios,1,0,4.99,4.99,0,0,350000.0,1,100.0
491540,The Bus,TML-Studios,Aerosoft GmbH,4839,1682,39.99,39.99,0,164,350000.0,6521,74.21
2800,X2: The Threat,Egosoft,Egosoft,412,85,0.99,4.99,80,7,350000.0,497,82.9
1705180,"Gunner, HEAT, PC!",Radian Simulations LLC,Radian Simulations LLC,5616,492,29.99,29.99,0,102,350000.0,6108,91.94
300970,Fiesta Online NA,gamigo AG,gamigo AG,471,293,0.0,0.0,0,34,350000.0,764,61.65
17710,Nuclear Dawn,"GameConnect, InterWave Studios",Iceberg Interactive,1937,531,9.99,9.99,0,0,350000.0,2468,78.48
1594320,Captain of Industry,MaFi Games,MaFi Games,6737,417,24.49,34.99,30,4404,350000.0,7154,94.17
586960,Upside Down,EGAMER,SA Industry,572,123,29.99,29.99,0,0,350000.0,695,82.3
2104890,RoadCraft,Saber Interactive,Focus Entertainment,5784,1884,39.99,39.99,0,8156,350000.0,7668,75.43
1944430,Amnesia: The Bunker,Frictional Games,Frictional Games,8501,593,24.99,24.99,0,61,350000.0,9094,93.48
489360,CASE: Animatronics,Walnut LLC,Walnut LLC,3270,665,9.99,9.99,0,1,350000.0,3935,83.1
261530,Lifeless Planet Premier Edition,Serenity Forge,Serenity Forge,2699,824,9.99,9.99,0,0,350000.0,3523,76.61
32460,Monkey Island 2 Special Edition: LeChuck’s Revenge,LucasArts,"LucasArts, Lucasfilm, Disney",2659,131,9.99,9.99,0,7,350000.0,2790,95.3
373930,Sudden Strike 4,Kite Games,Kalypso Media,6094,1721,19.99,19.99,0,144,350000.0,7815,77.98
306020,Bloons TD 5,Ninja Kiwi,Ninja Kiwi,10926,619,9.99,9.99,0,153,350000.0,11545,94.64
287371,CoH 2 - The Western Front Armies: Oberkommando West,"Relic Entertainment, Feral Interactive (Mac), Feral Interactive (Linux)","Relic Entertainment, Feral Interactive (Mac), Feral Interactive (Linux)",316,83,12.99,12.99,0,0,350000.0,399,79.2
15560,AaaaaAAaaaAAAaaAAAAaAAAAA!!! for the Awesome,"Dejobaan Games, LLC, Owlchemy Labs","Dejobaan Games, LLC",812,282,9.99,9.99,0,0,350000.0,1094,74.22
680360,Regions Of Ruin,Gameclaw Studio,Raw Fury,3919,601,11.99,11.99,0,8,350000.0,4520,86.7
3358510,再刷一把2：金色传说,滑稽工作室,滑稽工作室,1184,1520,9.99,9.99,0,172,350000.0,2704,43.79
1250760,Far Away,Gratesca,Gratesca,7173,187,12.99,12.99,0,25,350000.0,7360,97.46
1221250,NORCO,Geography of Robots,Raw Fury,2429,188,14.99,14.99,0,6,350000.0,2617,92.82
674400,Einar,DreamPunks,"DreamPunks, WolffWare",878,554,0.0,0.0,0,0,350000.0,1432,61.31
29180,Osmos,Hemisphere Games,Hemisphere Games,1183,193,9.99,9.99,0,3,350000.0,1376,85.97
937170,Otaku's Adventure,Spacelight Studio,Spacelight Studio,7981,440,6.99,6.99,0,15,350000.0,8421,94.77
220260,Farming Simulator 2013: Titanium Edition,GIANTS Software,GIANTS Software,4857,396,14.99,14.99,0,23,350000.0,5253,92.46
1546990,Grand Theft Auto: Vice City – The Definitive Edition,Rockstar Games,Rockstar Games,4225,1034,59.99,59.99,0,123,350000.0,5259,80.34
286120,QuestRun,Cuve Games,Digerati,510,394,2.99,2.99,0,0,350000.0,904,56.42
242940,Anachronox,Ion Storm,Square Enix,435,147,6.99,6.99,0,2,350000.0,582,74.74
1098293,DOOM Eternal: The Ancient Gods - Part Two,id Software,Bethesda Softworks,3121,2016,9.99,9.99,0,0,350000.0,5137,60.76
371140,Aegis Defenders,GUTS Department,Balor Games,1377,375,19.99,19.99,0,4,350000.0,1752,78.6
1072390,BirdGut,Micah Boursier,Micah Boursier,4707,232,0.0,0.0,0,3,350000.0,4939,95.3
320340,Cosmonautica,Chasing Carrots,Chasing Carrots,560,606,1.99,9.99,80,3,350000.0,1166,48.03
397460,The Jackbox Party Pack 2,"Jackbox Games, Inc.","Jackbox Games, Inc.",1992,93,24.99,24.99,0,12,350000.0,2085,95.54
254060,KnightShift,Reality Pump,Topware Interactive,890,412,3.59,8.99,60,4,350000.0,1302,68.36
286040,Dead Effect,"BadFly Interactive, a.s.","BadFly Interactive, a.s.",2707,995,4.99,4.99,0,6,350000.0,3702,73.12
323220,Vagante,Nuke Nine,Nuke Nine,4319,521,14.99,14.99,0,26,350000.0,4840,89.24
1556870,Golf Club Nostalgia,Demagog Studio,Untold Tales,1126,261,1.99,9.99,80,1,350000.0,1387,81.18
1016600,Devil Slayer - Raksasi,GlassesCatGames,"GlassesCatGames, indienova",2397,424,14.99,14.99,0,3,350000.0,2821,84.97
2933080,Crime Boss: Rockay City,INGAME STUDIOS,505 Games,5413,4144,19.99,19.99,0,160,350000.0,9557,56.64
333250,Forward to the Sky,Animu Game,Animu Game,1791,396,7.99,7.99,0,0,350000.0,2187,81.89
914800,Coffee Talk,Toge Productions,Toge Productions,10695,572,12.99,12.99,0,24,350000.0,11267,94.92
1293230,House of Detention,"Aniki, Male Union ♂",Dungeon Master,7930,697,0.99,0.99,0,3,350000.0,8627,91.92
1039880,Hellsplit: Arena,Deep Type Games,Deep Type Games,3298,571,24.99,24.99,0,10,350000.0,3869,85.24
1259790,Puyo Puyo Tetris 2,SEGA,SEGA,2071,463,19.99,19.99,0,209,350000.0,2534,81.73
1161170,The Rewinder,MistyMountainStudio,Gamirror Games,6702,255,14.99,14.99,0,17,350000.0,6957,96.33
220660,StarDrive,Zero Sum Games,,658,815,29.99,29.99,0,4,350000.0,1473,44.67
1282150,SpongeBob SquarePants: The Cosmic Shake,Purple Lamp,THQ Nordic,3445,282,39.99,39.99,0,34,350000.0,3727,92.43
702670,Donut County,Ben Esposito,Annapurna Interactive,9683,862,12.99,12.99,0,40,350000.0,10545,91.83
772540,Battle Royale Trainer,Trickjump Games Ltd,Trickjump Games Ltd,947,705,0.0,0.0,0,0,350000.0,1652,57.32
1677350,EA SPORTS PGA TOUR,Electronic Arts - Tiburon,Electronic Arts,1132,1017,69.99,69.99,0,77,350000.0,2149,52.68
307230,"I, Zombie",Awesome Games Studio,Awesome Games Studio,2147,410,1.99,1.99,0,0,350000.0,2557,83.97
794540,Neo Cab,Chance Agency,Fellow Traveller,2037,474,14.99,14.99,0,2,350000.0,2511,81.12
1456820,Marfusha:Sentinel Girls ,hinyari9,hinyari9,2715,175,7.99,7.99,0,1,350000.0,2890,93.94
825380,强军,"Ares Game Co., Ltd.","Nanjing QiangJun Network Co., Ltd.",85,409,0.0,0.0,0,0,350000.0,494,17.21
728740,Sniper Elite V2 Remastered,Rebellion,Rebellion,2627,760,5.99,9.99,40,27,350000.0,3387,77.56
1343620,Nemesis: Distress,"Awaken Realms, Ovid Works",Awaken Realms,178,156,14.99,14.99,0,0,350000.0,334,53.29
1588010,PGA TOUR 2K23,HB Studios,2K,4634,1565,59.99,59.99,0,430,350000.0,6199,74.75
1066890,Automobilista 2,Reiza Studios,Reiza Studios,10137,872,39.99,39.99,0,605,350000.0,11009,92.08
1492070,Sker Ritual,Wales Interactive,Skybound Games,4404,828,9.99,19.99,50,94,350000.0,5232,84.17
7110,Jade Empire: Special Edition,BioWare,"BioWare, Electronic Arts",1455,484,14.99,14.99,0,3,350000.0,1939,75.04
495890,Montaro,JCKSLAP,02GAMES,11512,591,0.99,0.99,0,3,350000.0,12103,95.12
1888430,10 Minutes Till Dawn,flanne,"flanne, Erabit",4012,183,0.0,0.0,0,0,350000.0,4195,95.64
246580,The Typing of The Dead: Overkill,Modern Dream,SEGA,3322,470,19.99,19.99,0,11,350000.0,3792,87.61
1859280,7 Days to End with You,Lizardry,PLAYISM,2179,262,5.59,7.99,30,20,350000.0,2441,89.27
562590,Galactic Junk League,Pixel Federation,Pixel Federation,1212,532,0.0,0.0,0,0,350000.0,1744,69.5
339610,Freestyle 2: Street Basketball,JOYCITY,JOYCITY,9153,3494,0.0,0.0,0,126,350000.0,12647,72.37
244070,Sid Meier’s Ace Patrol,Firaxis Games,2K,546,251,1.24,4.99,75,3,350000.0,797,68.51
337410,Karos,Galaxy Gate,GameXP.com,754,382,0.0,0.0,0,441,350000.0,1136,66.37
584980,Late Shift,CtrlMovie,Wales Interactive,7628,1217,14.99,14.99,0,4,350000.0,8845,86.24
1021950,When the Darkness comes,Sirhaian,Sirhaian,7671,643,0.0,0.0,0,2,350000.0,8314,92.27
231740,Knights of Pen and Paper +1 Edition,Behold Studios,Paradox Interactive,2659,562,9.99,9.99,0,5,350000.0,3221,82.55
893680,Project Warlock,Buckshot Software,"Retrovibe, gaming company",4789,708,12.0,12.0,0,28,350000.0,5497,87.12
431930,Kabounce,Stitch Heads Entertainment,Stitch Heads Entertainment,2265,228,14.99,14.99,0,1,350000.0,2493,90.85
821880,Idol Manager,Glitch Pitch,PLAYISM,3400,481,19.99,19.99,0,54,350000.0,3881,87.61
38740,EDGE,Two Tribes,Two Tribes Publishing,2015,179,0.83,6.99,88,0,350000.0,2194,91.84
1230530,Atlas Fallen: Reign Of Sand,Deck13,Focus Entertainment,2572,1010,39.99,39.99,0,27,350000.0,3582,71.8
318100,AXYOS,Axyos Games,Axyos Games,1165,1113,4.99,4.99,0,0,350000.0,2278,51.14
1388590,Yakuza 6: The Song of Life,RGG Studio,SEGA,6732,503,19.99,19.99,0,88,350000.0,7235,93.05
1136160,Internet Cafe Simulator,Cheesecake Dev,Cheesecake Dev,7220,2671,0.99,9.99,90,8,350000.0,9891,73.0
1857090,Norland,Long Jaunt,Hooded Horse,6247,1444,29.99,29.99,0,270,350000.0,7691,81.22
444940,UBERMOSH:BLACK,Walter Machado,Walter Machado,306,59,0.49,0.99,51,42,350000.0,365,83.84
371520,Bounty Train,Corbie Games,Daedalic Entertainment,1160,493,9.99,9.99,0,7,350000.0,1653,70.18
15130,Beyond Good and Evil,Ubisoft Montpellier,Ubisoft,2951,475,0.0,0.0,0,3,350000.0,3426,86.14
515570,UBERMOSH Vol.3,Walter Machado,Walter Machado,274,34,0.99,0.99,0,7,350000.0,308,88.96
1162750,Songs of Syx,Gamatron AB,Gamatron AB,5598,224,24.99,24.99,0,268,350000.0,5822,96.15
2784470,9 Kings,Sad Socket,"Hooded Horse, Sidekick Publishing",4871,381,19.99,19.99,0,6920,350000.0,5252,92.75
1137460,ALTF4,PUMPKIM,PUMPKIM,8585,2171,2.99,2.99,0,8,350000.0,10756,79.82
261510,Tesla Effect: A Tex Murphy Adventure,Big Finish Games,Big Finish Games,1126,167,19.99,19.99,0,0,350000.0,1293,87.08
700030,Life is Feudal: MMO,LTG,LTG,2965,4326,0.0,0.0,0,9,350000.0,7291,40.67
743090,Defiance 2050,Trion Worlds,Trion Worlds,1120,1167,0.0,0.0,0,0,350000.0,2287,48.97
453980,Airstrike HD,Fifth Dimension Company,Fifth Dimension Company,236,188,1.99,1.99,0,0,350000.0,424,55.66
2202770,Pizza Hero,Astro Hound,Astro Hound,839,87,1.99,1.99,0,7,350000.0,926,90.6
272600,Detective Grimoire,SFB Games,SFB Games,2063,94,6.99,6.99,0,3,350000.0,2157,95.64
444220,Asteroid Bounty Hunter,EGAMER,SA Industry,513,272,4.99,4.99,0,0,350000.0,785,65.35
792100,7 Billion Humans,Tomorrow Corporation,Tomorrow Corporation,1829,123,14.99,14.99,0,16,350000.0,1952,93.7
1406850,The Legend of Tianding,"Creative Games Computer Graphics Corporation, Neon Doctrine","Neon Doctrine, Raw Fury",3743,224,19.99,19.99,0,17,350000.0,3967,94.35
400510,The Final Take,HUSH Interactive,Forever Entertainment S. A.,324,175,1.99,1.99,0,0,350000.0,499,64.93
1369320,Virtual Cottage,DU&I,DU&I,10173,229,0.0,0.0,0,274,350000.0,10402,97.8
958400,Project CARS 3,Slightly Mad Studios,BANDAI NAMCO Entertainment,1887,1582,59.99,59.99,0,26,350000.0,3469,54.4
251470,TowerFall Ascension,"Maddy Makes Games Inc., Extremely OK Games, Ltd.",Maddy Makes Games Inc.,3236,174,14.99,14.99,0,10,350000.0,3410,94.9
327220,Anna's Quest,Daedalic Entertainment,Daedalic Entertainment,2054,277,19.99,19.99,0,10,350000.0,2331,88.12
269790,DreadOut,Digital Happiness,Digital Happiness,4187,1266,14.99,14.99,0,8,350000.0,5453,76.78
1545560,Shadow Gambit: The Cursed Crew,Mimimi Games,"Hooded Horse, Mimimi Games",4422,351,39.99,39.99,0,273,350000.0,4773,92.65
234190,Receiver,Wolfire Games,Wolfire Games,3302,839,4.99,4.99,0,4,350000.0,4141,79.74
1024890,Sector's Edge,"Vercidium, Rocket Skeleton",Vercidium,2680,586,0.0,0.0,0,0,350000.0,3266,82.06
271260,Star Control: Origins,Stardock Entertainment,Stardock Entertainment,1925,692,19.99,19.99,0,7,350000.0,2617,73.56
19830,Tom Clancy's Rainbow Six 3 Gold,"Red Storm Entertainment, Ubisoft Montreal",Ubisoft,1783,161,9.99,9.99,0,7,350000.0,1944,91.72
314430,M.A.R.S.,YingPei Games,SubaGames,687,403,0.0,0.0,0,30,350000.0,1090,63.03
615530,"Love, Money, Rock'n'Roll",Soviet Games,Soviet Games,5504,1369,4.99,9.99,50,19,350000.0,6873,80.08
1466060,Tainted Grail: The Fall of Avalon,Questline,Awaken Realms,10043,1437,44.99,44.99,0,8175,350000.0,11480,87.48
1944570,Boneraiser Minions,caiys,caiysware,4941,185,4.99,4.99,0,20,350000.0,5126,96.39
406150,Refunct,Dominique Grieshofer,Dominique Grieshofer,16608,723,2.99,2.99,0,2,350000.0,17331,95.83
35460,The Ball,Teotl Studios,Tripwire Interactive,827,287,9.99,9.99,0,2,350000.0,1114,74.24
752060,Subwar 2050,Particle Systems Ltd.,Interplay,2,1,9.99,9.99,0,0,350000.0,3,66.67
1693970,PARTY RUSH!!,SECHAN,HIKE Inc.,12,6,5.99,9.99,40,0,350000.0,18,66.67
1010800,Wallpaper Maker （造物主视频桌面）,Dream.Machine,Dream.Machine,1277,262,0.0,0.0,0,6,350000.0,1539,82.98
1294420,Rollerdrome,Roll7,2K,1891,198,29.99,29.99,0,2,350000.0,2089,90.52
500810,Arcanum: Of Steamworks and Magick Obscura,Troika Games,Activision,1609,195,3.89,5.99,35,24,350000.0,1804,89.19
1163550,Captain Tsubasa: Rise of New Champions,TAMSOFT CORPORATION,BANDAI NAMCO Entertainment,4058,1705,9.59,59.99,84,95,350000.0,5763,70.41
2701660,DRAGON QUEST III HD-2D Remake,"Square Enix, ARTDINK",Square Enix,2771,924,59.99,59.99,0,526,350000.0,3695,74.99
354240,"Please, Don’t Touch Anything",Four Quarters,ForwardXP,4684,607,4.99,4.99,0,7,350000.0,5291,88.53
632300,Hobo: Tough Life,Perun Creative,Perun Creative,7456,1397,29.99,29.99,0,179,350000.0,8853,84.22
589590,Kindergarten,"Con Man Games, Sean Young",SmashGames,8518,299,4.99,4.99,0,121,350000.0,8817,96.61
575720,Mighty Party,By Aliens L.L.C-FZ,By Aliens L.L.C-FZ,1447,1034,0.0,0.0,0,105,350000.0,2481,58.32
200390,Oil Rush,Unigine Corp.,Unigine Corp.,293,217,0.0,0.0,0,0,350000.0,510,57.45
416680,Zombie Night Terror,NoClip,Good Shepherd Entertainment,3426,254,12.99,12.99,0,28,350000.0,3680,93.1
310060,Knights of Pen and Paper 2,Kyy Games,Paradox Interactive,2416,358,7.99,7.99,0,12,350000.0,2774,87.09
1076200,Roguebook,Abrakam Entertainment SA,Nacon,3231,625,24.99,24.99,0,43,350000.0,3856,83.79
3168200,Subzero Stealth,Verona Interactive,Verona Interactive,10,0,7.99,7.99,0,0,350000.0,10,100.0
1985170,"Warhammer 40,000: Warpforge",Everguild Ltd.,Everguild Ltd.,1451,1322,0.0,0.0,0,246,350000.0,2773,52.33
292140,FINAL FANTASY XIII-2,Square Enix,Square Enix,3378,2370,19.99,19.99,0,54,350000.0,5748,58.77
1086640,Dude Simulator 3,Kiddy,Kiddy,1431,668,4.99,4.99,0,1,350000.0,2099,68.18
1610440,Minds Beneath Us,BearBoneStudio,BearBoneStudio,3302,130,19.99,19.99,0,25,350000.0,3432,96.21
1108370,Ratropolis,Cassel Games,Cassel Games,4759,629,17.99,17.99,0,36,350000.0,5388,88.33
241600,Rogue Legacy,Cellar Door Games,Cellar Door Games,17124,1353,14.99,14.99,0,36,350000.0,18477,92.68
1109570,Word Game,Team9,"Team9, indienova",5609,363,34.99,34.99,0,12,350000.0,5972,93.92
575640,Zup! 3,Quiet River,Quiet River,4678,517,1.99,1.99,0,0,350000.0,5195,90.05
444250,Crown and Council,Mojang,Mojang,488,270,0.0,0.0,0,0,350000.0,758,64.38
1743850,HYPER DEMON,Sorath,Sorath,2697,162,14.99,14.99,0,11,350000.0,2859,94.33
1239690,Retrowave,RewindApp,RewindApp,14516,691,2.99,2.99,0,18,350000.0,15207,95.46
1079310,Elemental Girls,Zloy Krot Studio,"IR Studio, firstgamedev",258,62,0.99,0.99,0,0,350000.0,320,80.62
1440440,Sam & Max Save the World,Skunkape Games,Skunkape Games,1595,117,19.99,19.99,0,19,350000.0,1712,93.17
70660,Worms Pinball,Team17 Digital Ltd,Team17 Digital Ltd,246,236,7.99,7.99,0,0,350000.0,482,51.04
242980,Daikatana,Ion Storm,Square Enix,568,514,6.99,6.99,0,2,350000.0,1082,52.5
532110,Rusty Lake: Roots,Rusty Lake,Rusty Lake,7484,259,3.99,3.99,0,114,350000.0,7743,96.66
1432050,Nobody Saves the World,Drinkbox Studios,Drinkbox Studios,5623,546,24.99,24.99,0,27,350000.0,6169,91.15
2215080,Twin Mind: Nobody's Here Collector's Edition,Do Games Limited,Do Games Limited,12,3,7.99,7.99,0,1,350000.0,15,80.0
1963370,No One Survived,Cat Play Studio,Cat Play Studio,4668,2376,16.99,16.99,0,175,350000.0,7044,66.27
676820,Subsurface Circular,Bithell Games,Bithell Games,1787,102,5.99,5.99,0,1,350000.0,1889,94.6
1462570,Lost in Random,"Zoink, Thunderful",Electronic Arts,4120,518,29.99,29.99,0,22,350000.0,4638,88.83
742120,DRAGON QUEST XI: Echoes of an Elusive Age - Digital Edition of Light,Square Enix,Square Enix,7614,1271,0.0,0.0,0,38,350000.0,8885,85.69
266130,Breach & Clear,"Mighty Rabbit Studios, Gun Interactive",Gun Interactive,1990,423,9.99,9.99,0,1,350000.0,2413,82.47
18700,And Yet It Moves,Broken Rules,Broken Rules,903,388,4.99,9.99,50,0,350000.0,1291,69.95
765810,Mars Horizon,Auroch Digital,Auroch Digital,2497,477,19.99,19.99,0,9,350000.0,2974,83.96
1372110,JoJo's Bizarre Adventure: All-Star Battle R,CyberConnect2 Co. Ltd.,Bandai Namco Entertainment,10640,1311,49.99,49.99,0,357,350000.0,11951,89.03
73020,Majesty 2 Collection,1C:InoCo,Paradox Interactive,1118,382,0.0,0.0,0,8,350000.0,1500,74.53
342560,Airships: Conquer the Skies,David Stark,David Stark,5706,241,18.74,24.99,25,68,350000.0,5947,95.95
219910,Edna & Harvey: Harvey's New Eyes,Daedalic Entertainment,Daedalic Entertainment,2809,353,19.99,19.99,0,9,350000.0,3162,88.84
2084940,Mysterious School,DuoDuoDog,DuoDuoDog,572,972,0.0,0.0,0,40,350000.0,1544,37.05
255420,Magic 2015 - Duels of the Planeswalkers,Stainless Games,Wizards of the Coast,1817,2190,0.0,0.0,0,2,350000.0,4007,45.35
433550,DARQ: Complete Edition,Unfold Games,Unfold Games,3770,241,19.99,19.99,0,2,350000.0,4011,93.99
1230410,Chaos,Frinky,Frinky,3403,449,0.0,0.0,0,0,350000.0,3852,88.34
461040,PICO PARK,TECOPARK,TECOPARK,1095,418,0.0,0.0,0,14,350000.0,1513,72.37
1127700,Reverse Collapse: Code Name Bakery,"Shanghai Sunborn Network Technology Co., Ltd.",XD,3661,1022,24.99,24.99,0,45,350000.0,4683,78.18
1097430,Book of Yog Idle RPG,元气工作室,元气工作室,4733,2650,0.0,0.0,0,647,350000.0,7383,64.11
35000,Mini Ninjas,IO Interactive,Square Enix,4061,473,9.99,9.99,0,10,350000.0,4534,89.57
1176470,Terra Invicta,Pavonis Interactive,Hooded Horse,5257,1303,39.99,39.99,0,697,350000.0,6560,80.14
2677660,Indiana Jones and the Great Circle,MachineGames,Bethesda Softworks,12787,1322,69.99,69.99,0,274,350000.0,14109,90.63
1895130,Darza's Dominion,Ripple Studio,Ripple Studio,805,404,0.0,0.0,0,21,350000.0,1209,66.58
406290,Twilight Struggle,"Playdek, Inc.","Playdek, Inc.",2442,365,9.99,9.99,0,49,350000.0,2807,87.0
3730,Aliens versus Predator Classic 2000,Rebellion,Rebellion,2311,327,4.99,4.99,0,7,350000.0,2638,87.6
691690,Ash of Gods: Redemption,AurumDust,"AurumDust, WhisperGames",2479,882,24.99,24.99,0,5,350000.0,3361,73.76
1706310,Star Shift Origins,Psychronic Game Studios,Psychronic Games,61,5,0.0,0.0,0,0,350000.0,66,92.42
965580,Root,Dire Wolf,Dire Wolf,3971,442,14.99,14.99,0,179,350000.0,4413,89.98
6010,Indiana Jones and the Fate of Atlantis,LucasArts,"LucasArts, Lucasfilm, Disney",1341,91,5.99,5.99,0,6,350000.0,1432,93.65
518800,Lone Leader,SirGoose,Displacement Studios,127,233,0.99,0.99,0,1,350000.0,360,35.28
924980,Trials of Mana,Square Enix,Square Enix,5002,448,49.99,49.99,0,30,350000.0,5450,91.78
1106750,Fault,Strange Matter Studios,Strange Matter Studios,2368,1634,0.0,0.0,0,0,350000.0,4002,59.17
525300,Starship Annihilator,IR Studio,"IR Studio, firstgamedev",205,112,0.99,0.99,0,0,350000.0,317,64.67
560260,Super Blue Boy Planet,NanningsGames,NanningsGames,2467,239,0.0,0.0,0,0,350000.0,2706,91.17
2795000,The WereCleaner,Howlin' Hugs,USC Games,10062,57,0.0,0.0,0,33,350000.0,10119,99.44
829110,LEGO DC Super-Villains,"TT Games, Feral Interactive (Mac)","Warner Bros. Interactive Entertainment, Feral Interactive (Mac)",6299,589,39.99,39.99,0,85,350000.0,6888,91.45
357290,Red Lake,Talentplace,KishMish Games,430,526,0.49,4.99,90,0,350000.0,956,44.98
1102130,Florence,Mountains,Annapurna Interactive,13301,936,5.99,5.99,0,10,350000.0,14237,93.43
429540,Prime World: Defenders 2,Nival,Nival,1688,444,0.0,0.0,0,30,350000.0,2132,79.17
243780,PixelJunk Monsters Ultimate,"Double Eleven, Q-Games Ltd.",Double Eleven,979,240,9.99,9.99,0,12,350000.0,1219,80.31
645260,Trophy Fishing 2,Overgroup,Overgroup,848,295,0.0,0.0,0,177,350000.0,1143,74.19
939620,Pleasure Puzzle:Portrait 趣拼拼：肖像画,冷笑黑妖,冷笑黑妖,1681,173,0.99,0.99,0,0,350000.0,1854,90.67
387340,Hyperdimension Neptunia U: Action Unleashed,"Idea Factory, Compile Heart, Tamsoft",Idea Factory International,2749,245,6.74,14.99,55,1,350000.0,2994,91.82
302080,Bus Driver,SCS Software,SCS Software,1844,396,4.99,4.99,0,4,350000.0,2240,82.32
820520,Deceive Inc.,Sweet Bandits Studios,Tripwire Presents,6236,1392,19.99,19.99,0,7,350000.0,7628,81.75
334270,Star Traders: 4X Empires,Trese Brothers,Trese Brothers,50,30,1.99,9.99,80,1,350000.0,80,62.5
1055430,Swords and Sandals Classic Collection,Whiskeybarrel Studios,eGames.com,2472,188,9.99,9.99,0,54,350000.0,2660,92.93
224860,Arma Tactics,Bohemia Interactive,Bohemia Interactive,313,663,8.99,8.99,0,0,350000.0,976,32.07
1272160,The Life and Suffering of Sir Brante,"Sever, Schisma Games",101XP,7790,829,19.99,19.99,0,40,350000.0,8619,90.38
344130,Cataegis : The White Wind,Acido Cinza,KISS ltd,435,122,4.99,4.99,0,0,350000.0,557,78.1
684450,Surviving the Aftermath,Iceflake Studios,Paradox Interactive,3084,1279,29.99,29.99,0,96,350000.0,4363,70.69
1473350,(the) Gnorp Apologue,Myco,(Myco) ,7849,294,6.99,6.99,0,289,350000.0,8143,96.39
1520370,Mon Bazou,Santa Goat,Santa Goat,15939,425,15.99,15.99,0,275,350000.0,16364,97.4
13580,Tom Clancy's Splinter Cell Double Agent,Ubisoft Montreal,Ubisoft,620,1064,9.99,9.99,0,9,350000.0,1684,36.82
1444480,Turing Complete,LevelHead,LevelHead,3862,149,19.99,19.99,0,300,350000.0,4011,96.29
249870,Scribblenauts Unmasked: A DC Comics Adventure,5th Cell Media,Warner Bros. Interactive Entertainment,1911,421,19.99,19.99,0,6,350000.0,2332,81.95
1170970,Marbles on Stream,Pixel by Pixel Studios Inc.,Pixel by Pixel Studios Inc.,1810,284,0.0,0.0,0,174,350000.0,2094,86.44
747200,Keplerth,TARO,Gamirror Games,3421,606,14.99,14.99,0,22,350000.0,4027,84.95
3071770,Midnight Shift,Midnight Gaming Studio,Midnight Gaming Studio ,3,1,2.99,2.99,0,0,350000.0,4,75.0
2909110,Nuclear Nightmare,BG Productions,BG Productions,9469,2035,6.99,6.99,0,305,350000.0,11504,82.31
1911610,Windblown,Motion Twin,"Motion Twin, Kepler Ghost",7610,843,17.49,24.99,30,231,350000.0,8453,90.03
221540,DG2: Defense Grid 2,Hidden Path Entertainment,Hidden Path Entertainment,2723,440,9.99,9.99,0,32,350000.0,3163,86.09
1406990,NEKOPARA Vol. 4,NEKO WORKs,Sekai Project,8392,227,9.99,9.99,0,27,350000.0,8619,97.37
663380,Tales from Candlekeep: Tomb of Annihilation,BKOM Studios,BKOM Studios,1365,603,0.0,0.0,0,0,350000.0,1968,69.36
1286990,CONSCRIPT: Director’s Cut,"Jordan Mochi, Catchweight Studio",Team17,1362,114,19.99,19.99,0,15,350000.0,1476,92.28
1216200,Coloring Game 2,L. Stotch,L. Stotch,3021,91,0.0,0.0,0,17,350000.0,3112,97.08
13200,Unreal 2: The Awakening,"Epic Games, Inc.",Ubisoft,416,200,0.0,0.0,0,1,350000.0,616,67.53
373390,Contradiction: Spot The Liar,Baggy Cat Ltd.,Baggy Cat Ltd.,2984,147,12.99,12.99,0,4,350000.0,3131,95.31
72000,Closure,Eyebrow Interactive,Eyebrow Interactive,836,142,9.99,9.99,0,0,350000.0,978,85.48
209730,R.A.W. Realms of Ancient War,Wizarbox,Focus Entertainment,402,392,0.74,4.99,85,2,350000.0,794,50.63
289780,Requiem: Rise of the Reaver,"Gravity Interactive, Inc.","Gravity Interactive, Inc.",610,293,0.0,0.0,0,13,350000.0,903,67.55
208500,F1 2012,Codemasters,"Codemasters, Electronic Arts",3882,285,0.0,0.0,0,13,350000.0,4167,93.16
906100,Observation,Screen Burn,Devolver Digital,3743,1030,24.99,24.99,0,5,350000.0,4773,78.42
744190,Rusty Lake Paradise,Rusty Lake,Rusty Lake,5582,266,3.99,3.99,0,111,350000.0,5848,95.45
250520,UnderRail,Stygian Software,Stygian Software,5614,823,14.99,14.99,0,135,350000.0,6437,87.21
797410,Headsnatchers,IguanaBee,Iceberg Interactive,815,766,14.99,14.99,0,1,350000.0,1581,51.55
487000,Quest Hunter,2 Zombie Games,2 Zombie Games,1817,432,3.99,19.99,80,1,350000.0,2249,80.79
45200,Defense of the Oasis,Mind Control Software,"Mind Control Software, Monkey Jump Games",52,4,4.99,4.99,0,1,350000.0,56,92.86
1002970,Freefall 3050AD,Total ArKade Software,TAKS,15,3,0.99,0.99,0,0,350000.0,18,83.33
674500,Total Tank Simulator,Noobz from Poland,505 Games,6399,1710,19.99,19.99,0,44,350000.0,8109,78.91
718650,Driftland: The Magic Revival,Star Drifters,Star Drifters,1407,523,3.99,19.99,80,6,350000.0,1930,72.9
336670,HIT,Shifty Chair Games,Shifty Chair Games,182,290,0.0,0.0,0,1,350000.0,472,38.56
587430,I Expect You To Die,Schell Games,Schell Games,2496,144,24.99,24.99,0,5,350000.0,2640,94.55
496460,Life is Feudal: Forest Village,Mindillusion,Bitbox Ltd.,3904,1986,24.99,24.99,0,38,350000.0,5890,66.28
428660,Deliver Us The Moon,KeokeN Interactive,Wired Productions,7421,956,24.99,24.99,0,10,350000.0,8377,88.59
444690,TRAPPED,"Cheap Fun Games, Forthright Indie Team",Forthright Indie Games Division,161,286,1.99,1.99,0,0,350000.0,447,36.02
415960,Energy Cycle,Sometimes You,Sometimes You,201,91,2.99,2.99,0,1,350000.0,292,68.84
1150080,Azur Lane Crosswave,"IDEA FACTORY, COMPILE HEART, FELISTELLA",Idea Factory International,5073,2277,39.99,39.99,0,5,350000.0,7350,69.02
252110,Lovers in a Dangerous Spacetime,Asteroid Base,Asteroid Base,3595,271,14.99,14.99,0,7,350000.0,3866,92.99
1202130,Starship Troopers: Terran Command,The Artistocrats,Slitherine Ltd.,9461,1323,29.99,29.99,0,162,350000.0,10784,87.73
867290,Crossroads Inn Anniversary Edition,Klabater,Klabater,2205,1807,3.74,14.99,75,18,350000.0,4012,54.96
469890,Space Codex,takk,takk,329,74,0.99,0.99,0,1,350000.0,403,81.64
1527460,Shadow of Azrael,Dream Within,Dream Within,13,5,4.99,4.99,0,0,350000.0,18,72.22
243120,Betrayer,Blackpowder Games,Blackpowder Games,3021,694,0.0,0.0,0,1,350000.0,3715,81.32
1746030,Murders on the Yangtze River,OMEGAMES STUDIO,"OMEGAMES STUDIO, NPC Entertainment",17698,494,8.99,14.99,40,97,350000.0,18192,97.28
2840,X: Beyond the Frontier,Egosoft,Egosoft,272,94,0.99,4.99,80,5,350000.0,366,74.32
241910,Goodbye Deponia,Daedalic Entertainment,Daedalic Entertainment,2093,264,19.99,19.99,0,3,350000.0,2357,88.8
893850,THE LONGING,Studio Seufz,Application Systems Heidelberg,6266,522,14.99,14.99,0,49,350000.0,6788,92.31
363440,Mega Man Legacy Collection,Capcom,Capcom,4137,676,14.99,14.99,0,29,350000.0,4813,85.95
225280,Full Mojo Rampage,Over the Top Games,Over The Top Games,1052,198,12.99,12.99,0,1,350000.0,1250,84.16
1839860,Die Again,VarnGameDev,Making Port,30,0,12.99,12.99,0,0,350000.0,30,100.0
1674170,Sprocket,Hamish Dunn,Hamish Dunn,9979,666,19.99,19.99,0,237,350000.0,10645,93.74
1361320,The Room 4: Old Sins,Fireproof Games,Fireproof Games,16047,230,8.99,8.99,0,30,350000.0,16277,98.59
356650,Death's Gambit: Afterlife,White Rabbit,Serenity Forge,4299,974,19.99,19.99,0,18,350000.0,5273,81.53
1651960,Hextech Mayhem: A League of Legends Story,Choice Provisions,Riot Forge,1859,449,9.99,9.99,0,1,350000.0,2308,80.55
597180,Old World,Mohawk Games,Hooded Horse,3841,832,39.99,39.99,0,474,350000.0,4673,82.2
508840,Broken Armor,Jonathan Tindell,Wastebasket Games,655,138,0.49,0.99,51,4,350000.0,793,82.6
228400,Ace Combat Assault Horizon - Enhanced Edition,NAMCO,BANDAI NAMCO Entertainment,3017,2189,0.0,0.0,0,1,350000.0,5206,57.95
65300,Dustforce DX,Hitbox Team,,2056,283,9.99,9.99,0,9,350000.0,2339,87.9
227100,Sniper Elite: Nazi Zombie Army,Rebellion,Rebellion,4065,536,14.99,14.99,0,6,350000.0,4601,88.35
207650,A Virus Named TOM,Misfits Attic,Misfits Attic,421,330,9.99,9.99,0,1,350000.0,751,56.06
1369670,Motor Town: Behind The Wheel,P3 Games,P3 Games,5915,362,19.99,19.99,0,844,350000.0,6277,94.23
313010,Cities XXL,Focus Entertainment,Focus Entertainment,925,1398,1.99,9.99,80,13,350000.0,2323,39.82
428550,Momodora: Reverie Under The Moonlight,Bombservice,PLAYISM,10506,742,1.99,9.99,80,5,350000.0,11248,93.4
1668690,Alina of the Arena,PINIX,"PINIX, IndieArk",3404,318,14.99,14.99,0,64,350000.0,3722,91.46
299480,Rogue Stormers,Black Forest Games,"HandyGames, Black Forest Games, THQ Nordic Mobile",675,308,19.99,19.99,0,0,350000.0,983,68.67
485950,Rise of the Ancients,Talentplace,KishMish Games,149,188,0.49,4.99,90,0,350000.0,337,44.21
1606180,下一站江湖Ⅱ,白玉京工作室,白玉京工作室,6219,2155,19.99,24.99,20,170,350000.0,8374,74.27
307880,Savage Lands,Last Bastion Studios LLC,Last Bastion Studios LLC,3651,3035,3.99,3.99,0,2,350000.0,6686,54.61
502140,Drayt Empire,RPG Video,Back To Basics Gaming,133,126,1.99,1.99,0,0,350000.0,259,51.35
2063480,Voltage High Society,Platonic Partnership,Coyote Time Publishing,112,12,19.99,19.99,0,0,350000.0,124,90.32
377310,The Tower Of Elements,Wulo Games,Back To Basics Gaming,206,148,1.99,1.99,0,0,350000.0,354,58.19
1324780,Easy Red 2,Marco Amadei,Corvostudio di Amadei Marco,7601,793,8.99,8.99,0,346,350000.0,8394,90.55
871930,GLADIABOTS - AI Combat Arena,GFX47,"GFX47, WhisperGames",775,92,3.74,14.99,75,2,350000.0,867,89.39
364420,Roguelands,Sean Young,SmashGames,2978,725,9.99,9.99,0,8,350000.0,3703,80.42
12180,Grand Theft Auto 2,Rockstar North,Rockstar Games,453,36,0.0,0.0,0,4,350000.0,489,92.64
1557990,Retail Royale,DarxDev,DarxDev,4192,1268,4.99,4.99,0,4,350000.0,5460,76.78
357070,UBERMOSH,Walter Machado,Walter Machado,2530,310,0.99,0.99,0,200,350000.0,2840,89.08
16730,Legendary,Spark Unlimited,SouthPeak Games,1438,1146,5.99,5.99,0,2,350000.0,2584,55.65
824600,HROT,Spytihněv,Spytihněv,5464,167,19.99,19.99,0,28,350000.0,5631,97.03
39540,SpellForce - Platinum Edition,Phenomic,THQ Nordic,2335,321,9.99,9.99,0,118,350000.0,2656,87.91
332790,Darkness Assault,Black Lime Studio,Black Lime Studio,345,310,0.99,0.99,0,0,350000.0,655,52.67
255070,Abyss Odyssey,ACE Team,SEGA,1576,937,14.99,14.99,0,0,350000.0,2513,62.71
373330,All Is Dust,Mannequin Games LLC,Mannequin Games LLC,593,729,0.0,0.0,0,3,350000.0,1322,44.86
994140,Lightmatter,Tunnel Vision Games,Aspyr,2505,235,19.99,19.99,0,5,350000.0,2740,91.42
648430,Hand of the Gods,Hi-Rez Studios,Hi-Rez Studios,734,543,0.0,0.0,0,0,350000.0,1277,57.48
73010,Cities in Motion,Colossal Order,Paradox Interactive,823,244,19.99,19.99,0,5,350000.0,1067,77.13
702320,March of Empires,Gameloft,Gameloft,1082,600,0.0,0.0,0,846,350000.0,1682,64.33
979920,Supremacy 1914: World War 1,Bytro Labs GmbH,Bytro Labs GmbH,2895,978,0.0,0.0,0,334,350000.0,3873,74.75
620350,Dark Hope: A Puzzle Adventure,"Broken Bunny Studios, Inc","Broken Bunny Studios, Inc",9,8,9.99,9.99,0,0,350000.0,17,52.94
544550,Stationeers,RocketWerkz,RocketWerkz,6040,1026,34.99,34.99,0,232,350000.0,7066,85.48
1555710,OMFG: One Million Fatal Guns,Gun Hit Wonders,DigiPen Institute of Technology,2225,115,0.0,0.0,0,3,350000.0,2340,95.09
635200,Distrust: Polar Survival,Cheerdealers,Alawar,1745,680,12.99,12.99,0,2,350000.0,2425,71.96
785260,Team Sonic Racing,Sumo Digital,SEGA,2465,882,39.99,39.99,0,25,350000.0,3347,73.65
361300,Mother Russia Bleeds,Le Cartel Studio,Devolver Digital,4494,681,14.99,14.99,0,8,350000.0,5175,86.84
383230,Dungeon Souls,Lamina Studios,Lamina Studios,1647,584,12.99,12.99,0,0,350000.0,2231,73.82
412210,Warfront Defenders,Flying Robot Studios,Flying Robot Studios,21,29,4.99,4.99,0,0,350000.0,50,42.0
216890,Blood Bowl: Chaos Edition (Classic),Cyanide Studios,Slitherine Ltd.,1434,337,14.99,14.99,0,5,350000.0,1771,80.97
395520,Missing Translation,"AlPixel Games, Luis Diaz, Gustavo Santos, Albert Fernandez, Tice Thomason",GamesBoosters,2860,401,0.0,0.0,0,2,350000.0,3261,87.7
2135970,Magnus Positive Phototaxis,"Sons of Welder, FM Simple Games Studio","Sons of Welder, FM Simple Games Studio",38,2,0.99,4.99,80,0,350000.0,40,95.0
734580,BattleRush,TB Games,TB Games,1995,889,0.0,0.0,0,1,350000.0,2884,69.17
866440,What Never Was,Acke Hallgren,Acke Hallgren,4714,261,0.0,0.0,0,4,350000.0,4975,94.75
361990,Lakeview Cabin Collection,Roope Tamminen,Roope Tamminen,1729,141,9.99,9.99,0,3,350000.0,1870,92.46
1393960,Battle Command,Ocean Software,Pixel Games UK,3,1,4.99,4.99,0,0,350000.0,4,75.0
782670,Battle Tanks: Legends of World War II,XDEVS LTD,XDEVS LTD,969,489,0.0,0.0,0,58,350000.0,1458,66.46
225360,DARK,Realmforge Studios,Kalypso Media Digital,723,633,2.99,9.99,70,0,350000.0,1356,53.32
45770,Dead Rising 2: Off the Record,Capcom Vancouver,Capcom,3024,884,4.99,19.99,75,25,350000.0,3908,77.38
373720,Ryzom,Winch Gate Property Limited,Winch Gate Property Limited,354,148,0.0,0.0,0,5,350000.0,502,70.52
298520,Orbital Gear,Night Node,Night Node,1483,304,0.0,0.0,0,0,350000.0,1787,82.99
352720,The Universim,Crytivo,Crytivo,8207,1930,29.99,29.99,0,87,350000.0,10137,80.96
92000,Hydrophobia: Prophecy,Dark Energy Digital Ltd.,Dark Energy Digital Ltd.,1417,937,4.99,4.99,0,0,350000.0,2354,60.2
1097350,Weird West: Definitive Edition,WolfEye Studios,Devolver Digital,3157,862,39.99,39.99,0,43,350000.0,4019,78.55
324080,Rising World,JIW-Games,JIW-Games,4522,813,11.24,14.99,25,70,350000.0,5335,84.76
804490,Creed: Rise to Glory,Survios,Survios,1568,522,29.99,29.99,0,10,350000.0,2090,75.02
388080,Borderless Gaming,AndrewMD5,"Codeusa, viorae",3300,633,5.24,6.99,25,569,350000.0,3933,83.91
1942660,WWE 2K23,Visual Concepts,2K,5879,1644,0.0,0.0,0,72,350000.0,7523,78.15
306410,Crystals of Time,"RVL Games, exosyphen studios",exosyphen studios,703,367,6.99,6.99,0,4,350000.0,1070,65.7
352520,The Silent Age,House On Fire,,6604,477,9.99,9.99,0,2,350000.0,7081,93.26
979120,Autonauts,Denki,Curve Games,4283,502,19.99,19.99,0,74,350000.0,4785,89.51
437160,The Lion's Song: Episode 1 - Silence,Mi'pu'mi Games GmbH,Mi'pu'mi Games GmbH,2051,169,0.0,0.0,0,0,350000.0,2220,92.39
803050,Per Aspera,Tlön Industries,Raw Fury,4163,1321,7.49,29.99,75,68,350000.0,5484,75.91
577940,Killer Instinct,Iron Galaxy Studios,Xbox Game Studios,4559,678,0.0,0.0,0,40,350000.0,5237,87.05
359310,Evoland 2,Shiro Games,Shiro Games,3345,491,19.99,19.99,0,4,350000.0,3836,87.2
98900,Alien Hallway,Sigma Team Inc.,Sigma Team Inc.,211,114,4.99,4.99,0,2,350000.0,325,64.92
214250,I Am Alive,Ubisoft  Shanghaï,Ubisoft,1874,879,14.99,14.99,0,0,350000.0,2753,68.07
1292040,STRIDE,Joy Way,Joy Way,1760,435,19.99,19.99,0,2,350000.0,2195,80.18
214830,Half Minute Hero: Super Mega Neo Climax Ultimate Boy,Opus,Marvelous,1261,208,9.99,9.99,0,3,350000.0,1469,85.84
2709600,SynthwaveZ,Shadow Games,Shadow Games,6,2,9.99,9.99,0,0,350000.0,8,75.0
404680,Hob,Runic Games,Arc Games,4632,611,19.99,19.99,0,9,350000.0,5243,88.35
2634950,Tokyo Xtreme Racer,"Genki Co., Ltd.","Genki Co., Ltd.",10676,554,49.99,49.99,0,193,350000.0,11230,95.07
1069660,Ultimate Admiral: Dreadnoughts,Game-Labs,Game-Labs,4515,2654,34.99,34.99,0,521,350000.0,7169,62.98
732730,War Trigger 2,"Rocketeer Games Studio, LLC","Rocketeer Games Studio, LLC",505,409,0.0,0.0,0,0,350000.0,914,55.25
938560,INMOST,Hidden Layer Games,Chucklefish,6083,597,14.99,14.99,0,4,350000.0,6680,91.06
559210,Rakuen,Laura Shigihara,Laura Shigihara,5629,219,14.99,14.99,0,0,350000.0,5848,96.26
286000,Tooth and Tail,Pocketwatch Games,Pocketwatch Games,3242,815,19.99,19.99,0,3,350000.0,4057,79.91
748940,Rise of Legions,Broken Games,Crunchy Leaf Games,1340,287,0.0,0.0,0,1,350000.0,1627,82.36
2716400,The Rise of the Golden Idol,Color Gray Games,Playstack,2825,178,19.99,19.99,0,59,350000.0,3003,94.07
768200,Smalland: Survive the Wilds,Max Ent Games Ltd,Max Ent Games Ltd,6985,1454,34.99,34.99,0,338,350000.0,8439,82.77
260750,Neighbours from Hell Compilation,JoWooD Vienna,HandyGames,2872,68,14.99,14.99,0,2,350000.0,2940,97.69
1665900,SHINORUBI,Last Boss 88,Last Boss 88,10,8,24.99,24.99,0,0,350000.0,18,55.56
310510,Deathtrap,NeocoreGames,NeocoreGames,1842,352,19.99,19.99,0,11,350000.0,2194,83.96
512640,Final Quest,RPG Video,Back To Basics Gaming,92,106,1.99,1.99,0,0,350000.0,198,46.46
672630,Academia : School Simulator,Squeaky Wheel Studio Inc,Paradox Interactive,2471,414,19.99,19.99,0,27,350000.0,2885,85.65
1680880,Forspoken,Square Enix,Square Enix,5045,3061,69.99,69.99,0,12,350000.0,8106,62.24
541200,GTTOD,"Andrew Smith, STUDIO Bare Bones",Hitcents,2899,382,29.99,29.99,0,6,350000.0,3281,88.36
432350,Epic Battle Fantasy 5,Matt Roszak,Matt Roszak,5528,75,9.99,24.99,60,69,350000.0,5603,98.66
227220,Sang-Froid - Tales of Werewolves,Artifice Studio,Artifice Studio,1687,236,0.0,0.0,0,0,350000.0,1923,87.73
907650,Stronghold: Warlords,Firefly Studios,Firefly Studios,3251,1754,39.99,39.99,0,49,350000.0,5005,64.96
2792610,Stickman Killing Zombie,Yurii Nikshych,GrabTheGames,6,1,0.71,2.99,76,0,350000.0,7,85.71
6310,The Longest Journey,Funcom,Funcom,1827,203,9.99,9.99,0,2,350000.0,2030,90.0
251730,Legend of Grimrock 2,Almost Human Games,Almost Human Games,3458,348,23.99,23.99,0,26,350000.0,3806,90.86
111900,Guardians of Middle-earth,Zombie Studios,Warner Bros. Interactive Entertainment,341,1068,0.0,0.0,0,1,350000.0,1409,24.2
877200,Zero Caliber VR,XREAL Games,XREAL Games,3696,1127,24.99,24.99,0,5,350000.0,4823,76.63
256190,Enemy Front,CI Games,CI Games,3599,1837,19.99,19.99,0,5,350000.0,5436,66.21
1672500,GUNDAM BREAKER 4,"CRAFTS & MEISTER Co., Ltd.",Bandai Namco Entertainment Inc.,2798,937,35.99,89.99,60,68,350000.0,3735,74.91
281640,The Banner Saga 2,Stoic,Stoic,3241,371,24.99,24.99,0,16,350000.0,3612,89.73
238910,Bionic Dues,Arcen Games,Arcen Games,743,244,9.99,9.99,0,1,350000.0,987,75.28
285580,ACE - Arena: Cyber Evolution,Spearhead Games,Spearhead Games,702,359,0.0,0.0,0,0,350000.0,1061,66.16
232810,Godus,22cans,22cans Ltd.,1803,5438,0.0,0.0,0,1,350000.0,7241,24.9
2500,Shadowgrounds,Frozenbyte,Frozenbyte,1269,289,1.04,6.99,85,1,350000.0,1558,81.45
2452090,GREED IS GOOD,The Fool's Studio,The Fool's Studio,376,396,0.0,0.0,0,0,350000.0,772,48.7
1507580,Enigma of Fear,"Dumativa, Cellbit","Dumativa, CriticalLeap",8803,290,29.99,29.99,0,43,350000.0,9093,96.81
609920,Hotshot Racing,"Sumo Digital Ltd, Lucky Mountain Games",Curve Games,1661,520,19.99,19.99,0,4,350000.0,2181,76.16
331870,AER Memories of Old,Forgotten Key,Daedalic Entertainment,6323,1054,14.99,14.99,0,2,350000.0,7377,85.71
2407270,AI LIMIT,Sense Games,CE-Asia,20512,1513,22.74,34.99,35,922,350000.0,22025,93.13
880850,War Rock,Dream Execution,Papaya Play,649,443,0.0,0.0,0,10,350000.0,1092,59.43
1346070,Sign of Silence,Renderise,Renderise,1230,1099,4.99,4.99,0,2,350000.0,2329,52.81
2086430,NIMRODS,Fiveamp,Fiveamp,1081,185,7.99,9.99,20,49,350000.0,1266,85.39
1266840,The Last Stand: Aftermath,Con Artist Games,Armor Games Studios,4962,1167,6.99,24.99,72,112,350000.0,6129,80.96
21680,Bionic Commando: Rearmed,Capcom,Capcom,663,437,9.99,9.99,0,0,350000.0,1100,60.27
672640,War Robots VR: The Skirmish,MY.GAMES,MY.GAMES,623,161,0.0,0.0,0,0,350000.0,784,79.46
955740,Mini Healer,Sad Doge,Sad Doge,1959,232,4.79,7.99,40,4,350000.0,2191,89.41
684680,Polygoneer,NukGames,NukGames,1319,345,4.99,4.99,0,5,350000.0,1664,79.27
242960,Blood Omen 2: Legacy of Kain,,Crystal Dynamics,763,355,6.99,6.99,0,4,350000.0,1118,68.25
387970,Clown House (Palyaço Evi),"gord10, Aslan Game Studio",Aslan Game Studio,596,580,0.0,0.0,0,6,350000.0,1176,50.68
390560,Fantasy Strike,Sirlin Games,Sirlin Games,1257,807,0.0,0.0,0,6,350000.0,2064,60.9
200020,Global Ops: Commando Libya,Spectral Games,Immanitas Entertainment GmbH,226,239,0.76,6.99,89,7,350000.0,465,48.6
667870,MINDNIGHT,No Moon,No Moon,2533,452,0.0,0.0,0,0,350000.0,2985,84.86
2276930,Chillquarium,Ben Reber,Ben Reber,6474,498,5.99,5.99,0,1163,350000.0,6972,92.86
619400,Fluffy Creatures VS The World,Amaterasu Software,Amaterasu Software,134,168,0.99,0.99,0,0,350000.0,302,44.37
1775490,Slice & Dice,Tann,Tann,2062,69,8.99,8.99,0,93,350000.0,2131,96.76
1735950,Paper Bride,HeartBeat Plus,HeartBeat Plus,1882,172,7.99,7.99,0,10,350000.0,2054,91.63
1996010,Crow Country,SFB Games,SFB Games,5295,89,19.99,19.99,0,9,350000.0,5384,98.35
382900,FINAL FANTASY VI,Square Enix,Square Enix,2122,443,0.0,0.0,0,4,350000.0,2565,82.73
1274290,Kidnapped Girl,TroyHolman,TroyHolman,5481,891,0.0,0.0,0,1,350000.0,6372,86.02
1548850,Six Days in Fallujah,Highwire Games,Victura,12029,2598,39.99,39.99,0,143,350000.0,14627,82.24
2676840,No Case Should Remain Unsolved,Somi,Somi,6931,219,6.99,6.99,0,17,350000.0,7150,96.94
1929870,Nomad Survival,The Fox Knocks,The Fox Knocks,1745,314,4.99,4.99,0,29,350000.0,2059,84.75
1621070,DeadPoly,TFL Games,TFL Games,4220,1219,9.99,9.99,0,34,350000.0,5439,77.59
2356780,Dungeon Clawler,Stray Fawn Studio,Stray Fawn Publishing,2319,262,7.49,14.99,50,202,350000.0,2581,89.85
581630,Sword With Sauce,Diatomic Studios,Diatomic Studios,5527,871,4.99,4.99,0,12,350000.0,6398,86.39
7530,Two Worlds II Castle Defense,Reality Pump Studios,Topware Interactive,352,324,2.49,9.99,75,124,350000.0,676,52.07
623550,Timen runner,REX PEX GAMES,REX PEX GAMES,98,64,4.99,4.99,0,5,350000.0,162,60.49
1658040,I Am Future: Cozy Apocalypse Survival,Mandragora,tinyBuild,3507,529,19.99,19.99,0,168,350000.0,4036,86.89
1167450,DAEMON X MACHINA,Marvelous Inc.,"XSEED Games, Marvelous USA, Inc., Marvelous Europe",5517,858,49.99,49.99,0,22,350000.0,6375,86.54
307670,Hard West,CreativeForge Games,Good Shepherd Entertainment,3585,1178,19.99,19.99,0,12,350000.0,4763,75.27
835960,The Talos Principle 2,Croteam,Devolver Digital,11357,540,29.99,29.99,0,149,350000.0,11897,95.46
1939160,Shadows Over Loathing,Asymmetric,Asymmetric,2946,115,22.99,22.99,0,37,350000.0,3061,96.24
288060,Whispering Willows,Night Light Interactive,Akupara Games,1482,321,0.99,9.99,90,0,350000.0,1803,82.2
1785650,TopSpin 2K25,Hangar 13,2K Games,1687,1611,14.99,19.99,25,302,350000.0,3298,51.15
490110,The Precinct,Fallen Tree Games Ltd,Kwalee,4444,746,29.99,29.99,0,553,350000.0,5190,85.63
2132850,Rabbit and Steel,mino_dev,mino_dev,8474,237,7.49,14.99,50,140,350000.0,8711,97.28
1575870,UpGun,"MaxEstLa, Zino",MaxEstLa,3448,661,0.0,0.0,0,52,350000.0,4109,83.91
515220,F1 2017,"Codemasters, Feral Interactive (Mac), Feral Interactive (Linux)","Codemasters, Feral Interactive (Mac), Feral Interactive (Linux), Electronic Arts",5194,754,0.0,0.0,0,25,350000.0,5948,87.32
535480,Sundered: Eldritch Edition,Thunder Lotus,Thunder Lotus,4067,890,19.99,19.99,0,9,350000.0,4957,82.05
804010,SteamWorld Quest: Hand of Gilgamech,Image & Form Games,Thunderful Publishing,1787,272,24.99,24.99,0,8,350000.0,2059,86.79
6510,Lost Planet: Extreme Condition,"CAPCOM Co., Ltd.",Capcom,1586,361,14.99,14.99,0,14,350000.0,1947,81.46
702810,Shooty Skies,Mighty Games,Mighty Games,1308,118,0.0,0.0,0,1,350000.0,1426,91.73
33600,Broken Sword 2 - the Smoking Mirror: Remastered (2010),Revolution Software Ltd,Revolution Software Ltd,1275,126,2.03,5.99,66,4,350000.0,1401,91.01
3056610,RapidFire,Deng wenqing,Deng wenqing,6,2,0.0,0.0,0,0,350000.0,8,75.0
503300,Super Star,Dream Works,Paradise Project,3155,894,0.0,0.0,0,0,350000.0,4049,77.92
348550,GUILTY GEAR XX ACCENT CORE PLUS R,Arc System Works,Arc System Works,6919,274,14.99,14.99,0,99,350000.0,7193,96.19
753660,AtmaSphere,Mazen Games,GrabTheGames,914,267,0.75,3.99,81,67,350000.0,1181,77.39
246070,Hack 'n' Slash,Double Fine Productions,"Double Fine Productions, Xbox Game Studios",480,428,13.37,13.37,0,0,350000.0,908,52.86
206610,3SwitcheD,Reality Pump,Topware Interactive,264,378,9.99,9.99,0,0,350000.0,642,41.12
2608350,Snezhinka:Sentinel Girls2,hinyari9,hinyari9,1946,67,7.99,7.99,0,18,350000.0,2013,96.67
787810,Rogue Heroes: Ruins of Tasos,Heliocentric Studios,Team17 Digital,2708,746,3.99,19.99,80,15,350000.0,3454,78.4
266110,Tower of Guns,Terrible Posture Games,Terrible Posture Games,982,238,14.99,14.99,0,2,350000.0,1220,80.49
490820,Fly O'Clock,Digital Melody,Forever Entertainment S. A.,596,89,0.99,0.99,0,1,350000.0,685,87.01
594330,Visage,SadSquare Studio,SadSquare Studio,8368,1453,34.99,34.99,0,24,350000.0,9821,85.21
1944520,S E V E R A N C E,Polybit_Game,Polybit_Game,2,4,1.99,1.99,0,0,350000.0,6,33.33
483980,Mad Father,sen,PLAYISM,5561,158,4.99,9.99,50,23,350000.0,5719,97.24
1334590,Furry Love,Red Six Development,Red Six Publishing,0,0,0.99,0.99,0,4,350000.0,0,
1177980,"Little Kitty, Big City",Double Dagger Studio,Double Dagger Studio,10408,377,24.99,24.99,0,74,350000.0,10785,96.5
1241700,There Is No Game: Jam Edition 2015,Draw Me A Pixel,Draw Me A Pixel,6807,215,0.0,0.0,0,2,350000.0,7022,96.94
1999360,Placid Plastic Duck Simulator,turbolento games,"turbolento publishing, Team17",17302,383,1.99,1.99,0,140,350000.0,17685,97.83
246840,FATE,WildTangent,"WildTangent, gamigo group",3892,183,7.99,7.99,0,80,350000.0,4075,95.51
341500,Camera Obscura,Anteater Games,"Anteater Games, BindleBot",1110,421,1.99,1.99,0,1,350000.0,1531,72.5
1304680,Voidigo,semiwork,semiwork,4142,147,4.99,4.99,0,25,350000.0,4289,96.57
268540,The Whispered World Special Edition,Daedalic Entertainment,Daedalic Entertainment,1494,482,19.99,19.99,0,9,350000.0,1976,75.61
1280930,Astral Ascent,Hibernian Workshop,"Hibernian Workshop, MP2 Games",6549,365,24.99,24.99,0,184,350000.0,6914,94.72
914020,Gibbous -  A Cthulhu Adventure,Stuck In Attic,Stuck In Attic,1953,224,19.99,19.99,0,1,350000.0,2177,89.71
227480,God Mode,Old School Games,ATLUS USA,1785,740,0.0,0.0,0,0,350000.0,2525,70.69
540900,Nuclear Contingency,Amaterasu Software,Amaterasu Software,163,142,0.99,0.99,0,0,350000.0,305,53.44
204630,Retro City Rampage DX,"Vblank Entertainment, Inc.","Vblank Entertainment, Inc.",2118,287,14.99,14.99,0,1,350000.0,2405,88.07
251170,Damned,9heads Game Studios,9heads Game Studios,2714,1130,8.99,8.99,0,0,350000.0,3844,70.6
1646850,SpaceBourne 2,Burak Dabak,Burak Dabak,3251,866,19.99,19.99,0,51,350000.0,4117,78.97
922460,Cheeky Chooks,Trilum Studios,"Trilum Studios, RSPCA",2503,167,0.0,0.0,0,8,350000.0,2670,93.75
1957780,Ghosts of Tabor,Combat Waffle Studios,Neem Interactive,7009,2363,24.99,24.99,0,229,350000.0,9372,74.79
650000,DOOM VFR,id Software,Bethesda Softworks,1687,1430,14.99,14.99,0,1,350000.0,3117,54.12
1341230,Super Buckyball Tournament Preseason,Pathea Games,Pathea Games,1069,175,0.0,0.0,0,0,350000.0,1244,85.93
225300,Tomb Raider II (1997),Core Design,Crystal Dynamics,2004,302,3.49,6.99,50,6,350000.0,2306,86.9
388750,BlazBlue: Chronophantasma Extend,Arc System Works,Arc System Works,2577,259,29.99,29.99,0,6,350000.0,2836,90.87
381120,Shoppe Keep,Strange Fire,Excalibur Publishing,1781,1087,4.99,4.99,0,4,350000.0,2868,62.1
243950,Divinity: Dragon Commander,Larian Studios,Larian Studios,1758,621,39.99,39.99,0,5,350000.0,2379,73.9
301200,Frederic: Evil Strikes Back,Forever Entertainment S. A.,Forever Entertainment S. A.,782,134,7.99,7.99,0,1,350000.0,916,85.37
373770,LiEat,△○□× (Miwashiba),PLAYISM,4258,187,1.19,2.99,60,1,350000.0,4445,95.79
291010,The Hat Man: Shadow Ward,Game Mechanics LLC,Game Mechanics LLC,2177,1149,9.99,9.99,0,0,350000.0,3326,65.45
515470,Hyper color ball,Czester16,Back To Basics Gaming,161,180,1.99,1.99,0,1,350000.0,341,47.21
1073390,Aircar,"Giant Form Entertainment, LLC","Giant Form Entertainment, LLC",2213,127,0.0,0.0,0,4,350000.0,2340,94.57
703860,GRID,Codemasters,"Codemasters, Electronic Arts",4538,2009,0.0,0.0,0,23,350000.0,6547,69.31
375010,Energy Balance,Sometimes You,Sometimes You,217,99,2.99,2.99,0,0,350000.0,316,68.67
361190,Sparkle 3 Genesis,Forever Entertainment S. A.,Forever Entertainment S. A.,546,218,4.99,4.99,0,0,350000.0,764,71.47
467000,Insincere,Astronomic Games,New Reality Games,128,128,3.99,3.99,0,2,350000.0,256,50.0
10220,Postal III,"Trashmasters, Zoom Platform",Akella,2389,2907,5.99,5.99,0,7,350000.0,5296,45.11
639790,DEEP SPACE WAIFU,Neko Climax Studios,Neko Climax Studios,7222,252,4.99,4.99,0,2,350000.0,7474,96.63
464350,Screeps: World,"Screeps, LLC","Screeps, LLC",1729,253,19.99,19.99,0,43,350000.0,1982,87.24
391270,Fingerbones,David Szymanski,David Szymanski,2813,723,0.0,0.0,0,2,350000.0,3536,79.55
754530,IL-2 Sturmovik: Cliffs of Dover Blitz Edition,"Team Fusion Simulations, 1C: Maddox Games",Fulqrum Publishing,1166,476,9.99,9.99,0,14,350000.0,1642,71.01
518030,Aim Hero,ProGames Studio,ProGames Studio,5124,883,4.99,4.99,0,8,350000.0,6007,85.3
1730630,The Dawning Clocks Of Time - Director's Cut,Spacefarer R&D Ltd.,Spacefarer R&D Ltd.,14,2,7.99,7.99,0,0,350000.0,16,87.5
2230370,TOUHOU RHAPSODY OF MOON RABBIT,瓦尔基里游戏,瓦尔基里游戏,48,5,9.99,9.99,0,0,350000.0,53,90.57
1395560,Kandidatos,Shaikonina Games,Shaikonina Games,3677,396,0.99,0.99,0,1,350000.0,4073,90.28
378100,Nyctophobia,Lightning Man Media,Lightning Man Media ,273,336,1.99,1.99,0,0,350000.0,609,44.83
461950,Beat Cop,Pixel Crow,11 bit studios,4621,971,2.99,14.99,80,10,350000.0,5592,82.64
952040,MUSYNX,I-Inferno,Wave Game,5564,677,3.99,3.99,0,39,350000.0,6241,89.15
394970,DEADBOLT,Hopoo Games,Hopoo Games,5196,229,9.99,9.99,0,8,350000.0,5425,95.78
1131720,PROP AND SEEK,Twerk Games®,Twerk Games®,4038,951,0.0,0.0,0,1,350000.0,4989,80.94
788260,Rules Of Survival,Netease Games,Netease Games,3103,1953,0.0,0.0,0,0,350000.0,5056,61.37
468700,NVIDIA VR Funhouse,Lightspeed Studios™,Lightspeed Studios™,677,178,0.0,0.0,0,3,350000.0,855,79.18
403120,THE GAME OF LIFE,Marmalade Game Studio Ltd,Marmalade Game Studio Ltd,1850,671,6.49,6.49,0,13,350000.0,2521,73.38
628670,Hellpoint,Cradle Games,tinyBuild,3137,1156,34.99,34.99,0,19,350000.0,4293,73.07
1374840,Dark Deity,Sword & Axe LLC,indie.io,1995,758,24.99,24.99,0,58,350000.0,2753,72.47
1260920,Spirit of Adventure,Attic Entertainment Software,Unique Games,3,3,8.99,8.99,0,0,350000.0,6,50.0
720560,Vigil: The Longest Night,Glass Heart Games,Glass Heart Games,2912,443,8.79,21.99,60,8,350000.0,3355,86.8
1094780,Fisher Online,R-Age LLC,R-Age LLC,3453,640,13.99,13.99,0,349,350000.0,4093,84.36
1238880,Battlefield Hardline,DICE,Electronic Arts,2893,1308,3.99,39.99,90,31,350000.0,4201,68.86
1096570,SONG OF HORROR COMPLETE EDITION,Protocol Games,Protocol Games,992,215,29.99,29.99,0,5,350000.0,1207,82.19
1566690,Outpost: Infinity Siege,Team Ranger,Lightning Games,8728,4338,24.99,24.99,0,98,350000.0,13066,66.8
340810,Deepworld,Bytebin,Bytebin,443,287,0.0,0.0,0,4,350000.0,730,60.68
802200,Hellbound: Survival Mode,Saibot Studios,Saibot Studios,1681,242,0.0,0.0,0,1,350000.0,1923,87.42
1956800,Thriving City: Song,White Star Studio,White Star Studio,2373,548,18.99,18.99,0,36,350000.0,2921,81.24
2786680,"Knowledge, or know Lady",蒸汽满满工作室,蒸汽满满工作室,7303,360,6.99,6.99,0,70,350000.0,7663,95.3
973230,We Who Are About To Die,Jordy Lakiere,Jordy Lakiere,6500,874,21.99,21.99,0,70,350000.0,7374,88.15
6810,Commandos: Beyond the Call of Duty,Pyro Studios,Kalypso Media Digital,909,117,2.24,4.99,55,25,350000.0,1026,88.6
1437760,Peripeteia,Ninth Exodus,Ninth Exodus,1165,118,19.99,24.99,20,14,350000.0,1283,90.8
296490,GemCraft - Chasing Shadows,Game in a Bottle,Armor Games Studios,3939,197,1.99,9.99,80,87,350000.0,4136,95.24
671440,Rise of Industry,Dapper Penguin Studios,Kasedo Games,3001,1099,29.99,29.99,0,26,350000.0,4100,73.2
2342950,God Of Weapons,Imagine Games,Imagine Games,3888,685,5.99,5.99,0,306,350000.0,4573,85.02
230700,La-Mulana,NIGORO,PLAYISM,1971,504,2.99,14.99,80,19,350000.0,2475,79.64
270790,Etherlords II,Nival,Nival,388,76,4.99,4.99,0,10,350000.0,464,83.62
331120,Passing Pineview Forest,VIS-Games,United Independent Entertainment,1108,579,0.0,0.0,0,1,350000.0,1687,65.68
310080,Hatoful Boyfriend,"Mediatonic, Hato Moa",Epic Games,7000,443,9.99,9.99,0,6,350000.0,7443,94.05
538680,The Legend of Heroes: Trails of Cold Steel,Nihon Falcom,"XSEED Games, Marvelous USA, Inc.",5161,284,39.99,39.99,0,77,350000.0,5445,94.78
2453360,Cluckmech Oasis,BlackLight,"Mammorize, Flawless Gaming, Erabit",2836,364,9.99,9.99,0,164,350000.0,3200,88.62
3179020,CrimSaw,SkyBrave,TENSTACK,16,3,2.99,4.99,40,0,350000.0,19,84.21
1599020,Tinykin,Splashteam,tinyBuild,3315,71,4.99,24.99,80,14,350000.0,3386,97.9
354200,Aberoth,"Jarbit, Castle art by Yuriy Gusev",Jarbit,922,514,0.0,0.0,0,4,350000.0,1436,64.21
704230,Pro Cycling Manager 2018,Cyanide Studio,Focus Entertainment,317,100,14.99,14.99,0,10,350000.0,417,76.02
264120,Victory: The Age of Racing,Vae Victis Games,Vae Victis Games,677,656,0.0,0.0,0,0,350000.0,1333,50.79
672870,ScreenPlay,Elias Steurer (Kelteseth) Tachiom,Elias Steurer (Kelteseth) Tachiom,1070,251,0.0,0.0,0,99,350000.0,1321,81.0
1457930,Red Rage,Snakebite Studios,Snakebite Studios,31,10,0.99,0.99,0,0,350000.0,41,75.61
2141520,Survivor Mercs,Wolpertinger Games,Wandering Wizard,111,27,9.99,9.99,0,1,350000.0,138,80.43
992640,Pagan: Absent Gods,Mad Head Games,Mad Head Games,1395,1386,19.99,19.99,0,1,350000.0,2781,50.16
1680070,Casual Golf,NikiGames,NikiGames,2,2,0.99,0.99,0,0,350000.0,4,50.0
2140330,Madden NFL 24,Tiburon,Electronic Arts,3982,4622,0.0,0.0,0,168,350000.0,8604,46.28
461880,Hyposphere,Atum Software,Sometimes You,221,98,2.99,2.99,0,0,350000.0,319,69.28
850190,Goat Simulator 3,Coffee Stain North,Coffee Stain Publishing,10177,218,29.99,29.99,0,474,350000.0,10395,97.9
429790,AdventureQuest 3D,"Artix Entertainment, LLC","Artix Entertainment, LLC",7584,1702,0.0,0.0,0,160,350000.0,9286,81.67
215690,Zeno Clash 2,ACE Team,SEGA,1069,302,14.99,14.99,0,0,350000.0,1371,77.97
292570,Chompy Chomp Chomp,Utopian World of Sandwiches,Utopian World of Sandwiches,391,170,1.99,1.99,0,0,350000.0,561,69.7
564530,Pharaoh + Cleopatra,Impressions Games,Activision,2227,208,4.99,9.99,50,92,350000.0,2435,91.46
111600,Serious Sam Double D XXL,"Mommy's Best Games, Croteam",Devolver Digital,702,144,0.99,9.99,90,0,350000.0,846,82.98
412400,GASP,Dark Day Interactive,Dark Day Interactive,369,1257,0.0,0.0,0,0,350000.0,1626,22.69
570460,Laser League,"Roll7, CE-Asia, 505 Games","CE-Asia, 505 Games",1309,330,0.0,0.0,0,0,350000.0,1639,79.87
292370,DarkEnd,Kodots Games,Kodots Games,185,171,1.99,1.99,0,0,350000.0,356,51.97
15710,Oddworld: Abe's Exoddus,Oddworld Inhabitants,Oddworld Inhabitants,1491,85,2.99,2.99,0,6,350000.0,1576,94.61
271500,Sniper Art of Victory,CI Games,CI Games,554,1278,2.99,2.99,0,1,350000.0,1832,30.24
3027930,Karate Survivor,Alawar,Alawar,2224,383,1.49,4.99,70,38,350000.0,2607,85.31
2725260,ENDER MAGNOLIA: Bloom in the Mist,"Adglobe, Live Wire",Binary Haze Interactive,12876,589,24.99,24.99,0,176,350000.0,13465,95.63
233150,LUFTRAUSERS,Vlambeer,Devolver Digital,4023,403,9.99,9.99,0,3,350000.0,4426,90.89
306760,Obduction,"Cyan, Inc.","Cyan, Inc.",3076,781,29.99,29.99,0,5,350000.0,3857,79.75
602520,NEKOPARA Vol. 3,NEKO WORKs,Sekai Project,11537,356,3.99,9.99,60,15,350000.0,11893,97.01
517790,Caesar 3,Impressions Games,Activision,1854,151,3.89,5.99,35,95,350000.0,2005,92.47
1253950,Dreamscaper: Prologue,Afterburner Studios,"indie.io, Maple Whispering Limited",1733,210,0.0,0.0,0,0,350000.0,1943,89.19
1138190,Poker Championship,BBstudio Inc.,BBstudio Inc.,2030,492,0.0,0.0,0,233,350000.0,2522,80.49
1578390,My Garage,Viking Game Studio,Viking Game Studio,2867,267,19.99,19.99,0,175,350000.0,3134,91.48
1768660,Saffron Fields,Toster12D3,A Game From Low Polystan,16,0,7.99,7.99,0,0,350000.0,16,100.0
1426450,Age of Darkness: Final Stand,PlaySide,PlaySide,7267,2196,27.99,27.99,0,176,350000.0,9463,76.79
247240,Volgarr the Viking,Crazy Viking Studios,Crazy Viking Studios,1967,450,9.99,9.99,0,2,350000.0,2417,81.38
728730,Holyday City: Reloaded,Holyday Studios,Holyday Studios,1292,293,0.0,0.0,0,55,350000.0,1585,81.51
719300,Daemonsgate,Imagitec,Ziggurat,3,12,6.99,6.99,0,0,350000.0,15,20.0
93200,Revenge of the Titans,Puppygames,Puppygames,1006,221,14.99,14.99,0,1,350000.0,1227,81.99
1356670,Sakuna: Of Rice and Ruin,Edelweiss,"XSEED Games, Marvelous USA, Inc.",4987,423,14.99,29.99,50,37,350000.0,5410,92.18
244770,StarMade,Schine GmbH,Schine GmbH,2014,955,14.99,14.99,0,2,350000.0,2969,67.83
280220,Creeper World 3: Arc Eternal,Knuckle Cracker,Knuckle Cracker,4487,160,14.99,14.99,0,134,350000.0,4647,96.56
2698780,ContractVille,MYM Games Studios,FiftyEight Studios,3154,673,3.39,9.99,66,261,350000.0,3827,82.41
1005300,The Jackbox Party Pack 6,"Jackbox Games, Inc.","Jackbox Games, Inc.",2812,145,16.49,29.99,45,48,350000.0,2957,95.1
1348300,大千世界,滑稽工作室,滑稽工作室,2028,315,3.99,3.99,0,6,350000.0,2343,86.56
13530,Prince of Persia: The Two Thrones,Ubisoft Montreal,Ubisoft,1856,462,9.99,9.99,0,24,350000.0,2318,80.07
2106840,PARANORMASIGHT: The Seven Mysteries of Honjo,Square Enix,Square Enix,4971,219,19.99,19.99,0,11,350000.0,5190,95.78
575700,Fruit Arranger,Mihai Morosanu,Mihai Morosanu,211,110,0.99,0.99,0,0,350000.0,321,65.73
785770,Emergency Call 112 – The Fire Fighting Simulation 2,Crenetic,Aerosoft GmbH,3104,2062,29.99,29.99,0,43,350000.0,5166,60.09
666150,Prehistoric Kingdom,Blue Meridian,Crytivo,3476,521,29.99,29.99,0,126,350000.0,3997,86.97
329130,Reassembly,Anisoptera Games,Indie Voyage,3727,233,14.99,14.99,0,18,350000.0,3960,94.12
1217390,Some Some Convenience Store,"TALESSHOP Co., Ltd.","TALESSHOP Co., Ltd., Smilegate",2958,120,7.49,14.99,50,6,350000.0,3078,96.1
1058650,Beyond The Wire,Redstone Interactive,Offworld,4753,2707,9.99,9.99,0,1,350000.0,7460,63.71
580910,idleBeer,Victor Corradi,Corradi Games,16,40,0.0,0.0,0,0,350000.0,56,28.57
7610,Railroad Tycoon 3,PopTop,2K,900,269,9.99,9.99,0,42,350000.0,1169,76.99
1597790,Mainframe Defenders: Meltdown - Prologue,Synthetic Domain,Synthetic Domain,34,1,0.0,0.0,0,0,350000.0,35,97.14
416600,Full Metal Furies,Cellar Door Games,Cellar Door Games,2558,261,19.99,19.99,0,6,350000.0,2819,90.74
1547890,Let's Build a Zoo,Springloaded,No More Robots,3346,393,19.99,19.99,0,108,350000.0,3739,89.49
263620,Mitsurugi Kamui Hikae,Zenith Blue,PLAYISM,2675,670,1.99,9.99,80,1,350000.0,3345,79.97
2181610,Heretic's Fork,9FingerGames,Ravenage Games,3080,511,9.99,9.99,0,23,350000.0,3591,85.77
559100,Phantom Doctrine,CreativeForge Games,Good Shepherd Entertainment,3331,1163,39.99,39.99,0,42,350000.0,4494,74.12
791930,BombTag,David Schneider,David Schneider,1277,239,0.0,0.0,0,1,350000.0,1516,84.23
15370,Heroes of Might & Magic V: Tribes of the East,Nival,Ubisoft,2696,219,9.99,9.99,0,269,350000.0,2915,92.49
868020,Aperture Hand Lab,Cloudhead Games Ltd.,Valve,1286,195,0.0,0.0,0,2,350000.0,1481,86.83
339200,Oceanhorn: Monster of Uncharted Seas,Cornfox & Brothers Ltd.,Cornfox & Brothers Ltd.,1649,421,14.99,14.99,0,10,350000.0,2070,79.66
3720,Evil Genius,Elixir Studios,Rebellion,3272,234,9.99,9.99,0,13,350000.0,3506,93.33
815780,PIPE by BMX Streets,Mash Games,Mash Games,5773,425,9.99,9.99,0,10,350000.0,6198,93.14
519140,Minds Eyes,Stanislaw Truchowski,TurnVex,1234,529,0.0,0.0,0,2,350000.0,1763,69.99
1150950,Timelie,Urnique Studio,Urnique Studio,2277,141,17.99,17.99,0,2,350000.0,2418,94.17
388160,Project Druid - 2D Labyrinth Explorer-,Cemil Tasdemir,Back To Basics Gaming,49,129,1.99,1.99,0,0,350000.0,178,27.53
1419160,Souldiers,Retro Forge,Dear Villagers,1827,857,19.99,19.99,0,25,350000.0,2684,68.07
1682970,Uncrashed : FPV Drone Simulator,Luminite,Luminite,4155,268,14.99,14.99,0,507,350000.0,4423,93.94
973810,Journey To The Savage Planet,Typhoon,505 Games,5422,795,29.99,29.99,0,72,350000.0,6217,87.21
440650,Niche - a genetics survival game,Stray Fawn Studio,"Stray Fawn Publishing, WhisperGames",4331,683,17.99,17.99,0,45,350000.0,5014,86.38
359510,Tangle Tower,SFB Games,SFB Games,5001,242,19.99,19.99,0,30,350000.0,5243,95.38
1265920,Life is Strange Remastered,Deck Nine,Square Enix,5345,655,39.99,39.99,0,103,350000.0,6000,89.08
591370,Production Line : Car factory simulation,Positech Games,Positech Games,2782,591,24.99,24.99,0,10,350000.0,3373,82.48
1901200,FPS Game: Dev Test,jackal_dev_test,jackal_dev_test,1209,212,0.0,0.0,0,0,350000.0,1421,85.08
1373880,Hello Neighbor 2 Alpha 1,"Eerie Guest, tinyBuild",tinyBuild,720,123,0.0,0.0,0,9,350000.0,843,85.41
286340,FarSky,Farsky Interactive,Farsky Interactive,2881,966,0.0,0.0,0,1,350000.0,3847,74.89
460120,Megadimension Neptunia VII,"Idea Factory, Compile Heart",Idea Factory International,3018,186,19.99,19.99,0,10,350000.0,3204,94.19
648390,Marie's Room,like Charlie,like Charlie,6058,405,0.0,0.0,0,4,350000.0,6463,93.73
1389990,Oblivity - Find your perfect Sensitivity,Poly Games,Poly Games,1089,230,9.99,9.99,0,36,350000.0,1319,82.56
1067600,The Defender: Farm and Castle,Kobsoft Kitti,Kobsoft Kitti,967,113,0.0,0.0,0,1,350000.0,1080,89.54
1344350,SUCCUBUS: Prologue,Madmind Studio,Madmind Studio,4466,978,0.0,0.0,0,1,350000.0,5444,82.04
349460,Lord of the Dark Castle,Craze Creative Studios,Conglomerate 5,120,42,4.99,4.99,0,1,350000.0,162,74.07
3058630,Assetto Corsa EVO,KUNOS Simulazioni,505 Games,7712,3306,31.99,39.99,20,179,350000.0,11018,69.99
367580,Hook,Maciej Targoni,Maciej Targoni,8617,270,1.76,2.99,41,1,350000.0,8887,96.96
350810,Pixel Puzzles 2: Anime,Pixel Puzzles,Pixel Puzzles,741,255,4.99,4.99,0,2,350000.0,996,74.4
2590,Alpha Prime,Black Element,Bohemia Interactive,809,656,3.99,4.99,20,0,350000.0,1465,55.22
2698940,The Crew Motorfest,Ubisoft Ivory Tower,Ubisoft,6295,1732,69.99,69.99,0,222,350000.0,8027,78.42
334940,Yoku's Island Express,Villa Gorilla,Team17 Digital Ltd,4640,184,19.99,19.99,0,4,350000.0,4824,96.19
1814010,Stuck In Time,Housemade Inc.,Housemade Inc.,782,139,7.99,7.99,0,27,350000.0,921,84.91
860910,Hentai 3018,Easy game,Game for people,842,251,0.99,0.99,0,3,350000.0,1093,77.04
2380050,Star Trucker,Monster and Monster,Raw Fury,3373,898,7.49,24.99,70,48,350000.0,4271,78.97
2218400,Greedland,VaMP He,"Gamersky Games, 2P Games",2091,340,12.99,12.99,0,45,350000.0,2431,86.01
570840,家有大貓 Nekojishi,"Studio Klondike, Team Nekojishi","Studio Klondike, Orange Juice Dog",3835,299,0.0,0.0,0,4,350000.0,4134,92.77
717720,Cyberia 2: Resurrection,Xatrix Entertainment,Interplay,12,4,9.99,9.99,0,0,350000.0,16,75.0
234940,The 39 Steps,The Story Mechanics,The Secret Experiment,1205,386,0.99,0.99,0,1,350000.0,1591,75.74
619700,Steel Rats,Tate Multimedia,Tate Multimedia,774,573,0.99,9.99,90,1,350000.0,1347,57.46
1555290,Hormone Wars - Tower Defense,3d pixel art studio,3d pixel art studio,1,1,9.99,9.99,0,0,350000.0,2,50.0
848480,Creeper World 4,Knuckle Cracker,Knuckle Cracker,4155,210,24.99,24.99,0,203,350000.0,4365,95.19
1075190,A Game of Thrones: The Board Game - Digital Edition,Dire Wolf,Twin Sails Interactive,1267,545,9.99,19.99,50,22,350000.0,1812,69.92
581130,Metal Waltz: Anime tank girls,WuL Game Studio,WuL Game Studio,1313,354,0.0,0.0,0,30,350000.0,1667,78.76
32400,"STAR WARS Dark Forces (Classic, 1995)",LucasArts,"LucasArts, Lucasfilm, Disney",2644,327,5.99,5.99,0,9,350000.0,2971,88.99
400110,Else Heart.Break(),"Erik Svedäng, El Huervo / Niklas Åkerblad, Tobias Sjögren, Oscar ""Ratvader"" Rydelius, Johannes Gotlén",Erik Svedäng AB,540,264,7.49,24.99,70,1,350000.0,804,67.16
587520,Dungeons of Sundaria,Industry Games,Industry Games,2175,744,1.49,9.99,85,16,350000.0,2919,74.51
1758910,Time Commando,"[2.21], Adeline Software",[2.21],76,4,5.99,5.99,0,0,350000.0,80,95.0
532030,DMT: Dream Dealer Trip,Eternity Studios,Eternity Studios,127,104,3.99,3.99,0,3,350000.0,231,54.98
521200,Epic Battle Fantasy 3,Matt Roszak,Matt Roszak,2122,66,0.0,0.0,0,12,350000.0,2188,96.98
484950,恶魔迷宫 | Evil Maze,ZOV GAME STUDIO,ZOV GAME STUDIO,897,296,1.99,1.99,0,0,350000.0,1193,75.19
505170,Carmageddon: Max Damage,Stainless Games Ltd,THQ Nordic,2580,713,16.99,16.99,0,9,350000.0,3293,78.35
1146310,Beyond a Steel Sky,Revolution Software Ltd,Revolution Software Ltd,1293,177,6.99,34.99,80,1,350000.0,1470,87.96
228260,Fallen Enchantress: Legendary Heroes,Stardock Entertainment,Stardock Entertainment,1842,626,24.99,24.99,0,33,350000.0,2468,74.64
342480,Gunscape,Blowfish Studios,Blowfish Studios,828,421,19.99,19.99,0,0,350000.0,1249,66.29
396900,GRIP: Combat Racing,Caged Element,Wired Productions,4071,723,2.99,29.99,90,30,350000.0,4794,84.92
2157560,Granblue Fantasy Versus: Rising,"Cygames, Inc., Arc System Works","Cygames, Inc.",4586,971,49.99,49.99,0,1736,350000.0,5557,82.53
271570,Space Farmers,BumpkinBrothers,BumpkinBrothers,1338,470,9.99,9.99,0,1,350000.0,1808,74.0
1088790,Rebel Inc: Escalation,Ndemic Creations,"Hooded Horse, Ndemic Creations",5212,1104,14.99,14.99,0,358,350000.0,6316,82.52
369070,Slain: Back from Hell,Steel Mantis,Silver Lining Interactive,1668,664,12.99,12.99,0,2,350000.0,2332,71.53
290790,Grey Goo,"Petroglyph, Six Foot","Six Foot, Grey Box",2898,1376,29.99,29.99,0,5,350000.0,4274,67.81
376300,GUILTY GEAR Xrd -SIGN-,Arc System Works,Arc System Works,2463,241,29.99,29.99,0,17,350000.0,2704,91.09
497180,Street Legal Racing: Redline v2.3.1,"Invictus Games Ltd., ImageCode","Activision Value Publishing Inc., ImageCode",3502,452,6.99,6.99,0,16,350000.0,3954,88.57
435100,2Dark,Gloomywood,Nacon,617,180,24.99,24.99,0,3,350000.0,797,77.42
244710,Shelter,Might and Delight,Might and Delight,3123,544,14.99,14.99,0,0,350000.0,3667,85.16
602890,hack_me 2,EasyWays Team,Indovers Studio,543,249,5.99,5.99,0,0,350000.0,792,68.56
1290330,Time Wasters,Proton Studio,Proton Studio,2227,276,4.99,4.99,0,12,350000.0,2503,88.97
801550,VAIL VR,AEXLAB,AEXLAB,2178,636,0.0,0.0,0,29,350000.0,2814,77.4
339580,Ember,N-Fusion Interactive,505 Games,735,246,3.49,9.99,65,1,350000.0,981,74.92
1092730,Hello Neighbor Alpha 3,Dynamic Pixels,tinyBuild,1165,359,0.0,0.0,0,12,350000.0,1524,76.44
964800,Prodeus,Bounding Box Software Inc.,Balor Games,7021,535,24.99,24.99,0,25,350000.0,7556,92.92
386010,Steambirds Alliance,Spry Fox LLC,Spry Fox LLC,935,298,0.0,0.0,0,0,350000.0,1233,75.83
1931770,Chants of Sennaar,Rundisc,Focus Entertainment,22075,378,19.99,19.99,0,149,350000.0,22453,98.32
2790000,Sin Slayers: Reign of The 8th,Goonswarm Games,Goonswarm Games,47,15,19.99,19.99,0,1,350000.0,62,75.81
37400,"Time Gentlemen, Please! and Ben There, Dan That! Special Edition  Double Pack",Size Five Games,Size Five Games,556,133,4.99,4.99,0,0,350000.0,689,80.7
274310,Always Sometimes Monsters,Vagabond Dog,Vagabond Dog,1811,619,9.99,9.99,0,2,350000.0,2430,74.53
444930,Zaccaria Pinball,Magic Pixel Kft.,Magic Pixel Kft.,1345,311,0.0,0.0,0,15,350000.0,1656,81.22
524110,Emergency 2017,Sixteen Tons Entertainment,Sixteen Tons Entertainment,275,133,0.0,0.0,0,1,350000.0,408,67.4
2726450,Windowkill,torcado,torcado,2933,124,4.99,4.99,0,14,350000.0,3057,95.94
55040,Atom Zombie Smasher,Blendo Games,"Blendo Games, Klei Publishing",1820,212,9.99,9.99,0,1,350000.0,2032,89.57
454540,LuckCatchers,DiP Online,DiP Online,445,365,0.0,0.0,0,1,350000.0,810,54.94
216910,Of Orcs And Men,"Cyanide Studio, Spiders","Cyanide Studio, Nacon",1474,518,14.99,14.99,0,5,350000.0,1992,74.0
469990,NEKOPALIVE,NEKO WORKs,Sekai Project,1374,112,0.0,0.0,0,1,350000.0,1486,92.46
38720,RUSH,Two Tribes,Two Tribes Publishing,1130,127,4.99,4.99,0,0,350000.0,1257,89.9
427930,Army of Tentacles: (Not) A Cthulhu Dating Sim,Stegalosaurus Game Development,Stegalosaurus Game Development,47,41,4.99,4.99,0,0,350000.0,88,53.41
779650,Ready Player One: OASIS beta,Directive Games Limited,Vive Studios,309,214,0.0,0.0,0,0,350000.0,523,59.08
530890,Haydee,Haydee Interactive,Haydee Interactive,5506,987,14.99,14.99,0,12,350000.0,6493,84.8
1100410,Commandos 2 - HD Remaster,"Yippee! Entertainment, Pyro Studios",Kalypso Media,1288,1003,7.99,19.99,60,31,350000.0,2291,56.22
2285150,The Front,Samar Studio,Samar Studio,6643,3155,19.99,19.99,0,105,350000.0,9798,67.8
1993150,轮回修仙路,烟水寒工作室,烟水寒工作室,2355,510,16.99,16.99,0,14,350000.0,2865,82.2
673560,IOSoccer,IOSoccer Team,IOSoccer Team,2287,522,0.0,0.0,0,28,350000.0,2809,81.42
1770630,Fear in The Modern House - CH3,Samuka Gomes,Samuka Gomes,2,3,2.99,2.99,0,0,350000.0,5,40.0
377530,侠客风云传(Tale of Wuxia),Heluo Studio,Phoenix Game,5542,1716,16.99,16.99,0,94,350000.0,7258,76.36
963930,Contractors,Caveman Studio,Caveman Studio,3687,702,19.99,19.99,0,51,350000.0,4389,84.01
568090,Tattletail,Waygetter Electronics,"Little Flag Software, LLC",4170,243,7.99,7.99,0,4,350000.0,4413,94.49
2075070,KinitoPET,troy_en,"troy_en, veil",11463,816,5.99,5.99,0,30,350000.0,12279,93.35
360870,Ultimate Tic-Tac-Toe,Tigerish Games,Tigerish Games,1278,257,0.0,0.0,0,2,350000.0,1535,83.26
1063420,Void Crew,Hutlihut Games,Focus Entertainment,5922,791,12.49,24.99,50,514,350000.0,6713,88.22
262150,Vanguard Princess,Tomoaki Sugeno,eigoMANGA,1993,858,4.99,4.99,0,0,350000.0,2851,69.91
1449200,AI: THE SOMNIUM FILES - nirvanA Initiative,"Spike Chunsoft Co., Ltd.","Spike Chunsoft Co., Ltd.",2816,428,5.99,39.99,85,23,350000.0,3244,86.81
1504500,OPUS: Echo of Starsong - Full Bloom Edition,SIGONO INC.,SIGONO INC.,8460,313,24.99,24.99,0,6,350000.0,8773,96.43
532840,CAYNE,THE BROTHERHOOD,THE BROTHERHOOD,1478,351,0.0,0.0,0,3,350000.0,1829,80.81
469730,Super Mega Neo Pug,"SnowFlame, Back To Basics Gaming",Back To Basics Gaming,641,121,1.99,1.99,0,1,350000.0,762,84.12
562220,Zup! 2,Quiet River,Quiet River,5994,278,1.99,1.99,0,1,350000.0,6272,95.57
518580,Accounting (Legacy),"Crows Crows Crows, Squanch Games",Crows Crows Crows,2340,181,0.0,0.0,0,0,350000.0,2521,92.82
568570,Force of Nature,A.Y.std,A.Y.std,3144,1014,7.99,7.99,0,14,350000.0,4158,75.61
619080,SOS,"Outpost Games, Inc.","Outpost Games, Inc.",1880,4882,0.0,0.0,0,0,350000.0,6762,27.8
1678420,Blade Runner: Enhanced Edition,"Nightdive Studios, Westwood Studios","Nightdive Studios, Atari",354,132,9.99,9.99,0,2,350000.0,486,72.84
1058640,RED HOT VENGEANCE,Bros Before Giraffes,Bros Before Giraffes,3291,137,0.0,0.0,0,9,350000.0,3428,96.0
331670,The Jackbox Party Pack,"Jackbox Games, Inc.","Jackbox Games, Inc.",1674,159,24.99,24.99,0,17,350000.0,1833,91.33
45700,Devil May Cry 4,Capcom,Capcom,2098,204,0.0,0.0,0,9,350000.0,2302,91.14
338170,Ratz Instagib,Lino Slahuschek,Rarebyte,3485,403,8.99,8.99,0,8,350000.0,3888,89.63
1343670,Dealer's Life 2,Abyte Entertainment,Abyte Entertainment,3322,572,14.99,14.99,0,52,350000.0,3894,85.31
383580,Flesh Eaters,S.C. 16 BIT NIGHTS S.R.L.,S.C. 16 BIT NIGHTS S.R.L.,959,389,4.99,4.99,0,0,350000.0,1348,71.14
275100,Shelter 2,Might and Delight,Might and Delight,3580,631,24.99,24.99,0,5,350000.0,4211,85.02
236730,Anomaly 2,11 bit studios,11 bit studios,813,215,2.99,14.99,80,0,350000.0,1028,79.09
931280,Iron Marines,Ironhide Game Studio,Ironhide Game Studio,1372,382,14.99,14.99,0,10,350000.0,1754,78.22
921390,武林志（Wushu Chronicles）,JiangHu Studio,Snail Games,1563,873,12.99,12.99,0,2,350000.0,2436,64.16
247660,Deadly Premonition: The Director's Cut,Rising Star Games,Rising Star Games,2958,1505,24.99,24.99,0,19,350000.0,4463,66.28
369000,Pongo,Drixy Games,Plug In Digital,419,199,0.75,0.99,24,3,350000.0,618,67.8
910490,Killsquad,Novarama,Novarama,2455,1037,29.99,29.99,0,1,350000.0,3492,70.3
688130,Pogostuck: Rage With Your Friends,Superku,Superku,5105,998,2.79,6.99,60,31,350000.0,6103,83.65
285010,Pixel Puzzles: UndeadZ,Pixel Puzzles,Pixel Puzzles,679,249,0.0,0.0,0,1,350000.0,928,73.17
384740,CAT Interstellar,Ionized Games,Ionized Games,777,301,9.99,9.99,0,0,350000.0,1078,72.08
298610,Ylands,Bohemia Interactive,Bohemia Interactive,5072,2968,0.0,0.0,0,77,350000.0,8040,63.08
314280,The Forgotten Ones,Bernt Andreas Eide,Bernt Andreas Eide,990,644,0.0,0.0,0,3,350000.0,1634,60.59
1069740,Seen,Seen Games,Seen Games,8916,837,0.99,0.99,0,11,350000.0,9753,91.42
250460,Bridge Constructor,ClockStone,Headup,1265,394,9.99,9.99,0,7,350000.0,1659,76.25
370770,Holodrive,BitCake Studio,Versus Evil,977,267,0.0,0.0,0,3,350000.0,1244,78.54
980610,Quaver,Swan,Swan,14267,1252,0.0,0.0,0,153,350000.0,15519,91.93
1262060,Battle Ram,"Wloop777, Anatoliy Loginovskikh",khukhrovr  ,279,38,3.99,3.99,0,6,350000.0,317,88.01
1196090,Scars Above,Mad Head Games,Prime Matter,2134,628,29.99,29.99,0,10,350000.0,2762,77.26
1332470,Gladiator Guild Manager: Prologue,Entertainment Forge,"GrabTheGames, Gamera Games, UpgradePoint",1440,103,0.0,0.0,0,1,350000.0,1543,93.32
1866180,Hooked on You: A Dead by Daylight Dating Sim,Psyop,Behaviour Interactive Inc.,5539,571,3.99,9.99,60,6,350000.0,6110,90.65
1555650,HEXCRAFT: Harlequin Fair,Oleander Garden,Hex Code Coven,47,7,12.99,12.99,0,0,350000.0,54,87.04
507380,Black Sand Drift,Echo Hall Studios,Sometimes You,166,75,0.99,0.99,0,0,350000.0,241,68.88
555670,Infinitum,VGstudio,VGstudio,250,54,4.99,4.99,0,0,350000.0,304,82.24
1145960,The White Door,Rusty Lake,"Second Maze, Rusty Lake",5639,374,3.99,3.99,0,24,350000.0,6013,93.78
374080,Falcon,"Sphere, Inc.",MicroProse Software,13,5,4.54,6.99,35,0,350000.0,18,72.22
1360000,The Infected,DigX Studios,DigX Studios,5608,978,15.99,15.99,0,125,350000.0,6586,85.15
783140,Removed,,,25,15,0.0,0.0,0,0,350000.0,40,62.5
1708850,Drug Dealer Simulator 2,Byterunners,Movie Games S.A.,3930,3143,24.99,24.99,0,145,350000.0,7073,55.56
417890,Apotheon Arena,Alientrap,Alientrap,880,189,0.0,0.0,0,1,350000.0,1069,82.32
2022670,SONIC SUPERSTARS,SEGA,SEGA,2181,989,39.99,39.99,0,17,350000.0,3170,68.8
2678410,Jax: History Repeats Itself,GameSharp,GameSharp,2,2,1.99,1.99,0,0,350000.0,4,50.0
1715460,Touhou Hero of Ice Fairy: Prologue,GAMEPULSE 游戏脉冲,GAMEPULSE 游戏脉冲,3222,85,0.0,0.0,0,3,350000.0,3307,97.43
270170,Depression Quest,"The Quinnspiracy, Patrick Lindsey, Isaac Schankler",The Quinnspiracy,2387,1587,0.0,0.0,0,2,350000.0,3974,60.07
33670,Disciples III - Renaissance Steam Special Edition,"Akella, .dat",Kalypso Media Digital,265,246,3.99,9.99,60,4,350000.0,511,51.86
454910,Twin Saga,X-Legend,Aeria Games,584,244,0.0,0.0,0,0,350000.0,828,70.53
1787080,Office No.41: Prototype Edition,Burning Forest,Cooky Cookie Production,20,9,2.99,2.99,0,0,350000.0,29,68.97
400370,Normality,Gremlin Interactive,Funbox Media Ltd,286,117,2.99,2.99,0,1,350000.0,403,70.97
595690,One Hour One Life,Jason Rohrer,Jason Rohrer,3555,855,14.99,14.99,0,36,350000.0,4410,80.61
338530,Trouble In The Manor,Charyb Games,Charyb Games,174,137,0.99,0.99,0,0,350000.0,311,55.95
399820,Kopanito All-Stars Soccer,Merixgames,Merixgames,2321,418,5.99,5.99,0,1,350000.0,2739,84.74
394870,Office Battle,Black Lime Studio,Black Lime Studio,707,240,0.99,0.99,0,0,350000.0,947,74.66
1422440,Cataclismo,Digital Sun,Hooded Horse,3254,339,29.99,29.99,0,47,350000.0,3593,90.56
1025600,Battle Realms: Zen Edition,Ed Del Castillo,Ed Del Castillo,3326,475,14.99,14.99,0,208,350000.0,3801,87.5
468560,Blind Trust,"Viswanath Atlu, Laurie Banks, Rohan Bhukan, Nick Burnham, Avinash Kalapala, Yash Kapani, Katharine Marsh, Ankur Rathore, Hardit Singh, Anoop Nihar Srinivas, Ryan Guanyuhao Jiang, Robert Zhu",Good Vibration Games,764,698,0.0,0.0,0,3,350000.0,1462,52.26
1135300,King's Bounty II,Fulqrum Games,"Fulqrum Publishing, Prime Matter, 方块游戏 (China)",3322,2007,39.99,39.99,0,29,350000.0,5329,62.34
292620,Pressured,Paul Marrable,Funbox Media Ltd,272,283,2.99,2.99,0,0,350000.0,555,49.01
615610,Orbt XL,Adamvision Studios,Adamvision Studios,3259,110,0.99,0.99,0,1,350000.0,3369,96.73
598700,The Vagrant,O.T.K Games,Thermite Games,7410,851,3.99,3.99,0,11,350000.0,8261,89.7
13500,Prince of Persia: Warrior Within,Ubisoft,Ubisoft,2952,578,9.99,9.99,0,18,350000.0,3530,83.63
1276760,DRAGON BALL: THE BREAKERS,Dimps Corporation,Bandai Namco Entertainment,3058,3083,3.89,29.99,87,60,350000.0,6141,49.8
1057990,Viking Trickshot,"Doodad Games, Ethan Close",Doodad Games,55,6,0.0,0.0,0,0,350000.0,61,90.16
2429860,Living With Sister: Monochrome Fantasy,Inusuku,Kagura Games,10033,361,6.49,12.99,50,226,350000.0,10394,96.53
575490,Let's Draw,Indie Game Group,Indie Game Group,322,292,0.79,4.99,84,1,350000.0,614,52.44
646270,60 Parsecs!,Robot Gentleman,Robot Gentleman,3266,428,9.99,9.99,0,35,350000.0,3694,88.41
2348120,Kagura Survivors: Endless Night,"Big Bang Studio, Swaps4 Productions",Kagura Games,2107,485,0.0,0.0,0,26,350000.0,2592,81.29
1570010,FAR: Changing Tides,Okomotive,Frontier Foundry,4324,349,19.99,19.99,0,32,350000.0,4673,92.53
911430,Good Company,Chasing Carrots,Chasing Carrots,1263,450,14.99,24.99,40,9,350000.0,1713,73.73
223810,Ys I & II Chronicles+,Nihon Falcom,XSEED Games,2440,301,14.99,14.99,0,1,350000.0,2741,89.02
530630,Empires Apart,DESTINYbit,Slitherine Ltd.,1671,771,0.0,0.0,0,5,350000.0,2442,68.43
438080,Surfingers,Digital Melody,Forever Entertainment S. A.,570,139,1.99,1.99,0,1,350000.0,709,80.39
860950,Mark of the Ninja: Remastered,Klei Entertainment,Klei Entertainment,5913,241,19.99,19.99,0,20,350000.0,6154,96.08
887570,NEBULOUS: Fleet Command,Eridanus Industries,Hooded Horse,2915,621,14.99,29.99,50,212,350000.0,3536,82.44
215120,ROSE Online,Gravity Interactive,Gravity Interactive,310,134,0.0,0.0,0,0,350000.0,444,69.82
334420,Out There: Ω Edition,"Mi-Clos Studio, FibreTigre","Mi-Clos Studio, WhisperGames, Fractale",1274,416,14.99,14.99,0,3,350000.0,1690,75.38
2190290,To Be or Not to Be,Team K,DSGame,6741,791,12.99,12.99,0,61,350000.0,7532,89.5
610670,Alchemyland,azimuth team,azimuth team,68,92,0.99,0.99,0,0,350000.0,160,42.5
441380,PAC-MAN CHAMPIONSHIP EDITION 2,BANDAI NAMCO Studios Inc.,BANDAI NAMCO Entertainment,1626,704,2.59,12.99,80,6,350000.0,2330,69.79
568780,Multishop Tycoon Deluxe,Maulidan Games,Maulidan Games,23,9,6.99,6.99,0,0,350000.0,32,71.88
345260,Medieval: Total War - Collection,CREATIVE ASSEMBLY,SEGA,1574,648,9.99,9.99,0,117,350000.0,2222,70.84
300580,GALAK-Z,17-BIT,17-BIT,395,146,19.99,19.99,0,1,350000.0,541,73.01
227200,Waking Mars,Tiger Style,Tiger Style,1054,133,9.99,9.99,0,0,350000.0,1187,88.8
208670,Blades of Time,Gaijin Entertainment Corporation,Gaijin Entertainment Corporation,1975,528,9.99,9.99,0,2,350000.0,2503,78.91
463150,BARRIER X,Noclip,HypeTrain Digital,1985,334,0.89,2.99,70,0,350000.0,2319,85.6
616220,Hide vs. Seek,Brave Little Studios,Brave Little Studios,238,391,0.0,0.0,0,0,350000.0,629,37.84
1364800,The Emperor's Own: Alpha Teaser,Volga Studios,Volga Studios,444,121,0.0,0.0,0,0,350000.0,565,78.58
2751000,Prince of Persia The Lost Crown,Ubisoft Montpellier,Ubisoft,3388,595,29.99,29.99,0,100,350000.0,3983,85.06
540020,Final Quest II,RPG Video,Back To Basics Gaming,87,102,1.99,1.99,0,0,350000.0,189,46.03
461640,Sins Of The Demon RPG,Chandler Rounsley,Senpai Industrial Studios,824,165,1.99,1.99,0,0,350000.0,989,83.32
1118240,Lake,Gamious,"Whitethorn Games, Gamious",4231,638,19.99,19.99,0,16,350000.0,4869,86.9
785790,WHAT THE GOLF?,Triband,Triband,4007,271,19.99,19.99,0,14,350000.0,4278,93.67
680320,The Heiress,ONEONE1,Paradise Project,1358,203,0.0,0.0,0,1,350000.0,1561,87.0
1697700,Who's Lila?,Garage Heathen,"Garage Heathen, IndieArk",2598,133,11.99,11.99,0,7,350000.0,2731,95.13
321480,Sigils of Elohim,Croteam,Devolver Digital,1063,101,0.0,0.0,0,2,350000.0,1164,91.32
1763740,Cover Fire: Offline Shooting Game,1MB,1MB,255,98,0.0,0.0,0,1,350000.0,353,72.24
1072710,Soviet Jump Game,Fantastic Passion,Game Grumps,1146,265,0.0,0.0,0,0,350000.0,1411,81.22
1700870,Clanfolk,MinMax Games Ltd.,Hooded Horse,2832,276,29.99,29.99,0,386,350000.0,3108,91.12
1261040,Streamer Life Simulator,Cheesecake Dev,Cheesecake Dev,5770,1718,19.99,19.99,0,22,350000.0,7488,77.06
253880,Earth 2150 Trilogy,Reality Pump Studios,"Topware Interactive, ACE",669,205,4.99,9.99,50,2,350000.0,874,76.54
355800,Space Run Galaxy,Passtech Games,Focus Entertainment,638,359,1.49,9.99,85,19,350000.0,997,63.99
497640,Trick & Treat,Rabbiton,Rabbiton,2273,85,0.0,0.0,0,2,350000.0,2358,96.4
466660,Stash,Frogdice,Frogdice,441,227,0.0,0.0,0,1,350000.0,668,66.02
970500,秦殇 (Prince of Qin),北京目标在线科技有限公司,北京目标在线科技有限公司,1832,508,0.99,0.99,0,45,350000.0,2340,78.29
374830,Defend The Highlands,Kilted Camel,KISS ltd,283,75,4.99,4.99,0,0,350000.0,358,79.05
280140,Millennium - A New Hope,Aldorlea Games,Aldorlea Games,319,114,9.99,9.99,0,1,350000.0,433,73.67
227780,Serious Sam Classics: Revolution,"Croteam, Alligator Pit",Devolver Digital,3221,348,9.99,9.99,0,23,350000.0,3569,90.25
1887840,Another Crab's Treasure,Aggro Crab,Aggro Crab,16158,981,29.99,29.99,0,147,350000.0,17139,94.28
2009100,Immortals of Aveum,Ascendant Studios,Electronic Arts,1727,713,11.99,59.99,80,10,350000.0,2440,70.78
1357210,Galactic Civilizations IV,Stardock Entertainment,Stardock Entertainment,1378,509,13.19,39.99,67,330,350000.0,1887,73.03
1953520,WRC Generations – The FIA WRC Official Game,KT Racing,Nacon,2472,1091,39.99,39.99,0,56,350000.0,3563,69.38
476460,Picross Touch,Jon Gallant,jgallant,1595,96,0.0,0.0,0,75,350000.0,1691,94.32
1451090,Tactics Ogre: Reborn,Square Enix,Square Enix,2824,960,49.99,49.99,0,184,350000.0,3784,74.63
331480,Pinstripe,Atmos Games,Armor Games Studios,2255,271,1.49,14.99,90,1,350000.0,2526,89.27
3217030,Moxter,"Aisten Lab, Dalton Bastos",Aisten Lab,7,3,9.99,9.99,0,0,350000.0,10,70.0
1209490,Exit the Gungeon,"Dodge Roll, Singlecore",Devolver Digital,2655,870,9.99,9.99,0,14,350000.0,3525,75.32
236510,Takedown: Red Sabre,Serellan LLC,505 Games,2355,3339,0.99,4.99,80,0,350000.0,5694,41.36
473770,BallisticNG,Neognosis,Neognosis,3151,199,14.99,14.99,0,8,350000.0,3350,94.06
945490,Little Square Things,G.Reed,Hosted Games,69,10,0.0,0.0,0,0,350000.0,79,87.34
438140,Star Realms,"Wise Wizard Games, LLC","Wise Wizard Games, LLC",1793,276,0.0,0.0,0,57,350000.0,2069,86.66
435030,Lost Lands: Mahjong,FIVE-BN GAMES,FIVE-BN GAMES,4860,446,0.0,0.0,0,42,350000.0,5306,91.59
575550,Hell Girls,Athena Works,"Athena Works, SakuraGame",3446,481,0.0,0.0,0,3,350000.0,3927,87.75
606500,HellSign,Ballistic Interactive,Ballistic Interactive,1507,694,19.99,19.99,0,4,350000.0,2201,68.47
3108510,FlyKnight,Wabbaboy,Wabbaboy,8023,274,5.99,5.99,0,59,350000.0,8297,96.7
1316910,Super Monkey Ball Banana Mania,RGG Studio,SEGA,1223,240,29.99,29.99,0,2,350000.0,1463,83.6
251410,Dark Matter,InterWave Studios,Iceberg Interactive,112,146,9.99,9.99,0,0,350000.0,258,43.41
448280,Job Simulator,Owlchemy Labs,Owlchemy Labs,4555,448,19.99,19.99,0,44,350000.0,5003,91.05
1880470,The Inquisitor,The Dust S.A.,Kalypso Media,255,103,39.99,39.99,0,0,350000.0,358,71.23
2328480,Ascension,Element Game 微元游戏,噪点游戏 SERICA GAMES,1253,779,19.99,19.99,0,470,350000.0,2032,61.66
3261750,Oppressed,Engin Koyuncu,Engin Koyuncu,1,1,2.99,2.99,0,0,350000.0,2,50.0
584100,Mad Digger,Berezka,KuKo,225,93,0.99,0.99,0,4,350000.0,318,70.75
20820,Shatter,Sidhe,PikPok,1209,81,1.99,1.99,0,0,350000.0,1290,93.72
762830,Telling Lies,"Sam Barlow, Half Mermaid, Furious Bee Limited",Annapurna Interactive,786,445,19.99,19.99,0,4,350000.0,1231,63.85
1410710,Democracy 4,Positech Games,Positech Games,4809,989,29.99,29.99,0,55,350000.0,5798,82.94
1144170,Warhammer: Chaos And Conquest,Hunted Cow Games,Tilting Point,617,521,0.0,0.0,0,123,350000.0,1138,54.22
712730,SIMULACRA,Kaigan Games OÜ,"Kaigan Games OÜ, Soft Source",3972,418,4.99,4.99,0,5,350000.0,4390,90.48
516510,Orake Classic,PigLion Games,PigLion Games,448,186,0.0,0.0,0,1,350000.0,634,70.66
235400,King’s Bounty: Legions,Nival,Nival,697,602,0.0,0.0,0,0,350000.0,1299,53.66
1138660,Black Book,Morteshka,HypeTrain Digital,5575,446,24.99,24.99,0,24,350000.0,6021,92.59
296830,Lucius II,Shiver Games,Shiver Games,1380,860,19.99,19.99,0,2,350000.0,2240,61.61
230820,The Night of the Rabbit,Daedalic Entertainment,Daedalic Entertainment,2839,337,19.99,19.99,0,10,350000.0,3176,89.39
1405500,Angel at Dusk,Akiragoya,"Henteko Doujin, Sanuk Inc.",1407,13,14.99,14.99,0,11,350000.0,1420,99.08
1250870,Cyrano Story,Alice &amp; Smith,Alice &amp; Smith,717,348,0.0,0.0,0,0,350000.0,1065,67.32
383330,Star Chronicles: Delta Quadrant,Alister Software,"Back To Basics Gaming, Alister Software",186,125,1.99,1.99,0,0,350000.0,311,59.81
313500,Blitzkrieg 2 Anthology,Nival,Nival,1044,189,4.99,4.99,0,20,350000.0,1233,84.67
205610,Port Royale 3,Gaming Minds Studios,Kalypso Media Digital,1091,393,14.99,14.99,0,33,350000.0,1484,73.52
1242700,Ashland:Explore,无人之境,无人之境,1472,359,0.0,0.0,0,0,350000.0,1831,80.39
271860,Super Killer Hornet: Resurrection,Flump Studios,Funbox Media Ltd,502,304,2.99,2.99,0,0,350000.0,806,62.28
233370,The Raven - Legacy of a Master Thief,KING Art,THQ Nordic,605,198,19.99,19.99,0,0,350000.0,803,75.34
1582650,Caravan SandWitch,Studio Plane Toast,Dear Villagers,1758,167,24.99,24.99,0,40,350000.0,1925,91.32
230860,Cannon Brawl,"Theresa Duringer, Pete Andstadt",Temple Gates Games,728,70,14.99,14.99,0,0,350000.0,798,91.23
464340,Syberia 3,Microids,Microids,2294,2150,14.99,14.99,0,19,350000.0,4444,51.62
1785150,Friends vs Friends,Brainwash Gang,Raw Fury,11066,2247,2.49,9.99,75,136,350000.0,13313,83.12
2186320,Ages of Conflict: World War Simulator,JoySpark Games,JoySpark Games,4708,195,6.99,6.99,0,340,350000.0,4903,96.02
203350,King's Bounty: Warriors of the North,Fulqrum Publishing,Fulqrum Publishing,1490,366,9.99,9.99,0,34,350000.0,1856,80.28
829660,No Time to Relax,Porcelain Fortress,Porcelain Fortress,2195,189,4.19,13.99,70,26,350000.0,2384,92.07
907270,eSports Legend,90Games,Coconut Island Games,746,452,9.99,9.99,0,4,350000.0,1198,62.27
987350,PlanetSide Arena,Daybreak Game Company,Daybreak Game Company,851,1025,0.0,0.0,0,0,350000.0,1876,45.36
235900,RPG Maker XP,"Gotcha Gotcha Games, KADOKAWA, Yoji Ojima",Gotcha Gotcha Games,1653,102,24.99,24.99,0,217,350000.0,1755,94.19
405820,Turok,"Iguana Entertainment, Nightdive Studios","Nightdive Studios, Atari",3490,255,19.99,19.99,0,15,350000.0,3745,93.19
542340,Slingshot people,StalkerAlex,StalkerAlex.,474,709,0.99,0.99,0,4,350000.0,1183,40.07
272230,Sub Rosa,Cryptic Sea,Devolver Digital,2347,996,19.99,19.99,0,8,350000.0,3343,70.21
1611430,The Bridge Curse Road to Salvation,SOFTSTAR ENTERTAINMENT,"SOFTSTAR ENTERTAINMENT, Gamera Games",2798,299,19.99,19.99,0,42,350000.0,3097,90.35
649190,Blast Zone! Tournament,Victory Lap Games,Victory Lap Games,522,390,0.0,0.0,0,0,350000.0,912,57.24
1158850,The Great Ace Attorney Chronicles,"CAPCOM Co., Ltd.","CAPCOM Co., Ltd.",7691,467,15.99,39.99,60,175,350000.0,8158,94.28
449540,There's Poop In My Soup,K Bros Games,K Bros Games,3993,491,0.99,0.99,0,1,350000.0,4484,89.05
1424330,Wobbledogs,Animal Uprising,Secret Mode,11925,220,19.99,19.99,0,95,350000.0,12145,98.19
1118920,TrenchesWIP,Big OOF Games PTY LTD,-,1176,426,0.0,0.0,0,0,350000.0,1602,73.41
1283400,Steelrising,Spiders,Nacon,3942,1474,49.99,49.99,0,29,350000.0,5416,72.78
299260,Commando Jack,Colossal Games,KISS ltd,280,275,7.99,7.99,0,0,350000.0,555,50.45
251530,Anomaly Korea,11 bit studios,11 bit studios,615,169,0.99,4.99,80,0,350000.0,784,78.44
359100,Q.U.B.E. 2,Toxic Games,Trapped Nerve Games,1396,259,24.99,24.99,0,3,350000.0,1655,84.35
664830,Zombotron,Ant.Karlov Games,Ant.Karlov Games,2895,359,14.99,14.99,0,10,350000.0,3254,88.97
794800,Clue/Cluedo: Classic Edition,Marmalade Game Studio Ltd,Marmalade Game Studio Ltd,2847,393,16.99,16.99,0,62,350000.0,3240,87.87
817920,NO LOVE,Wallace Lovecraft,Wallace Lovecraft,4,1,16.99,16.99,0,0,350000.0,5,80.0
265970,Worlds of Magic,Wastelands Interactive,Conglomerate 5,268,284,1.07,11.99,91,401,350000.0,552,48.55
322680,BLACKHOLE,FiolaSoft Studio,Fulqrum Publishing,901,150,8.99,8.99,0,1,350000.0,1051,85.73
427820,Hitman GO: Definitive Edition,Square Enix Montréal,Crystal Dynamics,1900,319,7.99,7.99,0,2,350000.0,2219,85.62
1807080,Ghost Exile,LostOneTeam,LostOneTeam,3399,471,10.04,14.99,33,42,350000.0,3870,87.83
568770,Cinderella Phenomenon - Otome/Visual Novel,Dicesuki,Dicesuki,3898,149,0.0,0.0,0,10,350000.0,4047,96.32
566050,Zeus + Poseidon,Impressions Games,Activision,1691,67,4.99,9.99,50,105,350000.0,1758,96.19
858260,Until You Fall,Schell Games,Schell Games,3039,185,24.99,24.99,0,3,350000.0,3224,94.26
252030,Valdis Story: Abyssal City,Endlessfluff Games,Endlessfluff Games,2254,434,14.99,14.99,0,2,350000.0,2688,83.85
513450,Drop Alive,Invi Games,Ipsilon Developments,1378,166,0.0,0.0,0,0,350000.0,1544,89.25
585550,FEMINAZI: The Triggering,"hyperboreanGames, Svarog Studios",Back To Basics Gaming,1019,269,1.99,1.99,0,1,350000.0,1288,79.11
1367160,Wetlands,New World Computing,Ziggurat,2,3,2.09,6.99,70,0,350000.0,5,40.0
31170,Tales of Monkey Island: Complete Season,Telltale,Telltale,660,81,14.99,14.99,0,0,350000.0,741,89.07
298600,Lovely Planet,quicktequila,tinyBuild,2425,253,5.99,5.99,0,1,350000.0,2678,90.55
1144770,SLUDGE LIFE,"Terri Vellmann, Doseone",Devolver Digital,4504,439,14.99,14.99,0,4,350000.0,4943,91.12
2294660,The Quinfall,Vawraek Technology Inc.,Vawraek Technology Inc.,2956,3234,9.99,9.99,0,669,350000.0,6190,47.75
683830,Weable,SPECTRUM GAMES,Valkyrie Initiative,324,99,6.99,6.99,0,2,350000.0,423,76.6
1696440,The Matchless Kungfu,HuanMos Game,bilibili,6076,1196,19.99,19.99,0,112,350000.0,7272,83.55
1093910,Tales of the Black Forest,拾英工作室,"拾英工作室,  Gamirror Games",13633,314,3.99,3.99,0,27,350000.0,13947,97.75
1677110,Lightyear Frontier,FRAME BREAK,"FRAME BREAK, Coffee Stain Publishing",2202,288,24.99,24.99,0,732,350000.0,2490,88.43
528740,Operation: New Earth,Hunted Cow Games,Hunted Cow Games,468,306,0.0,0.0,0,235,350000.0,774,60.47
260730,Desperados: Wanted Dead or Alive,Spellbound,THQ Nordic,1958,268,4.99,4.99,0,20,350000.0,2226,87.96
22340,Call of Cthulhu: Dark Corners of the Earth,Headfirst Productions,Bethesda Softworks,2147,1023,4.99,4.99,0,2,350000.0,3170,67.73
205190,Rocksmith,Ubisoft - San Francisco,Ubisoft,1248,117,0.0,0.0,0,1,350000.0,1365,91.43
9000,Spear of Destiny,id Software,id Software,476,81,0.0,0.0,0,1,350000.0,557,85.46
355150,gravilon,,,742,506,2.99,2.99,0,1,350000.0,1248,59.46
586030,Shardbound,Bazooka Tango,Bazooka Tango,962,371,0.0,0.0,0,3,350000.0,1333,72.17
1345890,Deliver Us Mars,KeokeN Interactive,Frontier Foundry,1931,637,29.99,29.99,0,11,350000.0,2568,75.19
2668510,Red Dead Redemption,"Rockstar Games, Double Eleven",Rockstar Games,9619,787,24.99,49.99,50,504,350000.0,10406,92.44
506730,Dinosaur Forest,Racing Bros,ANPA.US,429,335,0.99,0.99,0,1,350000.0,764,56.15
1911360,Trinity Fusion,Angry Mob Games,Angry Mob Games,644,87,19.99,19.99,0,3,350000.0,731,88.1
1146630,Yokai's Secret,Double W,Toffee Cafe,6178,698,0.79,1.99,60,3,350000.0,6876,89.85
317820,Guild of Dungeoneering Ultimate Edition,Gambrinous,Gambrinous,1979,591,19.99,19.99,0,8,350000.0,2570,77.0
9460,Frontlines: Fuel of War,Kaos Studios,THQ Nordic,680,321,19.99,19.99,0,2,350000.0,1001,67.93
296050,Battlepaths,Key17 interactive,Digerati,613,271,2.99,2.99,0,0,350000.0,884,69.34
858210,Nova Drift,Chimeric,Pixeljam,13393,592,6.11,17.99,66,204,350000.0,13985,95.77
1394270,SCP: Escape Together,SCP: Escape Together development team,SCP: Escape Together development team,2312,1251,0.0,0.0,0,8,350000.0,3563,64.89
3107330,Nodebuster,Goblobin,Goblobin,11345,259,2.99,2.99,0,50,350000.0,11604,97.77
976890,Hidden Deep,Cogwheel Software,Daedalic Entertainment,3419,989,24.99,24.99,0,28,350000.0,4408,77.56
1179080,FAITH: The Unholy Trinity,Airdorf Games,New Blood Interactive ,6933,329,14.99,14.99,0,45,350000.0,7262,95.47
761830,Mr. Prepper,Rejected Games,"PlayWay S.A., Rejected Games",3953,938,19.99,19.99,0,41,350000.0,4891,80.82
468250,Warfare Online,Con Artist Games,Con Artist Games,682,333,0.0,0.0,0,0,350000.0,1015,67.19
1409250,Harmless Demons,Percepied,Percepied,2,1,4.99,4.99,0,0,350000.0,3,66.67
329380,Stealth Inc 2: A Game of Clones,Carbon,Curve Games,777,253,1.49,14.99,90,1,350000.0,1030,75.44
606140,Survived By,Human Head Studios,Digital Extremes,762,478,0.0,0.0,0,0,350000.0,1240,61.45
936780,Warplanes: WW2 Dogfight,Home Net Games,Home Net Games,1441,229,0.0,0.0,0,18,350000.0,1670,86.29
1057700,Battle Grounds III,The Battle Grounds Game Development Team,The Battle Grounds Game Development Team,3404,543,0.0,0.0,0,3,350000.0,3947,86.24
1199030,Tainted Grail: Conquest,Questline,Awaken Realms,6875,726,19.99,19.99,0,199,350000.0,7601,90.45
33130,Zombie Shooter,Sigma Team Inc.,Sigma Team Inc.,1013,206,4.99,4.99,0,4,350000.0,1219,83.1
230050,DLC Quest,Going Loud Studios,Going Loud Studios,5515,729,2.99,2.99,0,1,350000.0,6244,88.32
409510,Genesis Online,Shumkov Dmitriy,Shumkov Dmitriy,610,1281,0.0,0.0,0,2,350000.0,1891,32.26
576770,Low Magic Age,Low Magic Studios,Low Magic Studios,2842,342,14.99,14.99,0,41,350000.0,3184,89.26
319180,Platypus II,Idigicon,Claymatic Games,350,235,4.99,4.99,0,0,350000.0,585,59.83
894940,Littlewood,Sean Young,SmashGames,6231,448,14.99,14.99,0,31,350000.0,6679,93.29
564310,Serious Sam Fusion 2017 (beta),Croteam,"Devolver Digital, Croteam",4674,351,1.99,19.99,90,54,350000.0,5025,93.01
259020,Dragon's Prophet,Runewaker,Infernum Productions AG,580,269,0.0,0.0,0,0,350000.0,849,68.32
370510,Marble Mayhem: Fragile Ball,"Bimboosoft Co.,Ltd.",Senpai Industrial Studios,740,359,1.99,1.99,0,1,350000.0,1099,67.33
1600530,3D Aim Trainer,3D Aim Trainer,"3D Aim Trainer, SteelSeries",2424,373,0.0,0.0,0,41,350000.0,2797,86.66
1273710,King of Crabs,"Robot Squid, Spilt Milk Studios Ltd",Robot Squid,7102,1876,0.0,0.0,0,24,350000.0,8978,79.1
1207590,Builders of Egypt: Prologue,Strategy Labs,PlayWay S.A.,2982,1121,0.0,0.0,0,0,350000.0,4103,72.68
529780,Disturbed,iBlackpen,iBlackpen,1679,131,0.0,0.0,0,0,350000.0,1810,92.76
231040,Beatbuddy: Tale of the Guardians,Threaks,Threaks,892,291,9.99,9.99,0,0,350000.0,1183,75.4
1373100,VR Museum,IM•PRO•VISION  Studio,IM•PRO•VISION  Studio,10,2,0.0,0.0,0,0,350000.0,12,83.33
260210,Assassin’s Creed Liberation HD,Ubisoft Sofia,Ubisoft,1596,1374,19.99,19.99,0,6,350000.0,2970,53.74
1344800,Twin-Turbo Supercharged Nitro-Fueled Papamobile,Microtaur,Microtaur,42,10,0.0,0.0,0,0,350000.0,52,80.77
395200,Ben and Ed,Sluggerfly,Sluggerfly,3335,718,9.99,9.99,0,13,350000.0,4053,82.28
1764390,BAD END THEATER,NomnomNami,NomnomNami,8123,209,9.99,9.99,0,6,350000.0,8332,97.49
228360,Full Throttle Remastered,"Double Fine Productions, Shiny Shoe",Double Fine Productions,2679,231,14.99,14.99,0,8,350000.0,2910,92.06
1137300,Sherlock Holmes Chapter One,Frogwares,Frogwares,2873,785,44.99,44.99,0,33,350000.0,3658,78.54
263680,Unearthed: Trail of Ibn Battuta - Episode 1 - Gold Edition,Semaphore,Semaphore,445,382,4.99,4.99,0,0,350000.0,827,53.81
235250,Super Sanctum TD,Coffee Stain Studios,Coffee Stain Publishing,1351,202,4.99,4.99,0,0,350000.0,1553,86.99
735280,EMERGENCY 20,Sixteen Tons Entertainment,Sixteen Tons Entertainment,1693,319,29.99,29.99,0,27,350000.0,2012,84.15
1353230,Bomb Rush Cyberfunk,Team Reptile,Team Reptile,13120,267,39.99,39.99,0,140,350000.0,13387,98.01
292930,Black Mirror I,"Future Games, Unknown Identity",THQ Nordic,1128,222,9.99,9.99,0,3,350000.0,1350,83.56
107800,Rochard,Recoil Games,,1589,141,0.0,0.0,0,0,350000.0,1730,91.85
1333910,Sizeable,Business Goose Studios,Business Goose Studios,2269,44,0.76,6.99,89,13,350000.0,2313,98.1
489140,Mr. Shifty,Team Shifty,tinyBuild,1485,200,14.99,14.99,0,2,350000.0,1685,88.13
430210,Megaton Rainfall,"Pentadimensional Games, SL","Pentadimensional Games, SL",1468,588,15.99,15.99,0,4,350000.0,2056,71.4
3540,Peggle Nights,"PopCap Games, Inc.","PopCap Games, Inc., Electronic Arts",2608,91,4.99,4.99,0,103,350000.0,2699,96.63
1378990,Crash Bandicoot 4: It’s About Time,"Toys for Bob, Beenox, Activision Shanghai, Hardsuit Labs, Iron Galaxy Studios",Activision,2786,425,11.99,39.99,70,127,350000.0,3211,86.76
1159660,Moe Era,Comfy Company,Comfy Company,4238,594,0.0,0.0,0,2,350000.0,4832,87.71
742420,Saints Row,Volition,Deep Silver,3883,2886,29.99,29.99,0,71,350000.0,6769,57.36
227600,Castle of Illusion,SEGA Studios Australia,SEGA,3556,365,14.99,14.99,0,14,350000.0,3921,90.69
2758000,Vanity Fair: The Pursuit,木焱工作室,"Wave Games, 木焱工作室, CC_Games",3463,436,6.99,6.99,0,5,350000.0,3899,88.82
22670,Alien Breed 3: Descent,Team17 Digital Ltd,Team17 Digital Ltd,431,147,9.99,9.99,0,1,350000.0,578,74.57
491650,Reset 1-1,Panda Indie Studio,New Reality Games,172,92,1.99,1.99,0,0,350000.0,264,65.15
207080,Indie Game: The Movie,BlinkWorks Media,BlinkWorks Media,1709,143,9.99,9.99,0,1,350000.0,1852,92.28
457420,Surgeon Simulator VR: Meet The Medic,Bossa Studios,"Bossa Studios, Infogrames",415,130,0.0,0.0,0,3,350000.0,545,76.15
115100,Costume Quest,Double Fine Productions,Double Fine Productions,3654,247,9.99,9.99,0,4,350000.0,3901,93.67
2185060,Two Point Museum,Two Point Studios,SEGA,5649,326,29.99,29.99,0,927,350000.0,5975,94.54
407120,Soccer Manager 2016,Soccer Manager Ltd,Soccer Manager Ltd,459,210,0.0,0.0,0,0,350000.0,669,68.61
373180,Kung Fury: Street Rage - Ultimate Edition,Hello There Games,Hello There Games,2231,253,19.99,19.99,0,3,350000.0,2484,89.81
1100260,Circle Empires Rivals,Luminous,Iceberg Interactive,1640,187,15.99,15.99,0,48,350000.0,1827,89.76
232450,SolForge,Stone Blade Entertainment,Stone Blade Entertainment,785,419,0.0,0.0,0,0,350000.0,1204,65.2
2124780,Endoparasitic,Miziziziz,Deep Root Interactive,2497,177,9.99,9.99,0,6,350000.0,2674,93.38
209830,Lone Survivor: The Director's Cut,Jasper Byrne,Superflat Games,1101,194,9.99,9.99,0,0,350000.0,1295,85.02
726840,City Game Studio: a tycoon about game dev,Binogure Studio,Binogure Studio,864,106,15.99,15.99,0,8,350000.0,970,89.07
16720,Velvet Assassin,Replay Studios,Missing Link Games,1543,947,5.99,5.99,0,2,350000.0,2490,61.97
558660,it's always monday,Alon Zubina,Alon Zubina,228,61,1.99,1.99,0,0,350000.0,289,78.89
716490,EXAPUNKS,Zachtronics,Zachtronics,1676,90,19.99,19.99,0,14,350000.0,1766,94.9
1914580,Spirit Hunters: Infinite Horde,Creature Cauldron,Creature Cauldron,1234,330,7.99,7.99,0,6,350000.0,1564,78.9
703950,Just Fishing,Just Fishing LLC,Just Fishing LLC,685,236,0.0,0.0,0,0,350000.0,921,74.38
223220,Giana Sisters: Twisted Dreams,Black Forest Games,"HandyGames, Black Forest Games, THQ Nordic Mobile",1471,424,14.99,14.99,0,3,350000.0,1895,77.63
7800,Stubbs the Zombie in Rebel Without a Pulse,Aspyr,Aspyr,1987,299,19.99,19.99,0,6,350000.0,2286,86.92
513570,Wooden House,GDNomaD,GDNomaD,185,124,0.99,0.99,0,0,350000.0,309,59.87
1330460,Becastled,Mana Potion Studios,"Mana Potion Studios, Pingle Studio Ltd",3990,823,19.99,19.99,0,22,350000.0,4813,82.9
1222800,VALKYRIE CONNECT,Ateam Entertainment Inc.,Ateam Entertainment Inc.,811,278,0.0,0.0,0,199,350000.0,1089,74.47
211780,Conflict Desert Storm,Pivotal Games,Square Enix,859,358,6.99,6.99,0,6,350000.0,1217,70.58
385380,Planet Centauri,Permadeath,Permadeath,1650,449,14.99,14.99,0,7,350000.0,2099,78.61
1163870,Mecha Knights: Nightmare,Damian Kubiak,Damian Kubiak,1351,127,15.99,15.99,0,4,350000.0,1478,91.41
242570,Space Hulk (Classic),Full Control Studios,SNEG,1442,593,19.99,19.99,0,1,350000.0,2035,70.86
445190,Expeditions: Viking,Logic Artists,THQ Nordic,3310,661,29.99,29.99,0,17,350000.0,3971,83.35
405710,Staxel,Plukit,Balor Games,3741,994,19.99,19.99,0,17,350000.0,4735,79.01
2411910,miniBONG,Game Star,Game Star,589,149,9.99,9.99,0,28,350000.0,738,79.81
420790,StarBreak,Crunchy Games,Crunchy Games,1009,270,0.0,0.0,0,48,350000.0,1279,78.89
1287840,Disciples: Liberation,Frima Studio,Kalypso Media,2630,944,11.99,39.99,70,29,350000.0,3574,73.59
921800,Encased: A Sci-Fi Post-Apocalyptic RPG,Dark Crystal Games,Prime Matter,3519,1023,29.99,29.99,0,28,350000.0,4542,77.48
591420,Zup! 4,Quiet River,Quiet River,2470,264,1.99,1.99,0,1,350000.0,2734,90.34
1931730,Fort Solis,"Fallen Leaf, Black Drakkar Games",Dear Villagers,2026,966,24.99,24.99,0,12,350000.0,2992,67.71
1162930,Split or Steal,Rootpew,Rootpew,940,272,0.0,0.0,0,0,350000.0,1212,77.56
351140,Rustbucket Rumble,Reactor Zero,"Scrap Yard Productions, LLC",209,163,0.0,0.0,0,2,350000.0,372,56.18
251890,World of Diving,Vertigo Games,Vertigo Games,377,387,0.0,0.0,0,0,350000.0,764,49.35
3061810,Like a Dragon: Pirate Yakuza in Hawaii,RGG Studio,SEGA,6033,613,59.99,59.99,0,213,350000.0,6646,90.78
2477340,Expeditions: A MudRunner Game,Saber Interactive,Focus Entertainment,2239,1874,13.99,39.99,65,68,350000.0,4113,54.44
2440380,Megaloot,axilirate,"Ravenage Games, Sidekick Publishing",2697,966,9.99,9.99,0,90,350000.0,3663,73.63
1497440,COCOON,Geometric Interactive,Annapurna Interactive,7155,390,24.99,24.99,0,15,350000.0,7545,94.83
527100,Star Trek: Bridge Crew,Ubisoft,Ubisoft,2404,779,24.99,24.99,0,2,350000.0,3183,75.53
63710,BIT.TRIP RUNNER,"Gaijin Games, Choice Provisions","Gaijin Games, Choice Provisions",3358,560,4.99,9.99,50,3,350000.0,3918,85.71
692660,Invictus: In the Shadow of Olympus,Quicksilver Software,Interplay,4,2,9.99,9.99,0,0,350000.0,6,66.67
586350,UBERMOSH:WRAITH,Walter Machado,Walter Machado,219,29,0.99,0.99,0,2,350000.0,248,88.31
574640,Unalive,RandomSpin, RandomSpin,276,75,0.79,4.99,84,9,350000.0,351,78.63
1100620,Football Manager 2020 Touch,Sports Interactive,SEGA,893,126,0.0,0.0,0,75,350000.0,1019,87.63
979640,Cepheus Protocol,Halcyon Winds,Halcyon Winds,2394,638,19.99,19.99,0,20,350000.0,3032,78.96
770240,PRO EVOLUTION SOCCER 2019,Konami Digital Entertainment,Konami Digital Entertainment,3253,2669,0.0,0.0,0,48,350000.0,5922,54.93
1373960,INDIKA,Odd Meter,11 bit studios,5602,610,24.99,24.99,0,7,350000.0,6212,90.18
396710,The Adventure Pals,Massive Monster,Armor Games Studios,1724,145,14.99,14.99,0,5,350000.0,1869,92.24
233610,Distance,Refract,Refract,6648,542,24.99,24.99,0,19,350000.0,7190,92.46
311140,The Stalin Subway,Orion Games,ESDigital Games,415,271,3.99,3.99,0,0,350000.0,686,60.5
612020,Zombidle : REMONSTERED,Berzerk Studio,Berzerk Studio,1484,257,0.0,0.0,0,75,350000.0,1741,85.24
1836730,Echo Point Nova,Greylock Studio,Greylock Studio,5667,143,24.99,24.99,0,71,350000.0,5810,97.54
274980,Influent Language Learning Game,Rob Howland,Three Flip Studios,1215,436,19.99,19.99,0,6,350000.0,1651,73.59
204860,Men of War: Condemned Heroes,Fulqrum Publishing,Fulqrum Publishing,476,199,7.99,7.99,0,6,350000.0,675,70.52
1055540,A Short Hike,adamgryu,adamgryu,18904,160,7.99,7.99,0,13,350000.0,19064,99.16
434250,Masked Shooters 2,Nightbinder,My Way Games,1128,472,1.49,29.99,95,0,350000.0,1600,70.5
298030,Total Annihilation,Cavedog Entertainment,Wargaming.net,3355,122,4.99,4.99,0,90,350000.0,3477,96.49
1701520,Afterimage,Aurogon Shanghai,Maximum Entertainment,6526,1878,24.99,24.99,0,93,350000.0,8404,77.65
378610,Valley,Blue Isle Studios,Blue Isle Publishing,6033,563,14.99,14.99,0,2,350000.0,6596,91.46
1412510,仙剑奇侠传九野,软星科技（上海）有限公司,"SOFTSTAR TECHNOLOGY (SHANGHAI) CO., LTD",1198,426,0.0,0.0,0,1,350000.0,1624,73.77
762650,Depraved,Evil Bite,Evil Bite,743,470,19.99,19.99,0,2,350000.0,1213,61.25
929490,RAM Pressure,"QuadCom Interactive, GDT",GDT,461,513,0.0,0.0,0,2,350000.0,974,47.33
219950,NiGHTS Into Dreams,SEGA,SEGA,1651,263,0.0,0.0,0,2,350000.0,1914,86.26
674520,Fight'N Rage,sebagamesdev,sebagamesdev,2712,262,19.99,19.99,0,4,350000.0,2974,91.19
2005010,"Warhammer 40,000: Boltgun",Auroch Digital,Focus Entertainment,13676,1354,7.25,21.99,67,282,350000.0,15030,90.99
1437840,Heroes of the Three Kingdoms 3,"USERJOY Technology Co.,Ltd.","USERJOY Technology Co.,Ltd., Phoenix Game",616,99,1.99,1.99,0,77,350000.0,715,86.15
591960,Animation Throwdown: The Quest for Cards,"Synapse Games, Chinzilla",Kongregate,2976,1005,0.0,0.0,0,71,350000.0,3981,74.76
1082430,Before Your Eyes,"GoodbyeWorld Games, Nice Dream",Skybound Games,17136,363,9.99,9.99,0,23,350000.0,17499,97.93
259130,Wasteland 1 - The Original Classic,inXile Entertainment,inXile Entertainment,359,96,5.99,5.99,0,1,350000.0,455,78.9
563560,Alien Swarm: Reactive Drop,Reactive Drop Team,Reactive Drop Team,21500,1149,0.0,0.0,0,179,350000.0,22649,94.93
232750,Mars: War Logs,Spiders,Focus Entertainment,2149,717,0.99,4.99,80,4,350000.0,2866,74.98
345890,NASCAR '15 Victory Edition,Eutechnyx,Dusenberry Martin Racing,1123,272,0.0,0.0,0,37,350000.0,1395,80.5
318230,Convoy,Convoy Games,Indietopia Games ,1131,307,14.99,14.99,0,1,350000.0,1438,78.65
561340,Merlin adventurer store,DyingCat,DyingCat,109,22,2.99,2.99,0,0,350000.0,131,83.21
943380,Timberman VS,Digital Melody,Forever Entertainment S. A.,3109,293,1.99,1.99,0,3,350000.0,3402,91.39
351910,Valhalla Hills,Funatics Software,Daedalic Entertainment,722,586,1.39,6.99,80,4,350000.0,1308,55.2
815260,Lords of Kingdoms,ThankGame.com,ThankGame.com,36,44,0.0,0.0,0,2,350000.0,80,45.0
601220,Zup! F,Quiet River,Quiet River,7476,211,1.99,1.99,0,2,350000.0,7687,97.26
1154790,XIII,PlayMagic,Microids,529,909,19.99,19.99,0,1,350000.0,1438,36.79
253920,Gorky 17,Metropolis Software,TopWare Interactive,1616,411,4.99,9.99,50,61,350000.0,2027,79.72
1096200,The Orville - Interactive Fan Experience,Messy Desk Interactive,Messy Desk Interactive,901,97,0.0,0.0,0,2,350000.0,998,90.28
1373810,Orlando Theme Park VR - Roller Coaster and Rides,Thetis Games and Simulators,Thetis Games and Simulators,9,37,0.0,0.0,0,0,350000.0,46,19.57
7620,Railroad Tycoon II Platinum,PopTop,2K,1162,133,4.99,4.99,0,86,350000.0,1295,89.73
2277320,Necrosmith 2,Alawar,Alawar,932,259,2.39,7.99,70,21,350000.0,1191,78.25
1025960,BURIED STARS,LINE Games Corporation,LINE Games Corporation,1557,270,39.99,39.99,0,10,350000.0,1827,85.22
962400,Granny,DVloper,DVloper,5106,375,7.99,7.99,0,86,350000.0,5481,93.16
1190150,Paint Warfare,bananadev.,bananadev.,1462,242,0.0,0.0,0,6,350000.0,1704,85.8
209190,Stealth Bastard Deluxe,Curve Studios,Curve Games,1042,134,9.99,9.99,0,2,350000.0,1176,88.61
1206240,Talvisota - Winter War,Talvisota Team,Tripwire Interactive,956,126,0.0,0.0,0,0,350000.0,1082,88.35
635730,Dragonia,Blue Studio,Paradise Project,4868,902,1.99,1.99,0,1,350000.0,5770,84.37
465240,Serious Sam VR: The Last Hope,Croteam VR,"Devolver Digital, Croteam",1180,215,4.49,29.99,85,28,350000.0,1395,84.59
1862520,Just Go,Studio Amateur,Studio Amateur,2761,197,9.99,9.99,0,60,350000.0,2958,93.34
384030,Florensia,Giiku Games,Giiku Games,523,234,0.0,0.0,0,27,350000.0,757,69.09
1134100,Frozenheim,Paranoid Interactive,"Untold Tales, Hyperstrange, Gamersky Games",2603,1111,5.99,19.99,70,14,350000.0,3714,70.09
503350,White Noise 2,Milkstone Studios,Milkstone Studios,2281,584,3.99,9.99,60,2,350000.0,2865,79.62
389170,Songs for a Hero - Definitive Edition,"Dumativa, Castro Brothers","Dumativa, CriticalLeap",3962,140,14.99,14.99,0,28,350000.0,4102,96.59
1153640,Chorus,Deep Silver Fishlabs,Deep Silver,3352,690,24.99,24.99,0,18,350000.0,4042,82.93
1410090,Hellscreen,"Jamie D, Mixtape Games UK",Mixtape Games UK,35,5,17.99,17.99,0,0,350000.0,40,87.5
63200,Monday Night Combat,Uber Entertainment,Uber Entertainment,934,250,4.99,4.99,0,0,350000.0,1184,78.89
2111190,MULLET MADJACK,HAMMER95,"Epopeia Games, HAMMER95",7361,171,19.99,19.99,0,33,350000.0,7532,97.73
1957240,Hacker Man,GamesBraz,HandMade Games,2,8,0.99,19.99,95,0,350000.0,10,20.0
427250,8-Bit Armies,Petroglyph,Petroglyph,1982,437,14.99,14.99,0,4,350000.0,2419,81.93
2529820,Wedding Witch,Chowbie,Chowbie,3683,418,4.99,4.99,0,27,350000.0,4101,89.81
803140,Battle Carnival,Zepetto,Zepetto USA,805,358,0.0,0.0,0,0,350000.0,1163,69.22
1334040,Paper Dolls 2 纸人贰,"Beijing Litchi Culture Media Co., Ltd.","Beijing Litchi Culture Media Co., Ltd.",2262,431,19.99,19.99,0,21,350000.0,2693,84.0
1239260,Barro F,SC Jogos,SC Jogos,1596,308,4.99,4.99,0,169,350000.0,1904,83.82
466940,The Sandbox Evolution - Craft a 2D Pixel Universe!,PIXOWL INC.,PIXOWL INC.,630,860,0.0,0.0,0,2,350000.0,1490,42.28
23450,Grand Ages: Rome,Haemimont Games,Kalypso Media Digital,592,196,9.99,9.99,0,8,350000.0,788,75.13
327740,TRON 2.0,"Monolith Productions, Inc.",Disney,641,68,9.99,9.99,0,1,350000.0,709,90.41
361800,Tree of Life,OddOneGames,OddOneGames,4364,2328,0.0,0.0,0,0,350000.0,6692,65.21
773370,Exo One,Exbleative,"Future Friends Games, Exbleative",4164,454,8.49,16.99,50,3,350000.0,4618,90.17
1920780,Stray Gods: The Roleplaying Musical,Summerfall Studios,Balor Games,3080,258,29.99,29.99,0,9,350000.0,3338,92.27
477770,Ride 2,Milestone S.r.l.,Milestone S.r.l.,2628,386,24.99,24.99,0,10,350000.0,3014,87.19
774811,YUMENIKKI -DREAM DIARY-,"KADOKAWA CORPORATION, Active Gaming Media Inc.",PLAYISM,969,423,19.99,19.99,0,1,350000.0,1392,69.61
400170,The Incredible Adventures of Van Helsing: Final Cut,NeocoreGames,NeocoreGames,2838,867,44.99,44.99,0,26,350000.0,3705,76.6
219340,The Banner Saga: Factions,Stoic,Versus Evil,623,218,0.0,0.0,0,0,350000.0,841,74.08
314710,Mighty No. 9,"Comcept, Inti Creates",Deep Silver,1680,1660,19.99,19.99,0,0,350000.0,3340,50.3
696370,BROKE PROTOCOL,Cylinder Studios,Cylinder Studios,2374,793,0.0,0.0,0,13,350000.0,3167,74.96
415860,Tactical Craft Online,Crematorium of Time,Crematorium of Time,562,599,0.0,0.0,0,0,350000.0,1161,48.41
523780,Emily is Away Too,Kyle Seeley,Kyle Seeley,5576,401,4.99,4.99,0,10,350000.0,5977,93.29
1623940,Bramble: The Mountain King,Dimfrost Studio,Max Ent Games Ltd,5606,297,5.99,29.99,80,27,350000.0,5903,94.97
1702010,Sengoku Dynasty,Superkami,Toplitz Productions,4599,1601,29.99,29.99,0,203,350000.0,6200,74.18
352460,Dead Realm,Section Studios,3BLACKDOT,2868,1707,0.0,0.0,0,0,350000.0,4575,62.69
838310,Bloodstained: Curse of the Moon,"INTI CREATES CO., LTD.","INTI CREATES CO., LTD.",4028,235,4.99,9.99,50,8,350000.0,4263,94.49
224460,Contrast,Compulsion Games,Compulsion Games,4984,508,9.99,9.99,0,1,350000.0,5492,90.75
1485870,Evil Inside - Prologue,JanduSoft,JanduSoft,693,317,0.0,0.0,0,0,350000.0,1010,68.61
579950,Marvel's Guardians of the Galaxy: The Telltale Series,Telltale Games,Telltale Games,1588,241,0.0,0.0,0,2,350000.0,1829,86.82
1482860,Idle Research,Considera Games LLC,Considera Core LLC,1443,259,0.0,0.0,0,81,350000.0,1702,84.78
712840,King Exit,深爪貴族,Paradise Project,6506,312,0.0,0.0,0,4,350000.0,6818,95.42
1902710,Weird RPG,yuzhen,yuzhen,3691,290,10.99,10.99,0,4,350000.0,3981,92.72
876330,Revelation Online,NetEase Games,MY.GAMES ,368,424,0.0,0.0,0,0,350000.0,792,46.46
347830,Fairy Fencer F,"Idea Factory, Compile Heart",Idea Factory International,2106,248,9.99,9.99,0,1,350000.0,2354,89.46
574720,Little Big Workshop,Mirage Game Studios,"HandyGames, THQ Nordic Mobile",2731,535,4.99,19.99,75,39,350000.0,3266,83.62
688470,Han Xiongnu Wars,Shangshi Studio,Shangshi Studio,2426,1627,6.99,6.99,0,75,350000.0,4053,59.86
1494420,Silica,Martin 'Dram' Melichárek,Bohemia Interactive,3409,1041,19.99,19.99,0,15,350000.0,4450,76.61
336520,Might & Magic Heroes Online,Blue Byte,Ubisoft,319,469,0.0,0.0,0,0,350000.0,788,40.48
3121110,Zort,Londer Software,Londer Software,7273,555,4.0,4.0,0,49,350000.0,7828,92.91
888090,TREE,The Strangers,The Strangers,2092,141,0.0,0.0,0,0,350000.0,2233,93.69
503580,Duck Season,Stress Level Zero,Stress Level Zero,1280,232,19.99,19.99,0,1,350000.0,1512,84.66
311770,LEGO Pirates of the Caribbean: The Video Game,Traveller's Tales,Disney,4565,438,19.99,19.99,0,51,350000.0,5003,91.25
1648390,ScooterFlow,UncannyKiwi Limited,UncannyKiwi Limited,3014,153,19.99,19.99,0,75,350000.0,3167,95.17
656460,Vostok Inc.,Nosebleed Interactive,Wired Productions,69,45,14.99,14.99,0,1,350000.0,114,60.53
1745510,Lunacid,KIRA LLC,"KIRA LLC, CRITICAL REFLEX",8037,790,13.99,13.99,0,35,350000.0,8827,91.05
235380,Blitzkrieg 3,Nival,Nival,3943,3317,9.99,9.99,0,12,350000.0,7260,54.31
354380,Assassin’s Creed Chronicles: China,Climax Studios,Ubisoft Entertainment,2687,950,9.99,9.99,0,7,350000.0,3637,73.88
382140,SKYHILL,Mandragora,Daedalic Entertainment,4047,1144,9.99,9.99,0,66,350000.0,5191,77.96
545270,NBA Playgrounds,Saber Interactive,"Mad Dog Games, LLC",966,397,0.0,0.0,0,3,350000.0,1363,70.87
407330,Sakura Dungeon,Winged Cloud,Winged Cloud,1722,167,19.99,19.99,0,5,350000.0,1889,91.16
1509060,Dungeon Team,"Wakefield Studios, Robert Lombardo, Otto Chin, Mattias Holmgren (Morningdew Media)",星辰重工StellaGames,129,18,0.0,0.0,0,38,350000.0,147,87.76
684580,Shoppe Keep 2,Strange Fire,Excalibur Publishing,1250,970,9.99,9.99,0,3,350000.0,2220,56.31
200010,Quantum Conundrum,Airtight Games,Square Enix,1749,323,8.99,8.99,0,2,350000.0,2072,84.41
1282410,Hard West 2,Ice Code Games,Good Shepherd Entertainment,2283,501,29.99,29.99,0,20,350000.0,2784,82.0
2074800,Richman 11,CMGE,SOFTSTAR ENTERTAINMENT,1179,1297,18.99,18.99,0,161,350000.0,2476,47.62
1141020,Adventure Escape Mysteries,Haiku Games Co,Haiku Games Co,809,126,0.0,0.0,0,110,350000.0,935,86.52
863570,Super Seducer 2 - Advanced Seduction Tactics,RLR Training Inc,,1432,297,12.99,12.99,0,5,350000.0,1729,82.82
1057850,Neon Boost,Sample Text Studio,Sample Text Studio,2239,242,0.0,0.0,0,0,350000.0,2481,90.25
65600,Gothic 3: Forsaken Gods Enhanced Edition,"Trine Studios, G3 Community Patch Team, Mad Vulture Games",THQ Nordic,616,623,9.99,9.99,0,5,350000.0,1239,49.72
289520,King's Bounty: Dark Side,Fulqrum Publishing,Fulqrum Publishing,1294,467,12.99,12.99,0,107,350000.0,1761,73.48
25980,Majesty 2,1C:InoCo,Paradox Interactive,816,369,9.99,9.99,0,14,350000.0,1185,68.86
1059990,Trombone Champ,Holy Wow Studios LLC,Holy Wow Studios LLC,9577,200,14.99,14.99,0,33,350000.0,9777,97.95
465760,Scrap Garden,"Egidijus Bachur, Alexey Davydov",Flazm,923,299,9.99,9.99,0,0,350000.0,1222,75.53
348510,Autobahn Police Simulator,Z-Software,Aerosoft GmbH,657,1530,9.99,9.99,0,3,350000.0,2187,30.04
342150,Games of Glory,Lightbulb Crew,Lightbulb Crew,315,243,0.0,0.0,0,0,350000.0,558,56.45
604450,Another Adventure,ThankCreate Studio,"ThankCreate Studio, WhisperGames",3963,370,1.99,1.99,0,0,350000.0,4333,91.46
1560560,村庄-The Village,橙光游戏,橙光游戏,5,8,8.99,8.99,0,0,350000.0,13,38.46
1333720,From Hell,Tomas Novak,Tomas Novak,4,9,12.99,12.99,0,0,350000.0,13,30.77
404540,Nex Machina,Housemarque,Housemarque,1848,275,19.99,19.99,0,4,350000.0,2123,87.05
73170,Darkest Hour: A Hearts of Iron Game,Martin Ivanov,Paradox Interactive,1802,209,9.99,9.99,0,72,350000.0,2011,89.61
1038250,DIRT 5,Codemasters,"Codemasters, Electronic Arts",3549,3077,59.99,59.99,0,24,350000.0,6626,53.56
311120,The Stalin Subway: Red Veil,Orion Games,ESDigital Games,269,305,2.99,2.99,0,0,350000.0,574,46.86
342620,It came from space and ate our brains,Triangle Studios,Triangle Studios,411,104,9.99,9.99,0,1,350000.0,515,79.81
768520,Red Solstice 2: Survivors,Ironward,505 Games,2246,980,10.49,14.99,30,22,350000.0,3226,69.62
496750,The Housewife,Colossal Wreck,Back To Basics Gaming,158,164,1.99,1.99,0,0,350000.0,322,49.07
245050,SpellForce 2 - Demons of the Past,"THQ Nordic, Mind Over Matter Studios",THQ Nordic,168,171,19.99,19.99,0,5,350000.0,339,49.56
2751920,Redacted:Genome,BevMaxGames,BevMaxGames,2,0,4.99,4.99,0,0,350000.0,2,100.0
1230570,Shotgun n  Zombies,Brandtner,Brandtner,5,4,1.99,1.99,0,0,350000.0,9,55.56
1696810,Railroads Online,Stefan Kelnberger,astragon Entertainment,4296,1269,14.99,29.99,50,83,350000.0,5565,77.2
1270580,Mind Over Magic,Sparkypants,Klei Publishing,3068,409,24.99,24.99,0,221,350000.0,3477,88.24
3157850,洪荒西行录,洪荒西行录项目组,洪荒西行录项目组,21,6,0.0,0.0,0,0,350000.0,27,77.78
992490,iVRy Driver for SteamVR,Mediator Software,Mediator Software,261,129,0.0,0.0,0,0,350000.0,390,66.92
321150,Melissa K. and the Heart of Gold Collector's Edition,SDP Games,KISS ltd,533,216,9.99,9.99,0,0,350000.0,749,71.16
601050,Attack on Titan 2 - A.O.T.2,"KOEI TECMO GAMES CO., LTD.","KOEI TECMO GAMES CO., LTD.",6671,498,39.99,39.99,0,117,350000.0,7169,93.05
1561800,ROUGH KUTS: Night of the Living Dead,ROUGH KUTS,ROUGH KUTS,18,6,0.99,0.99,0,0,350000.0,24,75.0
294750,Anomaly Defenders,11 bit studios,11 bit studios,493,145,1.99,9.99,80,1,350000.0,638,77.27
1981610,Wanted: Dead,Soleil Ltd.,Viv's Final Day Off Ltd,1093,546,29.99,29.99,0,5,350000.0,1639,66.69
296710,Monstrum,Team Junkfish,Junkfish Limited,3161,318,3.59,17.99,80,12,350000.0,3479,90.86
330580,Shark Attack Deathmatch 2,Lighthouse Games Studio,Lighthouse Games Studio,1434,457,4.99,4.99,0,0,350000.0,1891,75.83
501320,The Shrouded Isle,"Jongwoo Kim, Erica Lahaie, FX Bilodeau, Tanya Short",Kitfox Games,1030,430,12.99,12.99,0,4,350000.0,1460,70.55
3062930,Unplagued,Euphoric Brothers,Euphoric Brothers,1564,3233,7.99,7.99,0,23,350000.0,4797,32.6
466270,Half-Life: A Place in the West,"Michael Pelletier, Ross Joseph Gardner","Michael Pelletier, Ross Joseph Gardner",639,91,0.0,0.0,0,0,350000.0,730,87.53
1859870,执剑九霄,K.Kaiser's Game Studio,K.Kaiser's Game Studio,1,2,0.0,0.0,0,0,350000.0,3,33.33
890550,RUMBLE,Buckethead Entertainment,Buckethead Entertainment,2852,433,24.99,24.99,0,45,350000.0,3285,86.82
1367300,Blade Assault,TeamSuneat,NEOWIZ,1680,558,3.59,17.99,80,4,350000.0,2238,75.07
32330,LEGO Indiana Jones: The Original Adventures,Traveller's Tales,"LucasArts, Lucasfilm, Disney",3417,452,19.99,19.99,0,22,350000.0,3869,88.32
581270,Old Man's Journey,Broken Rules,Broken Rules,3453,517,9.99,9.99,0,1,350000.0,3970,86.98
99700,NightSky,"Nicalis, Inc.","Nicalis, Inc.",892,115,9.99,9.99,0,0,350000.0,1007,88.58
485450,Ninja Stealth,SC Jogos,SC Jogos,1147,522,4.99,4.99,0,3,350000.0,1669,68.72
776490,永远消失的幻想乡 ～ The Disappearing of Gensokyo,MyACG Studio,MyACG Studio,2968,559,10.99,10.99,0,3,350000.0,3527,84.15
1123050,GRIME,Clover Bite,Akupara Games,4936,852,7.49,24.99,70,35,350000.0,5788,85.28
1735700,Back to the Dawn,Metal Head Games,Spiral Up Games,4579,356,23.99,23.99,0,209,350000.0,4935,92.79
545700,The Land of Dasthir,RPG Video,Back To Basics Gaming,56,71,1.99,1.99,0,0,350000.0,127,44.09
283390,Incoming + Incoming Forces,Rage Software,Funbox Media Ltd,188,156,2.99,2.99,0,0,350000.0,344,54.65
235360,Prime World: Defenders,Nival,Nival,787,255,9.99,9.99,0,2,350000.0,1042,75.53
220160,Trials Evolution: Gold Edition,"Redlynx Ltd, Ubisoft  Shanghaï",Ubisoft,1745,557,19.99,19.99,0,7,350000.0,2302,75.8
415880,Disc Jam,High Horse Entertainment,High Horse Entertainment,1205,363,14.99,14.99,0,0,350000.0,1568,76.85
378720,Thea: The Awakening,MuHa Games,MuHa Games,3296,526,19.99,19.99,0,32,350000.0,3822,86.24
284240,Maize,Finish Line Games,Finish Line Games,1657,386,9.99,9.99,0,0,350000.0,2043,81.11
2273980,Orcs Must Die! Deathtrap,Robot Entertainment,Robot Entertainment,2388,950,29.99,29.99,0,201,350000.0,3338,71.54
1193340,Zelter,G1 Playground,SuperGG.com,947,992,19.99,19.99,0,4,350000.0,1939,48.84
13540,Tom Clancy's Rainbow Six Vegas,Ubisoft Montreal,Ubisoft,1187,304,9.99,9.99,0,5,350000.0,1491,79.61
434610,Forbidden Planet,Faton,Faton,187,168,0.74,4.99,85,0,350000.0,355,52.68
1202900,Assemble with Care,ustwo games,ustwo games,7890,800,7.99,7.99,0,12,350000.0,8690,90.79
1887760,Epicenter VR,FiveVolt Games,FiveVolt Games,32,13,0.0,0.0,0,0,350000.0,45,71.11
1281080,Train Station Renovation - First Job,Live Motion Games,"Live Motion Games, PlayWay S.A.",740,118,0.0,0.0,0,0,350000.0,858,86.25
287630,The Council,Big Bad Wolf,Focus Entertainment,4469,869,0.0,0.0,0,10,350000.0,5338,83.72
209870,Blacklight: Retribution,"Hardsuit Labs, Inc.","Hardsuit Labs, Inc.",12497,3914,0.0,0.0,0,2,350000.0,16411,76.15
361550,Cradle,Flying Cafe for Semianimals,Flying Cafe for Semianimals,1382,573,12.99,12.99,0,0,350000.0,1955,70.69
1569580,Blue Prince,Dogubomb,Raw Fury,7306,1096,29.99,29.99,0,4395,350000.0,8402,86.96
219680,Proteus,Ed Key and David Kanaga,Twisted Tree,2078,663,9.99,9.99,0,2,350000.0,2741,75.81
315460,Dig or Die,Gaddy Games,Gaddy Games,3798,396,11.99,11.99,0,9,350000.0,4194,90.56
1218500,Galactic Mining Corp,Windybeard,Windybeard,772,139,12.99,12.99,0,3,350000.0,911,84.74
612570,Fort Triumph,CookieByte Entertainment,CookieByte Entertainment,773,206,19.99,19.99,0,3,350000.0,979,78.96
391040,F1 2016,"Codemasters, Feral Interactive (Mac)","Codemasters, Feral Interactive (Mac), Electronic Arts",3864,640,0.0,0.0,0,13,350000.0,4504,85.79
1928870,Minecraft Legends,"Mojang Studios, Blackbird Interactive",Xbox Game Studios,1590,1134,39.99,39.99,0,11,350000.0,2724,58.37
374900,Agatha Christie - The ABC Murders,Artefacts Studio,Microids,2310,521,1.49,14.99,90,5,350000.0,2831,81.6
368730,No Time To Explain Remastered,tinyBuild,tinyBuild,1972,528,14.99,14.99,0,1,350000.0,2500,78.88
1835350,道不可道,乐子人,乐子人,10,9,1.99,1.99,0,0,350000.0,19,52.63
367120,Seduce Me the Otome,Michaela Laws,Michaela Laws,1890,289,0.0,0.0,0,5,350000.0,2179,86.74
324160,CLANNAD,VisualArts/Key,Sekai Project,9560,149,44.99,44.99,0,57,350000.0,9709,98.47
606230,Thea 2: The Shattering,"MuHa Games, Eerie Forest Studio",MuHa Games,1707,484,24.99,24.99,0,59,350000.0,2191,77.91
1057430,Geometry May. I swear it's a nice free game,PixelGreeds,PixelGreeds,497,123,0.0,0.0,0,0,350000.0,620,80.16
3361470,Digseum,Rat Monthly,Rat Monthly,5439,103,2.99,2.99,0,17,350000.0,5542,98.14
22230,Rock of Ages,ACE Team,SEGA,3472,312,9.99,9.99,0,2,350000.0,3784,91.75
774461,The Jackbox Party Pack 5,"Jackbox Games, Inc.","Jackbox Games, Inc.",2626,175,29.99,29.99,0,13,350000.0,2801,93.75
399790,Destiny Warriors RPG,ninjalex,Senpai Industrial Studios,589,555,1.99,1.99,0,1,350000.0,1144,51.49
507490,Ashes of the Singularity: Escalation,"Stardock Entertainment, Oxide Games",Stardock Entertainment,3548,1224,29.99,29.99,0,22,350000.0,4772,74.35
1622910,Still Wakes the Deep,The Chinese Room,Secret Mode,6001,722,34.99,34.99,0,31,350000.0,6723,89.26
600130,Valfaris,Steel Mantis,Silver Lining Interactive,2093,441,2.49,24.99,90,4,350000.0,2534,82.6
2321210,Neon Echo,Xinyuan Studio,Xinyuan Studio,2290,1809,14.99,14.99,0,2,350000.0,4099,55.87
286790,Falcon A.T.,Spectrum Holobyte,MicroProse Software,7,8,6.99,6.99,0,0,350000.0,15,46.67
2832640,DEAD GET REKT,"RosGosDev, Horny Sea Lions, Rusalka Unreal Labs","Dead Smuta, JeffreyBez Trillion Dollar Records, Rusalka Unreal Labs",2,4,6.99,6.99,0,0,350000.0,6,33.33
308000,Gold Rush! Classic,"The Software Farm, Sunlight Games, Sierra Entertainment",Sunlight Games,293,114,2.99,2.99,0,0,350000.0,407,71.99
2143770,Drift racing car,Musa CANDIR,Musa CANDIR,144,7,1.99,1.99,0,0,350000.0,151,95.36
1000410,WRATH: Aeon of Ruin,"KillPixel Games, Slipgate Ironworks","3D Realms, Fulqrum Publishing",1958,688,24.99,24.99,0,9,350000.0,2646,74.0
466730,King's Guard TD,Nightbinder,My Way Games,210,149,0.54,4.99,89,0,350000.0,359,58.5
289090,Ampu-Tea,ProjectorGames,KISS ltd,1259,773,4.99,4.99,0,0,350000.0,2032,61.96
3036080,Shawarma Legend,Eyad Alshafei,Patates Games,0,0,2.99,2.99,0,109,350000.0,0,
1337760,Potion Permit,MassHive Media,PQube,3759,944,5.99,19.99,70,129,350000.0,4703,79.93
993870,CODE2040,"WANIN Games, Team Weaver",WANIN Games,357,495,0.0,0.0,0,0,350000.0,852,41.9
451020,Battle Chasers: Nightwar,Airship Syndicate,THQ Nordic,6252,903,29.99,29.99,0,12,350000.0,7155,87.38
828070,Treasure Hunter Claire,Acerola,Kagura Games,2080,258,4.39,19.99,78,7,350000.0,2338,88.96
801480,Agent A: A puzzle in disguise,Yak & Co,Yak & Co,5230,258,19.99,19.99,0,17,350000.0,5488,95.3
319570,Heroes of SoulCraft - Arcade MOBA,MobileBits,MobileBits,198,285,0.0,0.0,0,3,350000.0,483,40.99
2651330,Intravenous 2: Mercenarism,Explosive Squat Games,HypeTrain Digital,2507,152,0.0,0.0,0,5,350000.0,2659,94.28
253110,The Cat Lady,Harvester Games,Screen 7,5346,357,8.99,8.99,0,3,350000.0,5703,93.74
408930,ePic Character Generator,Overhead Games,Overhead Games,819,176,0.0,0.0,0,0,350000.0,995,82.31
1067540,Röki,Polygon Treehouse,"United Label, CI Games",2595,295,19.99,19.99,0,6,350000.0,2890,89.79
529110,Awkward Dimensions Redux,StevenHarmonGames,StevenHarmonGames,2369,572,0.0,0.0,0,0,350000.0,2941,80.55
368620,Timespinner,Lunar Ray Games,Chucklefish,2494,412,19.99,19.99,0,2,350000.0,2906,85.82
843390,Vertigo 2,Zach Tsiakalis-Brown,Zulubo Productions,2331,109,29.99,29.99,0,8,350000.0,2440,95.53
367670,Controller Companion,Koga Tech Limited,Koga Tech Limited,2342,249,2.99,2.99,0,119,350000.0,2591,90.39
1301390,No Umbrellas Allowed,Hoochoo Game Studios,Hoochoo Game Studios,1074,257,19.99,19.99,0,18,350000.0,1331,80.69
502090,Invisible Mind,VGstudio,VGstudio,351,100,4.99,4.99,0,0,350000.0,451,77.83
245490,Trials Fusion,"RedLynx, in collaboration with  Ubisoft Shanghai, Ubisoft Kiev",Ubisoft,1580,764,19.99,19.99,0,14,350000.0,2344,67.41
43000,Front Mission Evolved,Double Helix Games,Square Enix,731,441,9.99,9.99,0,1,350000.0,1172,62.37
207350,Ys Origin,Nihon Falcom,XSEED Games,3154,231,4.99,19.99,75,8,350000.0,3385,93.18
391420,Gun Rocket,"Space Wedgie, LLC","Space Wedgie, LLC",517,200,1.99,1.99,0,1,350000.0,717,72.11
431600,Automobilista,Reiza Studios,Reiza Studios,2190,242,19.99,19.99,0,41,350000.0,2432,90.05
786520,SAO Utils: Beta,Joshua Chen,Studio GPBeta,2634,368,3.99,3.99,0,1608,350000.0,3002,87.74
317250,Airscape - The Fall of Gravity,Cross-Product,Senpai Studios,2186,479,4.99,4.99,0,1,350000.0,2665,82.03
1641960,Forever Skies,Far From Home,Far From Home,5595,1323,13.49,29.99,55,215,350000.0,6918,80.88
1377360,Vampires' Melody,AsicxArt,AsicxArt,5245,132,3.99,3.99,0,7,350000.0,5377,97.55
3156770,Witchfire,The Astronauts,The Astronauts,7976,599,39.99,39.99,0,127,350000.0,8575,93.01
256370,MXGP - The Official Motocross Videogame,Milestone S.r.l.,Milestone S.r.l.,1272,309,9.99,9.99,0,4,350000.0,1581,80.46
1135810,Vault of the Void,Spider Nest Games,Spider Nest Games,2538,196,17.99,17.99,0,28,350000.0,2734,92.83
97330,Magic: The Gathering - Duels of the Planeswalkers 2013,Stainless Games,Wizards of the Coast LLC,1164,165,0.0,0.0,0,13,350000.0,1329,87.58
1122050,Gensokyo Night Festival,"WSS playground, tea_basira",WSS playground,3473,1093,12.99,12.99,0,0,350000.0,4566,76.06
466630,The Pedestrian,Skookum Arts,Skookum Arts,5116,171,19.99,19.99,0,36,350000.0,5287,96.77
343740,InMind VR,Luden.io,Luden.io,339,93,0.0,0.0,0,1,350000.0,432,78.47
389140,Horizon Chase Turbo,AQUIRIS,AQUIRIS,5218,390,19.99,19.99,0,15,350000.0,5608,93.05
345330,Eden Rising,"The Wall Productions Inc., Meridian4",The Wall Productions Inc.,934,515,0.0,0.0,0,1,350000.0,1449,64.46
345220,Agent Awesome,Chaos Industries,Conglomerate 5,576,349,5.99,5.99,0,6,350000.0,925,62.27
834740,Circle Empires,Luminous,Iceberg Interactive,3504,418,8.99,8.99,0,32,350000.0,3922,89.34
1602010,Persona 4 Arena Ultimax,"Arc System Works, ATLUS",SEGA,3461,526,29.99,29.99,0,59,350000.0,3987,86.81
1570070,Beholder 3,Paintbucket Games,Alawar,1548,790,2.69,17.99,85,18,350000.0,2338,66.21
3035570,Assassin's Creed Mirage,Ubisoft Bordeaux,Ubisoft,5477,1820,49.99,49.99,0,162,350000.0,7297,75.06
250380,Knock-knock,Ice-Pick Lodge,Ice-Pick Lodge,1668,250,9.99,9.99,0,2,350000.0,1918,86.97
6120,Shank,Klei Entertainment,Klei Entertainment,3379,378,9.99,9.99,0,2,350000.0,3757,89.94
349440,The Undying Plague,Pixel Theory Games,SA Industry,75,95,4.99,4.99,0,0,350000.0,170,44.12
1437830,Heroes of the Three Kingdoms 2,"USERJOY Technology Co.,Ltd.","USERJOY Technology Co.,Ltd., Phoenix Game",1613,108,0.99,0.99,0,203,350000.0,1721,93.72
626610,TT Isle of Man: Ride on the Edge,KT Racing,Nacon,989,399,19.99,19.99,0,7,350000.0,1388,71.25
2933130,The Lord of the Rings: Return to Moria,Free Range Games,North Beach Games,6840,1404,29.99,29.99,0,370,350000.0,8244,82.97
1449280,Ghostbusters: The Video Game Remastered,Saber Interactive,"Mad Dog Games, LLC",1871,197,24.99,24.99,0,15,350000.0,2068,90.47
1183800,Shardpunk,Clockwork Pile,Retrovibe,652,39,13.99,13.99,0,12,350000.0,691,94.36
2361680,Path of Kung Fu,游鲤化龙工作室,IndieArk,3436,1196,10.49,14.99,30,276,350000.0,4632,74.18
896590,MilMo,Dohi Sweden AB,Dohi Sweden AB,516,141,0.0,0.0,0,1,350000.0,657,78.54
238210,System Shock 2 (1999),"Nightdive Studios, Irrational Games, Looking Glass Studios",Nightdive Studios,7194,417,9.99,9.99,0,18,350000.0,7611,94.52
529840,Brawl of Ages,"BNA Studios, LLC","S2 Games, LLC",523,247,0.0,0.0,0,1,350000.0,770,67.92
735850,Trailer Park Boys: Greasy Money,East Side Games,East Side Games,1174,309,0.0,0.0,0,13,350000.0,1483,79.16
1009290,SWORD ART ONLINE Alicization Lycoris,"AQURIA Co., Ltd.",BANDAI NAMCO Entertainment,4099,2638,19.99,19.99,0,14,350000.0,6737,60.84
1029500,中华三国志 the Three Kingdoms of China,中三之家,中三之家,1155,189,0.0,0.0,0,7,350000.0,1344,85.94
281920,Splatter - Zombiecalypse Now,Dreamworlds,Untold Tales,2131,241,1.39,6.99,80,3,350000.0,2372,89.84
1764910,Spooky Horror Game,Joshua Krauchi,Joshua Krauchi,3,1,2.99,2.99,0,0,350000.0,4,75.0
55140,MX vs. ATV Reflex,"Rainbow Studios, THQ Nordic",THQ Nordic,3342,460,19.99,19.99,0,36,350000.0,3802,87.9
33530,Tropico Reloaded,"PopTop Software, BreakAway Games, Frog City Software",Kalypso Media Digital,445,61,1.74,6.99,75,6,350000.0,506,87.94
364210,Sierra Ops - Space Strategy Visual Novel,Innomen Team,Sekai Project,215,45,14.99,14.99,0,3,350000.0,260,82.69
226620,Desktop Dungeons,QCF Design,QCF Design,1912,364,14.99,14.99,0,12,350000.0,2276,84.01
2113850,Spirit City: Lofi Sessions,Mooncube Games,Mooncube Games,11792,291,11.99,11.99,0,1742,350000.0,12083,97.59
1210250,Island Saver,Stormcloud Games Limited,National Westminster Bank plc,3414,164,0.0,0.0,0,15,350000.0,3578,95.42
1018830,Element TD 2 - Tower Defense,Element Studios,Element Studios,2699,314,14.99,14.99,0,44,350000.0,3013,89.58
57740,Jagged Alliance - Back in Action,"Coreplay GmbH, Bigmoon Studios",THQ Nordic,1241,470,19.99,19.99,0,23,350000.0,1711,72.53
434730,Half Dead,Room710Games,Room710Games,2582,718,1.99,1.99,0,4,350000.0,3300,78.24
417430,Moto Racer  4,Artefacts Studio,Microids,692,425,1.49,14.99,90,0,350000.0,1117,61.95
361630,404Sight,Retro Yeti Games,Retro Yeti Games,1480,258,0.0,0.0,0,1,350000.0,1738,85.16
1743470,Dirty Wars: September 11,"Uglycat Studios, Sudaka Games",Uglycat Studios,7,8,4.99,4.99,0,0,350000.0,15,46.67
1150640,Yu-Gi-Oh! Legacy of the Duelist : Link Evolution,Other Ocean Emeryville,KONAMI,3584,777,39.99,39.99,0,252,350000.0,4361,82.18
2221920,Immortals Fenyx Rising,Ubisoft,Ubisoft,2791,1086,39.99,39.99,0,75,350000.0,3877,71.99
1421230,Syberia: The World Before - Prologue,Microids Studio Paris,Microids,1048,351,0.0,0.0,0,0,350000.0,1399,74.91
496440,The Challenge,Atum Software,Sometimes You,24,43,0.76,10.99,93,0,350000.0,67,35.82
296910,8BitBoy,AwesomeBlade,AwesomeBlade,1419,520,6.99,6.99,0,1,350000.0,1939,73.18
1257360,Bloodstained: Curse of the Moon 2,"INTI CREATES CO., LTD.","INTI CREATES CO., LTD.",1269,217,5.24,14.99,65,6,350000.0,1486,85.4
3620,Zuma's Revenge!,"PopCap Games, Inc.","PopCap Games, Inc., Electronic Arts",2688,140,4.99,4.99,0,205,350000.0,2828,95.05
12770,Rise of the Argonauts,Liquid Entertainment,"Codemasters, Electronic Arts",573,220,0.0,0.0,0,1,350000.0,793,72.26
330350,Robotex,YFYX GAMES,My Way Games,282,597,0.54,4.99,89,3,350000.0,879,32.08
537430,Inner Chains,Telepaths Tree,IMGN.PRO,269,291,4.59,19.99,77,0,350000.0,560,48.04
682290,Zeus' Battlegrounds,Industry Games,Industry Games,512,384,0.0,0.0,0,0,350000.0,896,57.14
2375550,Like a Dragon Gaiden: The Man Who Erased His Name,RGG Studio,SEGA,9974,357,49.99,49.99,0,77,350000.0,10331,96.54
221810,The Cave,Double Fine Productions,"Double Fine Productions, Xbox Game Studios",2456,353,14.99,14.99,0,5,350000.0,2809,87.43
651150,Quantum League,Nimble Giant Entertainment,Nimble Giant Entertainment,1727,556,0.0,0.0,0,0,350000.0,2283,75.65
1289810,Siralim Ultimate,Thylacine Studios,Thylacine Studios LLC,1908,113,19.99,19.99,0,134,350000.0,2021,94.41
1215390,Animal Revolt Battle Simulator,VDimension,VDimension,5808,257,14.99,14.99,0,165,350000.0,6065,95.76
705120,Death Coming/死神来了,NEXT Studios,NEXT Studios,2920,324,6.99,6.99,0,9,350000.0,3244,90.01
857350,CopperCube 6 Game Engine,Ambiera e.U.,Ambiera e.U.,268,63,0.0,0.0,0,3,350000.0,331,80.97
1760250,Madden NFL 23,Tiburon,Electronic Arts,3221,3012,0.0,0.0,0,49,350000.0,6233,51.68
4720,Condemned: Criminal Origins,Monolith,SEGA,3428,511,3.73,14.95,75,6,350000.0,3939,87.03
2379390,Tom Clancy’s Rainbow Six Extraction,Ubisoft Montreal,Ubisoft,1871,980,39.99,39.99,0,26,350000.0,2851,65.63
301120,Eastside Hockey Manager,Sports Interactive,SEGA,1142,191,19.99,19.99,0,108,350000.0,1333,85.67
764570,Beavers Be Dammed,Wallflower Games,Wallflower Games,943,150,0.0,0.0,0,9,350000.0,1093,86.28
1492930,IMUGI,Rising Dragon Studio,Rising Dragon Studio,8,3,0.0,0.0,0,0,350000.0,11,72.73
267490,Batman: Arkham Origins Blackgate - Deluxe Edition,"Armature Studio, LLC",WB Games,1178,1606,19.99,19.99,0,8,350000.0,2784,42.31
431250,Mushroom Wars,"Zillion Whales, Creat Studios",Azur Games,425,131,9.99,9.99,0,3,350000.0,556,76.44
418180,Tempest: Pirate Action RPG,HeroCraft,HeroCraft PC,1756,761,14.99,14.99,0,6,350000.0,2517,69.77
1139940,ATOM RPG Trudograd,AtomTeam,AtomTeam,3540,760,10.99,10.99,0,34,350000.0,4300,82.33
290770,The Fall,Over The Moon,Over The Moon,3228,445,9.99,9.99,0,1,350000.0,3673,87.88
715400,Frozen Flame,Dreamside Interactive,"Ravenage Games, 2P Games",1889,996,19.99,19.99,0,0,350000.0,2885,65.48
1183840,Dungeon of Rikka,Poorly Drawn Squid,Poorly Drawn Squid,24,4,1.24,4.99,75,0,350000.0,28,85.71
760650,Hammerting,Warpzone Studios,Team17 Digital,1447,1071,24.99,24.99,0,13,350000.0,2518,57.47
1606340,Conquest of Elysium 5,Illwinter Game Design,Illwinter Game Design,955,110,29.99,29.99,0,169,350000.0,1065,89.67
22450,Hunted: The Demon’s Forge,inXile Entertainment,Bethesda Softworks,975,322,4.99,4.99,0,3,350000.0,1297,75.17
956030,Creaks,Amanita Design,Amanita Design,4607,248,19.99,19.99,0,38,350000.0,4855,94.89
1194810,Meet Your Maker,Behaviour Interactive Inc.,Behaviour Interactive Inc.,2432,952,19.99,19.99,0,8,350000.0,3384,71.87
579180,Ys VIII: Lacrimosa of DANA,Nihon Falcom,"NIS America, Inc.",5618,641,39.99,39.99,0,37,350000.0,6259,89.76
204120,LEGO Harry Potter: Years 5-7,Traveller's Tales,Warner Bros. Interactive Entertainment,2800,336,19.99,19.99,0,23,350000.0,3136,89.29
598960,Mashinky,Jan Zelený,Jan Zelený,2332,446,24.99,24.99,0,27,350000.0,2778,83.95
998930,Seek Girl,DSGame,DSGame,3970,1139,0.0,0.0,0,1,350000.0,5109,77.71
253860,Earth 2140,Reality Pump Studios,"Topware Interactive ACE, ACE",353,209,3.49,6.99,50,28,350000.0,562,62.81
985830,SUCCUBUS,Madmind Studio,"Madmind Studio, PlayWay S.A.",3725,1104,24.99,24.99,0,6,350000.0,4829,77.14
1568330,Samurai Chess,Minimol Games,Minimol Games,25,10,1.99,1.99,0,0,350000.0,35,71.43
312150,Wild Warfare,Hyper Hippo Games,Hyper Hippo Games,691,303,0.0,0.0,0,0,350000.0,994,69.52
1263370,Seek Girl:Fog Ⅰ,DSGame,DSGame,3961,725,3.99,3.99,0,3,350000.0,4686,84.53
1525770,The Dark Side of the Moon: An Interactive FMV Thriller,Tayanna Studios,Tayanna Studios,105,54,8.99,8.99,0,0,350000.0,159,66.04
1585220,Melatonin,Half Asleep,Half Asleep,6752,354,14.99,14.99,0,29,350000.0,7106,95.02
281750,Munin,Gojira,Daedalic Entertainment,772,167,4.99,4.99,0,0,350000.0,939,82.22
763410,Long Live Santa!,Doborog Games,Doborog Games,2721,378,0.0,0.0,0,0,350000.0,3099,87.8
108500,Vessel,Strange Loop Games,IndiePub,699,97,4.99,4.99,0,1,350000.0,796,87.81
1408610,Call of the Wild: The Angler,Expansive Worlds,Avalanche Studios,4369,2633,8.99,29.99,70,110,350000.0,7002,62.4
6100,Eets,Klei Entertainment,Klei Entertainment,112,130,9.99,9.99,100,1,350000.0,242,46.28
981430,Gordian Quest,"Mixed Realms Pte Ltd, Swag Soft Holdings Pte Ltd","Mixed Realms Pte Ltd, Spiral Up Games",5157,627,5.99,19.99,70,48,350000.0,5784,89.16
232790,Broken Age,Double Fine Productions,"Double Fine Productions, Xbox Game Studios",6679,1309,14.99,14.99,0,8,350000.0,7988,83.61
596970,Sunless Skies: Sovereign Edition,Failbetter Games,Failbetter Games,2806,514,24.99,24.99,0,30,350000.0,3320,84.52
63910,King's Bounty: Crossworlds,Katauri Interactive,Fulqrum Publishing,1320,121,14.99,14.99,0,66,350000.0,1441,91.6
248170,Clickteam Fusion 2.5,Clickteam,Clickteam,1661,203,99.99,99.99,0,134,350000.0,1864,89.11
1378360,White Hell,"Robert Raulus, Mikko Tamper, Antti Allén",KeleSoft avoin yhtiö,183,6,14.99,14.99,0,0,350000.0,189,96.83
2334220,Home Sweet Home : Online,YGGDRAZIL GROUP PUBLIC COMPANY LIMITED,Shift Now,1029,975,0.0,0.0,0,0,350000.0,2004,51.35
915580,Dungeon Hunter Champions,Gameloft,Gameloft,321,216,0.0,0.0,0,0,350000.0,537,59.78
810040,Swords 'n Magic and Stuff,Kindred Games,Kindred Games,1047,73,24.99,24.99,0,3,350000.0,1120,93.48
615120,COMPOUND,Bevan McKechnie,notdead,2013,63,19.99,19.99,0,3,350000.0,2076,96.97
1131620,Dominion,Temple Gates Games,Temple Gates Games,1663,265,0.0,0.0,0,131,350000.0,1928,86.26
534370,Pure Farming 2018,Ice Flames,Techland Publishing,1207,440,1.99,19.99,90,4,350000.0,1647,73.28
385710,INK,ZackBellGames,ZackBellGames,1281,295,4.99,4.99,0,1,350000.0,1576,81.28
1004750,WRC 8 FIA World Rally Championship,KT Racing,Nacon,1499,532,29.99,29.99,0,32,350000.0,2031,73.81
2161440,Sailing Era,GY Games,bilibili,3652,964,24.99,24.99,0,94,350000.0,4616,79.12
344230,Pixel Puzzles 2: Birds,Pixel Puzzles,Pixel Puzzles,269,72,4.99,4.99,0,0,350000.0,341,78.89
656610,Red Wake Carnage,Racing Bros,ANPA.US,263,194,0.99,0.99,0,0,350000.0,457,57.55
1526490,Fear Surrounds,SaltyEgg Studio,Yooreka Studio,9267,1489,0.0,0.0,0,222,350000.0,10756,86.16
613900,Museum of Other Realities,MOR Museum Inc.,MOR Museum Inc.,382,42,0.0,0.0,0,1,350000.0,424,90.09
1016790,West of Dead,Upstream Arcade,Raw Fury,1454,554,19.99,19.99,0,2,350000.0,2008,72.41
1954420,Riichi City,"Formirai Co., Ltd.","Formirai Co., Ltd.",1831,1752,0.0,0.0,0,406,350000.0,3583,51.1
356400,Thumper,Drool,Drool,3867,346,19.99,19.99,0,7,350000.0,4213,91.79
1001270,Kebab Chefs! - Restaurant Simulator,Biotech Gameworks,Flagship Interactive,5650,926,17.99,17.99,0,80,350000.0,6576,85.92
2432990,NightSpawn,Blood Eater Games,Forthright Entertainment,39,19,0.0,0.0,0,0,350000.0,58,67.24
1058830,Spin Rhythm XD,Super Spin Digital,Super Spin Digital,3929,114,19.99,19.99,0,16,350000.0,4043,97.18
619780,The Swords of Ditto: Mormo's Curse,onebitbeyond,Devolver Digital,1462,855,14.99,14.99,0,4,350000.0,2317,63.1
530390,Slayaway Camp,Blue Wizard Digital,Blue Wizard Digital,826,44,8.99,8.99,0,2,350000.0,870,94.94
901399,Sam & Max: The Devil’s Playhouse ,Telltale Games,Telltale Games,468,51,0.0,0.0,0,0,350000.0,519,90.17
500710,Wild Terra Online,Juvty Worlds,Juvty Worlds,1091,713,0.0,0.0,0,13,350000.0,1804,60.48
270210,Melody's Escape,Icetesy,Icetesy,4481,339,9.99,9.99,0,1,350000.0,4820,92.97
948740,AI: The Somnium Files,"Spike Chunsoft Co., Ltd.","Spike Chunsoft Co., Ltd.",7662,702,3.99,19.99,80,32,350000.0,8364,91.61
1432320,Liftoff: Micro Drones,LuGus Studios,LuGus Studios,678,72,15.99,15.99,0,35,350000.0,750,90.4
1684350,The Thaumaturge,Fool's Theory,11 bit studios,3394,673,10.49,34.99,70,113,350000.0,4067,83.45
508820,Won't You Be My Laser?,Chequered Ink Ltd.,Chequered Ink Ltd.,65,22,0.99,0.99,0,0,350000.0,87,74.71
855860,Superfighters Deluxe,MythoLogic Interactive,MythoLogic Interactive,2906,358,9.99,9.99,0,38,350000.0,3264,89.03
470260,Event[0],Ocelot Society,"Ocelot Society, Tohu Bohu Games",1789,440,19.99,19.99,0,2,350000.0,2229,80.26
34470,Sid Meier's Civilization IV: Colonization,Firaxis Games,2K,358,104,5.99,29.99,80,0,350000.0,462,77.49
1310740,MORTARMEN,Crouch Jump Interactive,Crouch Jump Interactive,10,0,9.99,9.99,0,0,350000.0,10,100.0
1182310,The Excavation of Hob's Barrow,Cloak and Dagger Games,Wadjet Eye Games,2264,180,14.99,14.99,0,7,350000.0,2444,92.64
301860,Submerged,Uppercut Games Pty Ltd,Uppercut Games Pty Ltd,3598,1143,19.99,19.99,0,1,350000.0,4741,75.89
57640,Broken Sword: Director's Cut (2009),Revolution Software Ltd,Revolution Software Ltd,2583,186,0.0,0.0,0,4,350000.0,2769,93.28
211440,Adventures of Shuggy,Smudged Cat Games Ltd,Smudged Cat Games Ltd,1025,174,4.99,4.99,0,0,350000.0,1199,85.49
1211600,ZED ZONE,Leven Liu,INDIECN,2701,614,11.99,11.99,0,18,350000.0,3315,81.48
332200,Axiom Verge,Thomas Happ Games LLC,Thomas Happ Games LLC,5515,549,4.99,19.99,75,17,350000.0,6064,90.95
702890,BlazBlue: Cross Tag Battle,Arc System Works,Arc System Works,3565,888,19.99,19.99,0,71,350000.0,4453,80.06
1201270,A Space for the Unbound,Mojiken,"Toge Productions, Cube Game",6057,158,19.99,19.99,0,14,350000.0,6215,97.46
302270,Dungeon Defenders Eternity,Nom Nom Games,Trendy Entertainment,782,795,0.0,0.0,0,0,350000.0,1577,49.59
1654660,En Garde!,Fireplace Games,"Fireplace Games, Kepler Ghost",3290,307,4.99,19.99,75,12,350000.0,3597,91.47
885570,Nova-Life: Amboise,TeamNova,TeamNova,1219,329,0.0,0.0,0,38,350000.0,1548,78.75
1122720,Sayonara Wild Hearts,Simogo,Annapurna Interactive,8082,266,12.99,12.99,0,5,350000.0,8348,96.81
282590,Star Ruler 2,"Blind Mind Studios, Glacicle",Blind Mind Studios,583,132,19.99,19.99,0,0,350000.0,715,81.54
1551220,King and Kingdoms,Bad Button Studio,Bad Button Studio,26,41,0.0,0.0,0,0,350000.0,67,38.81
1540150,Crazy Flasher Series 2021,Andy Law,Andy Law,2419,330,0.99,0.99,0,14,350000.0,2749,88.0
1809420,Shankaram: CODE REBORN,"Gloac Games, Gloac",Gloac,5,5,8.99,8.99,0,0,350000.0,10,50.0
2820820,Jotunnslayer: Hordes of Hel,"Games Farm, ARTillery",Grindstone,3274,693,14.99,14.99,0,281,350000.0,3967,82.53
506500,Party Panic,Everglow Interactive Inc.,Everglow Interactive Inc.,2563,837,16.99,16.99,0,4,350000.0,3400,75.38
1413870,Shadow Man Remastered,"Nightdive Studios, Acclaim Studios Teesside","Nightdive Studios, Atari",1288,82,19.99,19.99,0,12,350000.0,1370,94.01
2961880,Grocery Store Simulator,EXPERIMENT ONE,EXPERIMENT ONE,5007,390,14.99,14.99,0,190,350000.0,5397,92.77
836480,恋爱模拟器 Love Simulation,"橘子班, 大好网",PeriScope Game,574,469,1.99,1.99,0,0,350000.0,1043,55.03
1921470,TAGLINE,NOTH,NOTH,49,7,9.99,9.99,0,0,350000.0,56,87.5
844590,Hypnospace Outlaw,"Tendershoot, Michael Lasch, ThatWhichIs Media",No More Robots,4633,148,19.99,19.99,0,22,350000.0,4781,96.9
104600,Portal 2 - The Final Hours,Geoff Keighley,Geoff Keighley,612,197,1.99,1.99,0,0,350000.0,809,75.65
1203710,UnMetal,@unepic_fran,"Versus Evil, tinyBuild",2820,197,19.99,19.99,0,24,350000.0,3017,93.47
801630,UNDER NIGHT IN-BIRTH Exe:Late[cl-r],FRENCH-BREAD,Arc System Works,3578,220,24.99,24.99,0,7,350000.0,3798,94.21
1292940,Cube Escape Collection,Rusty Lake,Rusty Lake,6674,122,4.99,4.99,0,123,350000.0,6796,98.2
870200,Juno: New Origins,"Jundroo, LLC","Jundroo, LLC",2807,311,19.99,19.99,0,49,350000.0,3118,90.03
2200780,My Dream Setup,Campfire Studio,Campfire Studio,4581,496,5.99,5.99,0,110,350000.0,5077,90.23
33520,Tropico Reloaded,"PopTop Software, BreakAway Games, Frog City Software",Kalypso Media Digital,799,111,1.74,6.99,75,15,350000.0,910,87.8
441550,STAR WARS Rebellion,Coolhand Interactive,"LucasArts, Lucasfilm, Disney",1211,144,5.99,5.99,0,87,350000.0,1355,89.37
225640,Sacred 2 Gold,Studio II,THQ Nordic,2637,837,17.99,19.99,10,46,350000.0,3474,75.91
1494810,Mortal Sin,Nikola Todorovic,Nikola Todorovic,3313,148,24.99,24.99,0,114,350000.0,3461,95.72
493840,Marvel vs. Capcom: Infinite,Capcom,Capcom,2144,1083,39.99,39.99,0,44,350000.0,3227,66.44
442810,UFO Online: Invasion,Bad Pixel,Bad Pixel,360,254,0.0,0.0,0,0,350000.0,614,58.63
224900,Iron Sky: Invasion,Reality Pump,TopWare Interactive,673,465,7.99,19.99,60,5,350000.0,1138,59.14
4240,RACE - The WTCC Game,SimBin,SimBin,121,42,39.99,39.99,0,0,350000.0,163,74.23
3191030,Nubby's Number Factory,MogDogBlog Productions,MogDogBlog Productions,9206,227,4.99,4.99,0,731,350000.0,9433,97.59
1103950,ANAREA Battle Royale,AXC GAMES,AXC GAMES,811,1001,0.0,0.0,0,0,350000.0,1812,44.76
496640,Strange Night,Labory,SA Industry,276,171,4.99,4.99,0,1,350000.0,447,61.74
207420,Wizorb,Tribute Games Inc.,Tribute Games Inc.,685,298,2.99,2.99,0,1,350000.0,983,69.68
2678990,Minami Lane,"Blibloop, Doot","Doot Tiny Games, Wholesome Games Presents",5189,118,4.99,4.99,0,49,350000.0,5307,97.78
1816570,江湖十一,万象皆春,万象皆春,2096,3347,17.99,17.99,0,2,350000.0,5443,38.51
238240,Edge of Space,Handyman Studios,Reverb Triple XP,910,1813,14.99,14.99,0,1,350000.0,2723,33.42
2616460,Dungeon Keeper 2,Bullfrog Productions,Electronic Arts,941,57,4.99,4.99,0,35,350000.0,998,94.29
380360,Tap Tap Infinity,Scary Bee LLC,Scary Bee LLC,693,242,0.0,0.0,0,12,350000.0,935,74.12
898920,Axis & Allies 1942 Online,Beamdog,Beamdog,3663,1021,19.99,19.99,0,577,350000.0,4684,78.2
1137220,Elite Soldier: 3D Shooter,IO Games,IO Games,12,5,2.99,2.99,0,0,350000.0,17,70.59
1477590,EZ2ON REBOOT : R,"Neonovice Co., Ltd., SQUARE PIXELS","Neonovice Co., Ltd.",5259,563,44.99,44.99,0,126,350000.0,5822,90.33
266150,Lost Saga NA,IO Entertainment,Smilegate West,412,265,0.0,0.0,0,0,350000.0,677,60.86
1359980,POSTAL: Brain Damaged,"Hyperstrange, CreativeForge Games","Running With Scissors, Hyperstrange",8109,361,19.99,19.99,0,38,350000.0,8470,95.74
207930,Sacred Citadel,Southend,THQ Nordic,806,365,9.99,9.99,0,0,350000.0,1171,68.83
773790,Ostriv,yevhen8,yevhen8,6297,329,24.99,24.99,0,111,350000.0,6626,95.03
514970,Drive Megapolis,npp_trainer,Back To Basics Gaming,112,183,0.0,0.0,0,0,350000.0,295,37.97
754150,Rolling Line,Gaugepunk Games,Gaugepunk Games,2100,87,19.99,19.99,0,56,350000.0,2187,96.02
1499520,Spiritwish,NEONSTUDIO Corp.,SUBETE,22,22,0.0,0.0,0,0,350000.0,44,50.0
478980,Mansions of Madness,Fantasy Flight Games,Fantasy Flight Games,1102,86,0.0,0.0,0,19,350000.0,1188,92.76
72400,Clones,Tomkorp Computer Solutions Inc.,Tomkorp Computer Solutions Inc.,296,95,1.99,1.99,0,0,350000.0,391,75.7
3028310,Nordhold,StunForge,"HypeTrain Digital, StunForge",1924,216,19.99,19.99,0,325,350000.0,2140,89.91
925570,The Uncertain: Light At The End,ComonGames,META Publishing,729,394,9.99,9.99,0,0,350000.0,1123,64.92
314010,Boid,Mokus,tinyBuild,594,149,0.0,0.0,0,3,350000.0,743,79.95
1544360,LEGO Builder's Journey,Light Brick Studio,LEGO® Games,3303,666,19.99,19.99,0,1,350000.0,3969,83.22
534220,Dragon's Sin,Fate Dragon Studio,Fate Dragon Studio,329,162,0.0,0.0,0,0,350000.0,491,67.01
2492490,Quarantine Town,Desert Interactive,Desert Interactive,0,2,2.99,2.99,0,0,350000.0,2,0.0
1053680,Granny Simulator,Nick Kestle,Nick Kestle,5142,564,4.99,4.99,0,11,350000.0,5706,90.12
534820,Heroes Evolved,Net Dragon,R2Games,336,292,0.0,0.0,0,0,350000.0,628,53.5
385150,Stranded In Time,"DQ Team, Hidden Hallow Studio",Valkyrie Initiative,200,61,0.69,4.99,86,75,350000.0,261,76.63
1376070,Rushdown Revolt - Alpha Testing,Vortex Games,Vortex Games,1190,312,0.0,0.0,0,2,350000.0,1502,79.23
617480,Tower of Time,Event Horizon,Event Horizon,1994,381,1.74,24.99,93,24,350000.0,2375,83.96
251110,INFRA,Loiste Interactive,Loiste Interactive,2900,370,29.99,29.99,0,16,350000.0,3270,88.69
616090,龙魂时刻,,Jenny Bee Presents,465,850,0.0,0.0,0,0,350000.0,1315,35.36
1175460,Revita,BenStar,"Dear Villagers, Doyoyo Games",1863,399,16.99,16.99,0,17,350000.0,2262,82.36
354430,STAR WARS - X-Wing Special Edition,Lucasfim,"LucasArts, Lucasfim, Disney",335,100,3.99,9.99,60,5,350000.0,435,77.01
577460,Zoop! - Hunter's Grimm,Warfare Studios,Senpai Industrial Studios,192,128,1.99,1.99,0,0,350000.0,320,60.0
671610,Warfork,Team Forbidden,Team Forbidden,1988,239,0.0,0.0,0,5,350000.0,2227,89.27
1173790,FINAL FANTASY III,Square Enix,Square Enix,2069,150,17.99,17.99,0,47,350000.0,2219,93.24
553540,Phantom Brigade,Brace Yourself Games,Brace Yourself Games,2370,725,29.99,29.99,0,27,350000.0,3095,76.58
741260,Mobile Empire,Shanghai huan zhen Info Tech Ltd,XD,820,686,3.99,3.99,0,1,350000.0,1506,54.45
250110,Assault Android Cactus+,Witch Beam,Witch Beam,1843,115,19.99,19.99,0,1,350000.0,1958,94.13
533300,Zup!,Quiet River,Quiet River,7755,464,1.99,1.99,0,2,350000.0,8219,94.35
351710,Hyperdimension Neptunia Re;Birth2: Sisters Generation,"Idea Factory, Compile Heart, Felistella","Idea Factory, Idea Factory International",3003,256,6.74,14.99,55,11,350000.0,3259,92.14
235720,Cubetractor,Ludochip,Ludochip,360,122,4.99,4.99,0,0,350000.0,482,74.69
1836740,Elemgate,CWPGames,CWPGames,8,0,12.99,12.99,0,0,350000.0,8,100.0
1012030,Detective Girl of the Steam City,Clymenia,Kagura Games,1749,153,5.09,14.99,66,5,350000.0,1902,91.96
1159690,Voidtrain,HypeTrain Digital,HypeTrain Digital,4455,1501,17.99,29.99,40,97,350000.0,5956,74.8
2328750,My Little Universe,Estoty,SayGames,1387,223,14.99,14.99,0,65,350000.0,1610,86.15
412290,The Dreamlord,mesetts,New Reality Games,91,118,1.99,1.99,0,0,350000.0,209,43.54
235620,Small World,Days of Wonder,"Days of Wonder, Twin Sails Interactive",1011,455,2.49,9.99,75,7,350000.0,1466,68.96
660880,b,u&amp;i,u&amp;i,3817,364,0.0,0.0,0,1,350000.0,4181,91.29
1711950,GWENT: Rogue Mage (Single-Player Expansion),CD PROJEKT RED,CD PROJEKT RED,605,521,9.99,9.99,0,14,350000.0,1126,53.73
355050,Sky Force Anniversary,Infinite Dreams,Infinite Dreams,1923,159,9.99,9.99,0,3,350000.0,2082,92.36
600480,Megaquarium,Twice Circled,Twice Circled,3209,165,24.99,24.99,0,39,350000.0,3374,95.11
352550,Urban Empire,Reborn Games,Kalypso Media Digital,834,1620,2.99,29.99,90,3,350000.0,2454,33.99
1853200,TYRONE vs COPS,Team SNEED,Team SNEED,2340,137,0.99,0.99,0,2,350000.0,2477,94.47
685310,Transport Defender,Coconut Shavers,Coconut Shavers,355,90,0.0,0.0,0,34,350000.0,445,79.78
1160750,Grim Clicker,EvilCharm Games,"EvilCharm Games, Aleksandr Golovkin",2187,585,0.0,0.0,0,166,350000.0,2772,78.9
1450150,Durka Simulator,Crucial Experiment,Unknown Softwares Lab,1629,103,0.0,0.0,0,1,350000.0,1732,94.05
1103210,We Become What We Behold [Fan-Made Port],"Mismatch Studio, Nicky Case (Originally)",Mismatch Studio,5659,223,0.0,0.0,0,28,350000.0,5882,96.21
22120,Penumbra: Black Plague Gold Edition,Frictional Games,Frictional Games,2589,163,9.99,9.99,0,4,350000.0,2752,94.08
214150,Galactic Civilizations I: Ultimate Edition,Stardock Entertainment,Stardock Entertainment,138,149,4.99,4.99,0,4,350000.0,287,48.08
1540960,Underworld Idle,Aleksandr Golovkin,Aleksandr Golovkin,825,333,0.0,0.0,0,200,350000.0,1158,71.24
637670,Secret of Mana,Square Enix,Square Enix,1872,824,39.99,39.99,0,11,350000.0,2696,69.44
1311070,Greak: Memories of Azur,Navegante,Team17,1071,298,19.99,19.99,0,0,350000.0,1369,78.23
2291060,EARTH DEFENSE FORCE 6,SANDLOT,D3PUBLISHER,4262,2084,59.99,59.99,0,369,350000.0,6346,67.16
275530,Z,TickTock Games,Rebellion,1026,329,6.99,6.99,0,9,350000.0,1355,75.72
719640,War Planet Online: Global Conquest,Gameloft,Gameloft,579,332,0.0,0.0,0,155,350000.0,911,63.56
477740,Zero Escape: The Nonary Games,"Spike Chunsoft Co., Ltd.","Spike Chunsoft Co., Ltd.",5798,408,5.99,29.99,80,81,350000.0,6206,93.43
1711610,Dungeon 100,可布和常常诶,可布和常常诶,1313,274,11.99,11.99,0,4,350000.0,1587,82.73
1229240,Chained Echoes,Umami Tiger (Matthias Linda),"Deck13, WhisperGames",6095,662,24.99,24.99,0,102,350000.0,6757,90.2
471010,Seven: Enhanced Edition,"IMGN.PRO, Fool's Theory",IMGN.PRO,1542,473,29.99,29.99,0,6,350000.0,2015,76.53
300570,Infinifactory,Zachtronics,Zachtronics,2291,123,24.99,24.99,0,7,350000.0,2414,94.9
963710,Lost in Vivo,KIRA,KIRA,3313,268,11.99,11.99,0,4,350000.0,3581,92.52
1478220,Puzzle Together,IronZog,IronZog,3801,637,0.0,0.0,0,206,350000.0,4438,85.65
329490,Phantom Breaker: Battle Grounds Classic,MAGES. Inc.,Rocket Panda Games,2486,501,14.99,14.99,0,1,350000.0,2987,83.23
1206060,Happy Game,Amanita Design,Amanita Design,2608,294,14.99,14.99,0,10,350000.0,2902,89.87
1096900,RPG Maker MZ,"Gotcha Gotcha Games, KADOKAWA, Yoji Ojima",Gotcha Gotcha Games,1600,282,79.99,79.99,0,783,350000.0,1882,85.02
720620,TaleSpire,Bouncyrock Entertainment,Bouncyrock Entertainment,4271,410,24.99,24.99,0,301,350000.0,4681,91.24
61500,Age of Wonders,Triumph Studios,Paradox Interactive,766,213,5.99,5.99,0,10,350000.0,979,78.24
964350,At Home Alone,阿正不经,0Cube,1598,286,0.0,0.0,0,0,350000.0,1884,84.82
1136370,Bear and Breakfast,Gummy Cat,Armor Games Studios,4406,477,19.99,19.99,0,40,350000.0,4883,90.23
324570,Halo: Spartan Strike,"343 Industries, Vanguard Games",Xbox Game Studios,1240,302,2.99,2.99,0,1,350000.0,1542,80.42
283000,Strategic War in Europe,Wastelands Interactive,Conglomerate 5,99,105,5.99,5.99,0,15,350000.0,204,48.53
1249040,American Arcadia,Out of the Blue Games,Raw Fury,3073,181,19.99,19.99,0,16,350000.0,3254,94.44
475190,Scanner Sombre,Introversion Software,Introversion Software,3671,426,6.99,6.99,0,2,350000.0,4097,89.6
381640,Allods Online RU,ASTRUM LAB,ASTRUM LAB,1082,585,0.0,0.0,0,10,350000.0,1667,64.91
382050,Eon Altar,Flying Helmet Games,Flying Helmet Games,640,140,0.0,0.0,0,1,350000.0,780,82.05
852110,RetroMaze,"Durven Studios, BrazMonkey Studio",Durven Studios,1407,53,0.99,0.99,0,0,350000.0,1460,96.37
215160,The Book of Unwritten Tales,KING Art,THQ Nordic,1909,185,19.99,19.99,0,0,350000.0,2094,91.17
1554010,我的变色龙女友My Chameleon Girlfriend,亿米米游戏YIMI GAME,亿米米游戏YIMI GAME,10,7,3.99,3.99,0,0,350000.0,17,58.82
1458100,Cozy Grove,Spry Fox, Spry Fox,7203,795,14.99,14.99,0,114,350000.0,7998,90.06
1488640,Wholesome Slaughter,Eclipse Game Labs,Patrick Simeon,41,3,0.99,0.99,0,0,350000.0,44,93.18
24880,The Saboteur,Pandemic Studios,Electronic Arts,1756,161,9.99,9.99,0,37,350000.0,1917,91.6
843660,Rogue Agent,Jorge Aires,Jigsaw Unravel,345,64,0.0,0.0,0,13,350000.0,409,84.35
508900,Zup! X,Quiet River,Quiet River,5809,182,1.99,1.99,0,4,350000.0,5991,96.96
213030,Penny Arcade's On the Rain-Slick Precipice of Darkness 3,Zeboyd Games,"Penny Arcade, Inc.",497,86,0.0,0.0,0,0,350000.0,583,85.25
467390,Approaching Blocks,Dymchick1,Dymchick1,204,118,1.99,1.99,0,0,350000.0,322,63.35
939510,Pandemic Express - Zombie Escape,"TALLBOYS, tinyBuild",tinyBuild,2661,1836,0.0,0.0,0,0,350000.0,4497,59.17
1264250,Fishing: North Atlantic - Enhanced Edition,Misc Games,Misc Games,1965,593,34.99,34.99,0,64,350000.0,2558,76.82
1084020,TheoTown,Lobby Divinus,blueflower,3115,194,9.99,9.99,0,72,350000.0,3309,94.14
1637140,Fishards,Rivernotch Game Studio,Rivernotch Game Studio,194,6,0.0,0.0,0,4,350000.0,200,97.0
576470,ANIMALITY,ColloseusX,Phat Phrog Studios,609,187,1.99,1.99,0,0,350000.0,796,76.51
1036240,Definitely Not Fried Chicken,Dope Games,Silver Lining Interactive,1548,535,3.74,24.99,85,241,350000.0,2083,74.32
1452650,Monstrum 2 Beta,Team Junkfish,Junkfish Limited,79,71,0.0,0.0,0,0,350000.0,150,52.67
1497640,Traitors in Salem,BlankMediaGames,Digital Bandidos,657,422,0.0,0.0,0,0,350000.0,1079,60.89
457730,Mushroom Wars 2,Zillion Whales,Azur Games,599,365,14.99,14.99,0,5,350000.0,964,62.14
343860,Tacoma,Fullbright,"Fullbright, Serenity Forge",3939,620,19.99,19.99,0,1,350000.0,4559,86.4
490980,Daily Chthonicle: Editor's Edition,Sinister Systems,Sometimes You,123,42,3.99,3.99,0,39,350000.0,165,74.55
843810,A Perfect Day,Perfect Day Studio,Perfect Day Studio,1474,260,19.99,19.99,0,3,350000.0,1734,85.01
1567020,The Dark Pictures Anthology: The Devil in Me,Supermassive Games,Bandai Namco Entertainment Europe,2580,2061,39.99,39.99,0,38,350000.0,4641,55.59
553210,"Warhammer 40,000: Space Wolf",HeroCraft PC,HeroCraft PC,882,469,0.0,0.0,0,0,350000.0,1351,65.28
1754840,Hacker Simulator,Save All Studio,Save All Studio,840,267,24.99,24.99,0,11,350000.0,1107,75.88
914700,MINImax Tinyverse,Nimble Neuron,Nimble Neuron,363,141,0.0,0.0,0,0,350000.0,504,72.02
325090,Deep Dungeons of Doom,Bossa Studios,Bossa Studios,581,166,4.99,4.99,0,0,350000.0,747,77.78
238750,Might & Magic X - Legacy,Ubisoft,Ubisoft,2168,1119,29.99,29.99,0,36,350000.0,3287,65.96
866140,Arise: A Simple Story,Piccolo Studio,Untold Tales,2259,209,3.99,19.99,80,5,350000.0,2468,91.53
287340,Colin McRae Rally,Codemasters Digital,Codemasters,1019,1326,0.0,0.0,0,0,350000.0,2345,43.45
225020,Tomb Raider VI: The Angel of Darkness (2003),Core Design,Crystal Dynamics,978,621,6.99,6.99,0,1,350000.0,1599,61.16
947940,SCP: Nukalypse,Nikk F.,Nikk F.,517,211,0.0,0.0,0,0,350000.0,728,71.02
2457580,Fight Crab 2,Calappa Games,PLAYISM,130,7,8.99,14.99,40,1,350000.0,137,94.89
2506160,Fears to Fathom - Ironbark Lookout,Rayll Studios,Rayll Studios,4303,347,9.99,9.99,0,22,350000.0,4650,92.54
1115780,The Almost Gone,Happy Volcano,"Happy Volcano, XD",913,222,9.99,9.99,0,1,350000.0,1135,80.44
24400,King Arthur - The Role-playing Wargame,NeocoreGames,Paradox Interactive,416,189,9.99,9.99,0,1,350000.0,605,68.76
345390,King's Quest,The Odd Gentlemen,Sierra,2590,287,12.49,24.99,50,10,350000.0,2877,90.02
428430,Endorlight,Old Games,Old Games,924,549,0.99,0.99,0,1,350000.0,1473,62.73
2703850,Rooftops & Alleys: The Parkour Game,MLMEDIA,"MLMEDIA, Radical Theory, Shine Group",5263,169,24.99,24.99,0,80,350000.0,5432,96.89
2963880,Murky Divers,Embers,Embers,4022,497,4.94,8.99,45,23,350000.0,4519,89.0
1201540,HELLCARD,Thing Trunk,Skystone Games,3302,543,24.99,24.99,0,93,350000.0,3845,85.88
237430,Expeditions: Conquistador,Logic Artists,THQ Nordic,1218,325,19.99,19.99,0,5,350000.0,1543,78.94
1239320,Animal Shelter,Games Incubator,"Games Incubator, PlayWay S.A.",3058,437,19.99,19.99,0,45,350000.0,3495,87.5
231330,Deadfall Adventures,The Farm 51,THQ Nordic,1859,664,19.99,19.99,0,0,350000.0,2523,73.68
48800,Ship Simulator Extremes,VStep,Paradox Interactive,1150,1112,4.99,19.99,75,5,350000.0,2262,50.84
3046600,Onimusha 2: Samurai's Destiny,"CAPCOM Co., Ltd.","CAPCOM Co., Ltd.",354,55,29.99,29.99,0,276,350000.0,409,86.55
431710,Space Pilgrim Episode II: Epsilon Indi,"Pilgrim Adventures, GrabTheGames Studios","GrabTheGames, TheGamesFortress",480,69,0.69,1.99,65,1,350000.0,549,87.43
407230,Legend of Mysteria RPG,Labyrinthine,Senpai Industrial Studios,582,239,1.99,1.99,0,2,350000.0,821,70.89
1168660,Barro 2020,SC Jogos,SC Jogos,1552,260,0.49,4.99,90,6,350000.0,1812,85.65
1051310,Paper Dolls: Original / 纸人,"Beijing Litchi Culture Media Co., Ltd.","Beijing Litchi Culture Media Co., Ltd., Gamera Game",3881,638,5.09,16.99,70,19,350000.0,4519,85.88
448780,Sixtieth Kilometer,Talentplace,KishMish Games,1404,367,0.49,4.99,90,0,350000.0,1771,79.28
758370,Through the Ages,CGE Digital,CGE Digital,1992,198,15.99,15.99,0,59,350000.0,2190,90.96
250050,Life Goes On: Done to Death,Infinite Monkeys Entertainment Ltd.,"k-Critical, Infinite Monkeys Entertainment Ltd.",2312,97,12.99,12.99,0,2,350000.0,2409,95.97
996770,Moving Out,"SMG Studio, Devm Games",Team17,1789,480,24.99,24.99,0,14,350000.0,2269,78.85
1370050,Trek to Yomi,"Leonard Menchiari, Flying Wild Hog",Devolver Digital,1939,790,19.99,19.99,0,4,350000.0,2729,71.05
407840,Guardians of Orion (Phase 2),DANKIE,DANKIE,1933,1688,0.99,0.99,0,0,350000.0,3621,53.38
1643310,Dungeons 4,Realmforge Studios,Kalypso Media,2423,294,49.99,49.99,0,116,350000.0,2717,89.18
612170,One Eyed Kutkh,Baba Yaga Games,Baba Yaga Games,108,27,2.99,2.99,0,0,350000.0,135,80.0
1267540,WRC 9 FIA World Rally Championship,KT Racing,Nacon,1444,426,2.99,29.99,90,448,350000.0,1870,77.22
702050,The Song of Saya,Nitroplus,"JAST, Kagura Games (Chinese Localization)",6487,649,14.99,14.99,0,21,350000.0,7136,90.91
572520,Dropzone,Sparkypants Studios LLC,Sparkypants Studios LLC,604,266,0.0,0.0,0,1,350000.0,870,69.43
7200,Trackmania United Forever,Nadeo,Ubisoft,2482,136,29.99,29.99,0,75,350000.0,2618,94.81
1154040,SpellForce 3 Fallen God,Grimlore Games,THQ Nordic,1288,177,19.99,19.99,0,1,350000.0,1465,87.92
712050,Otaku's Fantasy,Dieselmine,Paradise Project,2615,346,0.0,0.0,0,0,350000.0,2961,88.31
2084000,Shogun Showdown,Roboatino,"Goblinz Publishing, Gamirror Games",4700,204,14.99,14.99,0,162,350000.0,4904,95.84
392950,Lost Lands: A Hidden Object Adventure,FIVE-BN GAMES,FIVE-BN GAMES,5002,684,0.0,0.0,0,33,350000.0,5686,87.97
2414580,Power Champions,Gustavo Carvalho,N2JG,18,1,2.99,2.99,0,0,350000.0,19,94.74
338810,Demise of Nations,Noble Master LLC,Noble Master LLC,423,100,0.0,0.0,0,5,350000.0,523,80.88
502520,Ultimate General: Civil War,Game-Labs,Game-Labs,7123,861,29.99,29.99,0,495,350000.0,7984,89.22
34190,Sonic & SEGA All-Stars Racing,Sumo Digital,SEGA,2738,416,9.99,9.99,0,23,350000.0,3154,86.81
1769170,Shattered Pixel Dungeon,Shattered Pixel,Shattered Pixel,1529,77,9.99,9.99,0,74,350000.0,1606,95.21
1607680,Bread & Fred,SandCastles Studio,"Infogrames, Atari",3575,811,6.74,14.99,55,51,350000.0,4386,81.51
913550,I wanna be the Creator,Aikesi,HeyBox Games,2687,130,5.99,5.99,0,9,350000.0,2817,95.39
2069550,Slime Rule,DIG Games,DIG Games,15,8,4.99,4.99,0,0,350000.0,23,65.22
2060160,The Farmer Was Replaced,Timon Herzog,"Metaroot, Timon Herzog",1496,47,7.99,9.99,20,31,350000.0,1543,96.95
237870,Planet Explorers,Pathea Games,Pathea Games,4226,2586,0.0,0.0,0,8,350000.0,6812,62.04
633080,Relic Hunters Legend,Rogue Snail,Rogue Snail,768,373,19.99,19.99,0,1,350000.0,1141,67.31
555150,The First Tree,David Wehle,David Wehle,4202,1375,9.99,9.99,0,2,350000.0,5577,75.35
1708150,Juice Galaxy,Fishlicka,J4D3D LLC,8198,132,4.99,4.99,0,29,350000.0,8330,98.42
313140,Blackbay Asylum,TAD Productions AB,KPL,312,240,9.99,9.99,0,0,350000.0,552,56.52
513740,Joana's Life,Old Shack Studio,Back To Basics Gaming,68,152,1.99,1.99,0,24,350000.0,220,30.91
344850,Big Pharma,Twice Circled,Positech Games,1458,425,24.99,24.99,0,9,350000.0,1883,77.43
1154810,Going Under,Aggro Crab,Team17 Digital,3376,342,19.99,19.99,0,16,350000.0,3718,90.8
364690,SUPER DISTRO,KITATUS STUDIOS,My Way Games,423,716,0.74,4.99,85,2861,350000.0,1139,37.14
462680,BalanCity,MeNic Games,MeNic Games,707,167,7.99,7.99,0,0,350000.0,874,80.89
2488510,FatalZone,Midhard Games,101XP,1531,695,6.99,6.99,0,8,350000.0,2226,68.78
3228590,Deadzone: Rogue,Prophecy Games,Prophecy Games,3471,733,24.99,24.99,0,1261,350000.0,4204,82.56
222440,THE KING OF FIGHTERS 2002 UNLIMITED MATCH,"SNK CORPORATION, Code Mystics",SNK CORPORATION,4463,247,14.99,14.99,0,99,350000.0,4710,94.76
325420,Homebrew - Patent Unknown,Copybugpaste,Copybugpaste,706,262,14.99,14.99,0,0,350000.0,968,72.93
384570,Zanzarah: The Hidden Portal,Funatics Software,Daedalic Entertainment,769,299,7.99,7.99,0,3,350000.0,1068,72.0
1416260,SpellForce 3: Versus Edition,Grimlore Games,THQ Nordic,1132,373,0.0,0.0,0,79,350000.0,1505,75.22
1306580,Left on Read,Weston Bell-Geddes,Spookulele Games,4265,1057,0.0,0.0,0,3,350000.0,5322,80.14
1460090,The Life and Suffering of Sir Brante — Chapter 1&2,Sever,101XP,1954,73,0.0,0.0,0,0,350000.0,2027,96.4
268400,Panzer Corps Gold,"Flashback Games, The Lordz Games Studio",Slitherine Ltd.,2388,214,29.99,29.99,0,234,350000.0,2602,91.78
242780,Cognition: An Erica Reed Thriller,Phoenix Online Studios,Phoenix Online Publishing,656,141,14.99,14.99,0,1,350000.0,797,82.31
589870,Learn to Fly 3,Light Bringer Games inc.,Light Bringer Games inc.,9843,563,0.0,0.0,0,52,350000.0,10406,94.59
20550,Red Faction II,Volition,Deep Silver,629,570,9.99,9.99,0,1,350000.0,1199,52.46
1325400,VEGAS Pro 18 Edit Steam Edition,MAGIX Software GmbH,MAGIX Software GmbH,478,1859,149.99,149.99,0,23,350000.0,2337,20.45
217140,Rise of the Triad,Interceptor Entertainment,Apogee Entertainment,1639,842,14.99,14.99,0,1,350000.0,2481,66.06
1233270,OshiRabu: Waifus Over Husbandos,SukeraSomero,"HUBLOTS, mirai works",3356,541,19.99,19.99,0,0,350000.0,3897,86.12
821250,Flotsam,Pajama Llama Games,Stray Fawn Publishing,2114,632,24.99,24.99,0,44,350000.0,2746,76.98
623940,HIVESWAP: ACT 1,"What Pumpkin Games, Inc.","What Pumpkin Games, Inc.",3660,288,7.99,7.99,0,4,350000.0,3948,92.71
631570,Whispers of a Machine,"Clifftop Games, Faravid Interactive",Raw Fury,1721,119,14.99,14.99,0,4,350000.0,1840,93.53
205020,Lumino City,State of Play,State of Play,1174,178,11.99,11.99,0,1,350000.0,1352,86.83
265890,Hexcells,Matthew Brown,Matthew Brown,5546,175,2.99,2.99,0,10,350000.0,5721,96.94
860000,Cosmic collapse,REX PEX GAMES,REX PEX GAMES,19,5,0.79,4.99,84,0,350000.0,24,79.17
2371630,Sword Art Online: Integral Factor,"Asobimo, Inc.",Bandai Namco Entertainment,1218,695,0.0,0.0,0,135,350000.0,1913,63.67
1415480,10mg: Locked In,"de Fault, Chard, Richard Campbell","Far Few Giants, 10mg",7,4,2.99,2.99,0,0,350000.0,11,63.64
261760,Lichdom: Battlemage,Xaviant,Xaviant Games,1680,1295,9.99,9.99,0,2,350000.0,2975,56.47
675560,NAVYFIELD,SDEnterNET,Naiadgames,494,240,0.0,0.0,0,23,350000.0,734,67.3
1423410,Zone of Death,MAD Studio,MAD Studio,3,3,3.99,3.99,0,0,350000.0,6,50.0
11140,Sherlock Holmes: The Awakened (2008),Frogwares,Frogwares,588,209,9.99,9.99,0,2,350000.0,797,73.78
1110050,Evan's Remains,maitan69,Whitethorn Games,1637,230,6.99,6.99,0,2,350000.0,1867,87.68
759740,RIDE 3,Milestone S.r.l.,Milestone S.r.l.,4715,964,29.99,29.99,0,23,350000.0,5679,83.03
325120,Notch - The Innocent LunA: Eclipsed SinnerS,"Angels Blue Digital Entertainment, DigitalEZ",DigitalEZ,3055,146,3.99,9.99,60,0,350000.0,3201,95.44
1069640,This Land Is My Land,Game-Labs,Game-Labs,3070,1400,29.99,29.99,0,37,350000.0,4470,68.68
1517960,Rebirth:Beware of Mr.Wang,DSGame,DSGame,1366,694,8.99,8.99,0,3,350000.0,2060,66.31
455980,Judgment: Apocalypse Survival Simulation,Suncrash,Suncrash,1792,423,19.99,19.99,0,11,350000.0,2215,80.9
2892910,Strike Team Delta,Cerberus NZ,Cerberus NZ,3,3,9.99,9.99,0,0,350000.0,6,50.0
1058770,我来自江湖 From Jianghu,Gamexel Studio,INDIECN,1959,437,9.99,9.99,0,31,350000.0,2396,81.76
446020,Jalopy,Minskworks,Excalibur Games,7925,2406,14.99,14.99,0,24,350000.0,10331,76.71
230980,Starseed Pilgrim,droqen,droqen,320,209,5.99,5.99,0,0,350000.0,529,60.49
1409670,Bright Memory: Infinite Ray Tracing Benchmark,FYQD-Studio,"FYQD-Studio, PLAYISM",63,4,0.0,0.0,0,3,350000.0,67,94.03
983870,FOUNDRY,Channel 3 Entertainment,Paradox Interactive,2197,586,29.99,29.99,0,925,350000.0,2783,78.94
1328840,Lost in Play,Happy Juice Games,Joystick Ventures,6924,125,19.99,19.99,0,15,350000.0,7049,98.23
21670,Bionic Commando,Capcom,Capcom,1234,469,9.99,9.99,0,5,350000.0,1703,72.46
1546320,Your Chronicle,Samurai Games,Samurai Games,1640,408,0.0,0.0,0,3324,350000.0,2048,80.08
1127110,Outpost,Open Mid Interactive,Open Mid Interactive,664,94,0.0,0.0,0,1,350000.0,758,87.6
1608230,Planet of Lana,Wishfully,Thunderful Publishing,4899,340,3.99,19.99,80,8,350000.0,5239,93.51
2479830,The Braves,101XP GAME STUDIOS,101XP,1170,473,0.0,0.0,0,140,350000.0,1643,71.21
571260,THE KING OF FIGHTERS XIV STEAM EDITION,"SNK CORPORATION, Abstraction Games",SNK CORPORATION,3349,711,11.24,74.99,85,10,350000.0,4060,82.49
15300,Tom Clancy's Ghost Recon,Red Storm Entertainment,Ubisoft,1400,115,9.99,9.99,0,17,350000.0,1515,92.41
384980,Battle for Blood - Epic battles within 30 seconds!,YFC games,YFC games,597,207,0.0,0.0,0,2,350000.0,804,74.25
2704110,Aliya: Timelink,TDGame Studio,Anotherindie,6393,119,2.99,2.99,0,81,350000.0,6512,98.17
393430,Ice Lakes,Iceflake Studios,Paradox Interactive,1370,229,14.99,14.99,0,3,350000.0,1599,85.68
22180,Penumbra Overture,Frictional Games,Frictional Games,3418,365,9.99,9.99,0,5,350000.0,3783,90.35
487720,Agony,Madmind Studio,Playway S.A.,1336,1513,14.99,14.99,0,1,350000.0,2849,46.89
1490610,METALLIC CHILD,Action Square(STUDIO HG),HIKE Inc.,1032,177,24.99,24.99,0,3,350000.0,1209,85.36
707680,Slapshot,Oddshot Games,Oddshot Games,2148,392,0.0,0.0,0,0,350000.0,2540,84.57
1432100,The Bookwalker: Thief of Tales,DO MY BEST,tinyBuild,1987,167,14.99,14.99,0,8,350000.0,2154,92.25
616720,Live2DViewerEX,Pavo Studio,Pavo Studio,3223,267,4.99,4.99,0,263,350000.0,3490,92.35
21800,Tom Clancy's EndWar,Ubisoft  Shanghaï,Ubisoft,789,188,9.99,9.99,0,13,350000.0,977,80.76
2688950,Planet Coaster 2,Frontier Developments,Frontier Developments,6074,3242,49.99,49.99,0,1213,350000.0,9316,65.2
1568450,Search for the Titanic,Capstone Software,Ziggurat,2,0,4.99,4.99,0,0,350000.0,2,100.0
63610,Riven (1997),"Cyan Worlds, Inc.","Cyan Worlds, Inc.",1180,143,1.79,5.99,70,5,350000.0,1323,89.19
1683370,Blocky Dungeon,SquareAnon,SquareAnon,66,9,9.99,9.99,0,0,350000.0,75,88.0
497860,Zezenia Online,"Zezenia Online, Saucer Software",rojekti,221,100,0.0,0.0,0,5,350000.0,321,68.85
343100,Overture,Black Shell Games,Plug In Digital,949,303,4.99,4.99,0,0,350000.0,1252,75.8
908500,crazy maze ~疯狂迷宫 ~ 狂った迷路 ~ Laberinto loco ~ Labyrinthe fou ~ Verrücktes Labyrinth,liuguowang,liuguowang,16,13,0.0,0.0,0,0,350000.0,29,55.17
862690,"Kid,napper: Gosh, I'm Kidnapped by a Pupil",Catnip,Catnip,3887,509,0.0,0.0,0,1,350000.0,4396,88.42
275670,Space Run,Passtech Games,Focus Entertainment,1783,303,0.74,4.99,85,3,350000.0,2086,85.47
2366980,Thank Goodness You're Here!,Coal Supper,Panic,5987,209,19.99,19.99,0,25,350000.0,6196,96.63
719890,Beasts of Bermuda,"Sastrei Studios, LLC","Sastrei Studios, LLC",6192,2531,19.99,19.99,0,1143,350000.0,8723,70.98
292000,No More Room in Hell 2,Torn Banner Studios,Torn Banner Studios,7885,8630,29.99,29.99,0,199,350000.0,16515,47.74
842100,Daymare: 1998,Invader Studios,Invader Studios,2725,1199,29.99,29.99,0,10,350000.0,3924,69.44
368180,Polyball,Studio Monolith,Studio Monolith,830,370,3.99,3.99,0,0,350000.0,1200,69.17
791330,Fallen ~Makina and the City of Ruins~,Another Story,Kagura Games,1638,281,5.09,14.99,66,4,350000.0,1919,85.36
1420290,No More Heroes,GRASSHOPPER MANUFACTURE INC.,"XSEED Games, Marvelous USA, Inc., Marvelous Europe",1533,380,9.99,19.99,50,12,350000.0,1913,80.14
564230,Fire Pro Wrestling World,"Spike Chunsoft Co., Ltd.","Spike Chunsoft Co., Ltd.",2801,328,5.99,29.99,80,72,350000.0,3129,89.52
738540,Tales of Vesperia: Definitive Edition,"QLOC, BANDAI NAMCO Studios Inc.",BANDAI NAMCO Entertainment,3670,843,49.99,49.99,0,74,350000.0,4513,81.32
270090,//N.P.P.D. RUSH//- The milk of Ultraviolet,Rail Slave Games,KPL,252,519,3.99,3.99,0,0,350000.0,771,32.68
1771340,Miasma: Citizens of Free Thought,ESP Games,David Addis,7,2,0.99,0.99,0,0,350000.0,9,77.78
235320,Original War,Altar Games,Bohemia Interactive,1928,102,9.99,9.99,0,15,350000.0,2030,94.98
347800,Ghost Song,Old Moon,Balor Games,1045,209,19.99,19.99,0,1,350000.0,1254,83.33
414740,RAID: World War II,Lion game Lion,Starbreeze Entertainment,1671,986,9.99,9.99,0,12,350000.0,2657,62.89
8880,Freedom Force,Irrational Games,2K,292,230,4.99,4.99,0,1,350000.0,522,55.94
1126310,风信楼,Pingfang Games,Pingfang Games,3376,205,11.99,11.99,0,21,350000.0,3581,94.28
1407450,The World of Kungfu: Dragon and Eagle,ChillyRoom,ChillyRoom,3099,1513,17.99,17.99,0,48,350000.0,4612,67.19
446030,Corroded,Encircle Games,Encircle Games,70,13,0.0,0.0,0,0,350000.0,83,84.34
450670,Table Top Racing: World Tour,Playrise Digital Ltd.,Playrise Digital Ltd.,527,158,3.99,3.99,0,1,350000.0,685,76.93
11200,Shadowgrounds Survivor,Frozenbyte,Frozenbyte,472,305,9.99,9.99,0,1,350000.0,777,60.75
2497920,A Difficult Game About Climbing,Pontypants,Pontypants,4040,506,9.99,9.99,0,12,350000.0,4546,88.87
625430,Doodle God Blitz,JoyBits Ltd.,JoyBits Ltd.,548,256,0.0,0.0,0,4,350000.0,804,68.16
371330,Two Digits,Cleverweek,Cleverweek,291,114,1.99,1.99,0,0,350000.0,405,71.85
410380,HEX: Shards of Fate,Hex Entertainment,Hex Entertainment,1098,650,0.0,0.0,0,0,350000.0,1748,62.81
399670,Game Corp DX,Endless Loop Studios,Endless Loop Studios,2701,374,2.99,2.99,0,0,350000.0,3075,87.84
2890830,Streamer Life Simulator 2,Cheesecake Dev,Cheesecake Dev,4096,828,19.99,19.99,0,119,350000.0,4924,83.18
485330,Star Drifter,"Nostalgia Hound, PiGravity",Back To Basics Gaming,106,114,1.99,1.99,0,2,350000.0,220,48.18
412170,City of Chains,Astronomic Games,New Reality Games,243,92,8.99,8.99,0,0,350000.0,335,72.54
1904860,Legends of Kingdom Rush,Ironhide Game Studio,Ironhide Game Studio,1009,537,14.99,14.99,0,21,350000.0,1546,65.27
1770080,Superfuse,Stitch Heads Entertainment,Raw Fury,411,628,24.99,24.99,0,0,350000.0,1039,39.56
1574240,Dread Delusion,Lovely Hellplace,DreadXP,3634,382,19.99,19.99,0,24,350000.0,4016,90.49
251230,Livelock,Tuque Games,Arc Games,668,173,9.99,9.99,0,1,350000.0,841,79.43
1382070,Viewfinder,Sad Owl Studios,Thunderful Publishing,8015,490,7.49,24.99,70,81,350000.0,8505,94.24
1999520,CATO: Buttered Cat,Team Woll,GCORES PUBLISHING,0,0,10.99,10.99,0,19,350000.0,0,
592580,PRO EVOLUTION SOCCER 2018,"Konami Digital Entertainment Co., Ltd.",Konami Digital Entertainment,2600,1519,0.0,0.0,0,35,350000.0,4119,63.12
1341400,Oniria Crimes,cKolmos narrative.,cKolmos narrative.,48,10,9.99,9.99,0,0,350000.0,58,82.76
614460,Amber Tail Adventure,Xyak-Xyak,Xyak-Xyak,115,46,4.99,4.99,0,0,350000.0,161,71.43
241240,Contraption Maker,Kevin Ryan,Top Meadow,1158,108,12.99,12.99,0,6,350000.0,1266,91.47
1491670,Venba,Visai Games,Visai Games,2379,198,14.99,14.99,0,6,350000.0,2577,92.32
320430,Ascension: Deckbuilding Game,"Playdek, Inc.","Playdek, Inc.",1404,170,9.99,9.99,0,65,350000.0,1574,89.2
1173780,FINAL FANTASY II,Square Enix,Square Enix,2136,510,11.99,11.99,0,34,350000.0,2646,80.73
1182110,Weed Shop 3,Weed Games,Weed Games ,3797,234,19.99,19.99,0,46,350000.0,4031,94.19
1807810,The Axis Unseen,Just Purkey Games,Just Purkey Games,213,54,24.99,24.99,0,1,350000.0,267,79.78
3020510,Heroes' Vow: Three Kingdoms,Free Wing,"Free Wing, NPC Entertainment",4836,573,19.99,19.99,0,2538,350000.0,5409,89.41
215630,Demonicon,Noumena Studios,Kalypso Media Digital,661,323,3.99,9.99,60,0,350000.0,984,67.17
1846170,Iron Lung,David Szymanski,David Szymanski,7529,641,7.99,7.99,0,3,350000.0,8170,92.15
1008710,Wet Girl,Wet Girl,Shoot Girl,4712,749,0.99,0.99,0,3,350000.0,5461,86.28
1269370,171,Betagames Group,Betagames Group,2941,998,19.99,19.99,0,15,350000.0,3939,74.66
476360,Strike Vector EX,Ragequit Corporation,Ragequit Corporation,647,105,0.0,0.0,0,0,350000.0,752,86.04
1477050,Grim wanderings 2,Ellinia games,Ellinia games,62,18,5.99,5.99,0,0,350000.0,80,77.5
32420,STAR WARS: The Clone Wars - Republic Heroes,Krome Studios,"LucasArts, Lucasfilm, Disney",490,459,0.0,0.0,0,1,350000.0,949,51.63
283290,Nosferatu: The Wrath of Malachi,Idol FX,Funbox Media Ltd,2645,381,2.99,2.99,0,0,350000.0,3026,87.41
41014,Serious Sam HD: The Second Encounter,Croteam,Devolver Digital,755,74,19.99,19.99,0,0,350000.0,829,91.07
2901520,An alt girl for skoof,"Terletski Games, RIKANIMATION",Terletski Games,8180,1559,2.39,4.99,52,23,350000.0,9739,83.99
1664670,Refactor,GAGA,LightOn Game,386,64,4.99,4.99,0,0,350000.0,450,85.78
2360,Hexen: Beyond Heretic,Raven Software,id Software,636,100,4.99,4.99,0,3,350000.0,736,86.41
455910,STAR WARS: Rogue Squadron 3D,"Factor 5, LucasArts","LucasArts, Lucasfilm, Disney",939,351,3.99,9.99,60,3,350000.0,1290,72.79
390710,Acceleration of SUGURI 2,Orange_Juice,Fruitbat Factory,948,261,4.49,8.99,50,0,350000.0,1209,78.41
1552350,The Jackbox Party Pack 8,"Jackbox Games, Inc.","Jackbox Games, Inc.",1219,129,29.99,29.99,0,39,350000.0,1348,90.43
436160,The Panic Room,GameXP.com,GameXP.com,314,231,0.0,0.0,0,23,350000.0,545,57.61
33910,ARMA 2,Bohemia Interactive,Bohemia Interactive,337,124,12.99,12.99,0,14,350000.0,461,73.1
255280,1954 Alcatraz,"Daedalic Entertainment, Irresponsible Games",Daedalic Entertainment,1262,464,9.99,9.99,0,3,350000.0,1726,73.12
1585180,Drova - Forsaken Kin,Just2D,"Deck13, Smilegate, Gamersky Games",6584,324,24.99,24.99,0,102,350000.0,6908,95.31
420970,RoBoRumble,Metropolis,TopWare Interactive ACE,140,85,7.99,7.99,0,83,350000.0,225,62.22
755540,LIV,LIV Inc,LIV Inc,793,125,0.0,0.0,0,23,350000.0,918,86.38
507010,Mr.President!,Game Developer X,Game Developer X,4211,860,9.99,9.99,0,5,350000.0,5071,83.04
2832560,Silent,GenemesicX,GenemesicX,12,14,2.99,2.99,0,0,350000.0,26,46.15
48950,Greed Corp,Vanguard Games,Vanguard Entertainment Group,469,76,9.99,9.99,0,1,350000.0,545,86.06
461870,Police Simulator: Patrol Duty,Bigmoon Entertainment,,2139,1954,17.99,17.99,0,0,350000.0,4093,52.26
462960,Caveman World: Mountains of Unga Boonga,GrabTheGames Studios,GrabTheGames,492,216,0.69,1.99,65,1,350000.0,708,69.49
15750,Oddworld: Stranger's Wrath HD,Oddworld Inhabitants,Oddworld Inhabitants,1448,211,9.99,9.99,0,2,350000.0,1659,87.28
626680,Kreedz Climbing,ObsessionSoft,ObsessionSoft,826,179,0.0,0.0,0,3,350000.0,1005,82.19
1557060,Wonhon: Prologue,BUSAN SANAI GAMES,SuperGG.com,71,14,0.0,0.0,0,0,350000.0,85,83.53
1178160,Blackjack Championship,BBstudio Inc.,BBstudio Inc.,1010,536,0.0,0.0,0,53,350000.0,1546,65.33
546930,Machine Hunt,Racing Bros,ANPA.US,307,301,0.99,0.99,0,0,350000.0,608,50.49
1108590,Eldest Souls,Fallen Flag Studio,"United Label, CI Games",2792,1015,19.99,19.99,0,8,350000.0,3807,73.34
434030,Aerofly FS 2 Flight Simulator,IPACS,IPACS,1580,422,49.99,49.99,0,4,350000.0,2002,78.92
445720,Battle Islands: Commanders,DR Studios,505 Games,423,453,0.0,0.0,0,10,350000.0,876,48.29
438010,PulseCharge,Endless Project Games,,93,92,0.99,0.99,0,0,350000.0,185,50.27
274620,Skara - The Blade Remains,Atomic Kraken,Atomic Kraken,366,271,0.0,0.0,0,0,350000.0,637,57.46
718560,Scythe: Digital Edition,The Knights of Unity,The Knights of Unity,3235,377,19.99,19.99,0,30,350000.0,3612,89.56
1485590,ENDLESS Dungeon - Definitive Edition,AMPLITUDE Studios,AMPLITUDE Studios,2355,1249,14.99,14.99,0,10,350000.0,3604,65.34
2539350,Myths of Rules,Sugarcane Games,Sugarcane Games,877,103,2.99,2.99,0,10,350000.0,980,89.49
18300,Spectraball,Shorebound Studios,Shorebound Studios,379,115,4.99,4.99,0,0,350000.0,494,76.72
1708010,The Expanse: A Telltale Series,Deck Nine,Telltale,1500,422,24.99,24.99,0,3,350000.0,1922,78.04
914010,Train Station Renovation,Live Motion Games,"Live Motion Games, Frozen Way, PlayWay S.A., Frozen District",2154,466,18.99,18.99,0,16,350000.0,2620,82.21
989440,Phantom Abyss,Team WIBY,Devolver Digital,1831,391,19.99,19.99,0,2,350000.0,2222,82.4
982510,Dungeon Hunter 5,Gameloft,Gameloft,206,190,0.0,0.0,0,0,350000.0,396,52.02
407560,Killing Room,Alda Games,Alda Games,990,433,14.99,14.99,0,1,350000.0,1423,69.57
1781160,Electrician Simulator - First Shock,Take IT Studio!,"Gaming Factory, Ultimate Games S.A.",1502,358,0.0,0.0,0,1,350000.0,1860,80.75
253840,Shantae: Half-Genie Hero,WayForward,WayForward,2163,229,19.99,19.99,0,0,350000.0,2392,90.43
46560,Robin Hood: The Legend of Sherwood,Spellbound,Microids,1009,544,7.99,7.99,0,8,350000.0,1553,64.97
792120,FIGHT KNIGHT,Team Sorcerobe,Team Sorcerobe,1362,110,19.99,19.99,0,1,350000.0,1472,92.53
7860,NecroVision,The Farm 51,Fulqrum Publishing,1181,554,4.99,4.99,0,0,350000.0,1735,68.07
1220150,Blue Fire,Robi Studios,Graffiti Games,2339,530,19.99,19.99,0,3,350000.0,2869,81.53
390030,DESYNC,The Foregone Syndicate,Adult Swim Games,402,98,14.99,14.99,0,0,350000.0,500,80.4
797400,Railroad Corporation,Corbie Games,Iceberg Interactive,1028,359,35.99,35.99,0,156,350000.0,1387,74.12
743390,DISTRAINT 2,Jesse Makkonen,Jesse Makkonen,4171,185,8.99,8.99,0,1,350000.0,4356,95.75
610180,The Jackbox Party Pack 4,"Jackbox Games, Inc.","Jackbox Games, Inc.",3085,163,24.99,24.99,0,45,350000.0,3248,94.98
2478970,Tomb Raider I-III Remastered Starring Lara Croft,"Aspyr, Crystal Dynamics",Aspyr,6128,721,29.99,29.99,0,252,350000.0,6849,89.47
3185510,Lucky Pikinini - Advanced Killer Cyborg,Lucky Pikinini,Lucky Pikinini,2,1,1.99,1.99,0,0,350000.0,3,66.67
969760,Omno,Studio Inkyfox,"Future Friends Games, StudioInkyfox",2288,185,5.69,18.99,70,2,350000.0,2473,92.52
2173740,DYNAMIC,Gallocus,Gallocus,3,0,1.99,1.99,0,0,350000.0,3,100.0
459090,Masquerada: Songs and Shadows,Witching Hour Studios,Ysbryd Games,478,62,19.99,19.99,0,0,350000.0,540,88.52
363150,Romance of the Three Kingdoms XIII,"KOEI TECMO GAMES CO., LTD.","KOEI TECMO GAMES CO., LTD.",4203,3132,59.99,59.99,0,501,350000.0,7335,57.3
2916430,Fast Food Simulator,No Ceiling Games,No Ceiling Games,5420,353,14.99,14.99,0,545,350000.0,5773,93.89
306660,Ultimate General: Gettysburg,Game-Labs,Game-Labs,2168,522,19.99,19.99,0,11,350000.0,2690,80.59
335430,Grimoire: Manastorm,Omniconnection,Omniconnection,692,325,0.0,0.0,0,1,350000.0,1017,68.04
1462810,WRC 10 FIA World Rally Championship,KT Racing,Nacon,1847,716,4.99,49.99,90,44,350000.0,2563,72.06
